Cluster,Community facility ID,Province,District,Locality,TypeCOM,NumQuest,Number of HH living in this community,Main source of income in this community,Other source of income,Is there a second source of income,What's the second source of income,Is there a third source of income,What's the third source of income,Does seasonality affects access to the nearest,Is this village accessible by a motor cycle in the rainy season,Is the village accessible through paved road in rainy season,Is the village accessible by motor vehicle in dry season,Is the village accessible throguh paved road in dry season,Distance from this village to the district center in Km,Does a mobile phone has a working signal in this community,Is the signal available the community or in some parts,Main source of drinking water in this community,National Grid Connection,Local Mini Grid,Diesel/Gasoline Generator,Solar Lantern,Solar Lighting System,Solar Home System,Rechargeable Battery,Dry-cell battery,Pico grid,No electricity,Other,Is the community connected to the national grid or mini-grid,Individual running the mini-grid,Name of the local mini grid company run by individual,Private firm running the mini grid,Name of the local mini grid company run by private firm,National government running the mini grid,Name of the local mini grid company run by national government,Local government running the mini grid,Name of the local mini grid company run by local government,NGO or Donor running the mini grid,Name of the local mini grid company run by NGO or donor,Community or cooperative running the mini grid,Name of the local mini grid company run by community or cooperative,Other entities running the mini grid,Name of the local mini grid company run by Other entities,How many years do this community has a connection to the mini grid,How much did the community pay to get the grid/mini grid connection,Is the grid service available to the entire community or some part,How many house hold connected to the mini grid/grid,How many businesses are connected to the mini grid/grid,Are there months the cummunity experience bad electricity from the mini grid/ gr,Does the community publish a load shedding,Change of the price over the past three years in this community,Are solar home systems/solar lighting systems/solar lanterns used/owned in the c,percentage of households use solar home systems/solar lighting systems/solar lan,Purchase from local shops within the community,Purchase from shops outside the community,Purchase/lease from private companies,Purchase/lease from NGOs,Free,Other (CO_G14_6),Are there programs that distribute improved cookstoves in this community?,Who organizes these distribution programs?,Are there programs that campaign for awareness on the health risks of cookstoves,Who organizes these awareness programs?,Does your community have any form of street lighting?,main energy source being used for street lighting in your community,extent of street lighting coverage,Who pays for the street lighting?,Who is responsible for maintaining the street lights,"In a typical night, for how many hours are the street lights on in your communit","In the last 7 days, have there been significant unscheduled outages/blackouts of",How satisfied are people in the village by the brightness of the street lighting,Electrocution,Poor installation,Poor maintenance,Outages/blackouts of street lighting,Does not stay on all night,Street lighting is on during the day when not required,No risks/problems,main problems in your community when street lighting is not working,Basic weight
2,1,Kigali City,1,Rural,Community leaders,1,260,Crop cultivation, ,Yes,Livestock,No,,No,,,Yes,Yes,15,No,,Pipe borne water treated,Yes,,,Yes,,Yes,,,,,,"Yes, national grid",, ,, ,, ,, ,, ,, ,, ,10,56000,Most of the community,Most of the households,Most of the businesses,No,Yes,Increased,Yes,5,,,Yes,,,,Yes,Government,Yes,Government,Yes,National grid connection from (COMPANY),Minor Part,Local government,Utility,12,No,Somewhat satisfied,,,,,,,Yes,"Darkness, thieves & insecurity",33.29115
3,2,Kigali City,1,Rural,Community leaders,1,97,Crop cultivation, ,No,,,,Yes,No,,Yes,No,8,Yes,Everywhere in the community,Public or private tap (WASAC and other),Yes,,,,,,,,,,,"Yes, national grid",, ,, ,, ,, ,, ,, ,, ,7,56000,Most of the community,Most of the households,All of the businesses,Yes,No,Increased,No,,,,,,,,No,,No,,No,,,,,,,,,,,,,,,,65.275125
4,3,Kigali City,1,Urban,Community leaders,1,146,Trading, ,Yes,Professional occupations,Yes,Civil service,No,,,Yes,Yes,10,Yes,Half of the community,Public or private tap (WASAC and other),Yes,,,,Yes,,,,,,,"Yes, national grid",, ,, ,, ,, ,, ,, ,, ,47,56000,Entire community,All of the households,All of the businesses,No,Yes,Increased,No,,,,,,,,No,,No,,No,,,,,,,,,,,,,,,,32.3729260273973
5,4,Kigali City,1,Urban,Community leaders,5,345,Trading, ,Yes,Professional occupations,Yes,Civil service,Yes,No,,Yes,No,10,No,,Public or private tap (WASAC and other),Yes,,,,Yes,,,,,,,"Yes, national grid",, ,, ,, ,, ,, ,, ,, ,45,56000,Most of the community,Most of the households,All of the businesses,No,No,Increased,Yes,2,,Yes,,,,,No,,No,,No,,,,,,,,,,,,,,,,10.1755732217573
6,5,Kigali City,1,Urban,Community leaders,1,261,Trading, ,Yes,Professional occupations,Yes,Civil service,No,,,Yes,No,1,Yes,Only a few parts of the community,Public or private tap (WASAC and other),Yes,,,,,,,,,,,"Yes, national grid",, ,, ,, ,, ,, ,, ,, ,25,56000,Entire community,All of the households,Most of the businesses,No,Yes,Increased,No,,,,,,,,No,,No,,No,,,,,,,,,,,,,,,,34.7765724137931
7,6,Kigali City,1,Urban,Community leaders,1,152,Trading, ,Yes,Civil service,No,,Yes,Yes,Yes,Yes,Yes,1,Yes,Everywhere in the community,Public or private tap (WASAC and other),Yes,,,,,,,,,,,"Yes, national grid",, ,, ,, ,, ,, ,, ,, ,22,56000,Entire community,All of the households,All of the businesses,No,Yes,Increased,No,,,,,,,,No,,No,,Yes,National grid connection from (COMPANY),Entirely,Local government,Local government,12,No,Very satisfied,,,,,,,Yes,"Thieves, insecurity & accidents",22.7114407894737
8,7,Kigali City,1,Urban,Community leaders,1,420,Civil service, ,Yes,Trading,Yes,Professional occupations,No,,,Yes,Yes,1,Yes,Everywhere in the community,Public or private tap (WASAC and other),Yes,,,,,,,,,,,"Yes, national grid",, ,, ,, ,, ,, ,, ,, ,3,50000,Most of the community,Most of the households,All of the businesses,No,Yes,Increased,No,,,,,,,,No,,No,,No,,,,,,,,,,,,,,,,28.8663050239234
9,8,Kigali City,1,Urban,Community leaders,1,375,Transport, ,Yes,Trading,No,,No,,,Yes,Yes,3,Yes,Only a few parts of the community,Public or private tap (WASAC and other),Yes,,,,,,,,,,,"Yes, national grid",, ,, ,, ,, ,, ,, ,, ,14,30000,Most of the community,Most of the households,Most of the businesses,No,Yes,Stayed the same,No,,,,,,,,No,,No,,Yes,National grid connection from (COMPANY),Entirely,Local government,Utility,12,No,Very satisfied,,,,,,,Yes,Thieves & vehicles road accident,19.4070469002695
10,9,Kigali City,1,Urban,Community leaders,1,220,Professional occupations, ,Yes,Transport,No,,Yes,Yes,Yes,Yes,Yes,3,No,,Public or private tap (WASAC and other),Yes,,,,,,,,,,,"Yes, national grid",, ,, ,, ,, ,, ,, ,, ,26,40000,Entire community,Most of the households,All of the businesses,No,No,Increased,No,,,,,,,,No,,No,,Yes,National grid connection from (COMPANY),Entirely,Local government,Utility,12,No,Very satisfied,,,,,,,Yes,Thieves & accidents,45.3452229357798
11,10,Kigali City,1,Urban,Community leaders,1,361,Professional occupations, ,Yes,Transport,No,,No,,,No,,4,Yes,Most parts of the community,Public or private tap (WASAC and other),Yes,,,,,,,,,,,"Yes, national grid",, ,, ,, ,, ,, ,, ,, ,22,28000,Entire community,All of the households,All of the businesses,No,Yes,Increased,No,,,,,,,,No,,No,,Yes,National grid connection from (COMPANY),Entirely,Local government,Utility,12,No,Very satisfied,,,,,,,Yes,Thieves & vehicles road accident,24.2731346260388
12,11,Kigali City,2,Rural,Community leaders,1,247,Crop cultivation, ,Yes,Trading,No,,No,,,Yes,Yes,10,Yes,Most parts of the community,Public or private tap (WASAC and other),Yes,,,,,,,,,,,"Yes, national grid",, ,, ,, ,, ,, ,, ,, ,8,11000,Most of the community,Most of the households,All of the businesses,Yes,Yes,Increased,No,,,,,,,,No,,No,,No,,,,,,,,,,,,,,,,30.805986784141
13,12,Kigali City,2,Rural,Community leaders,1,768,Trading, ,Yes,Civil service,No,,No,,,Yes,Yes,8,Yes,Most parts of the community,Public or private tap (WASAC and other),Yes,,,,,,,,,,,"Yes, national grid",, ,, ,, ,, ,, ,, ,, ,12,56000,Most of the community,Half of the households,All of the businesses,No,Yes,Stayed the same,No,,,,,,,,No,,No,,No,,,,,,,,,,,,,,,,13.4902167539267
14,13,Kigali City,2,Urban,Community leaders,2,315,Trading, ,Yes,Civil service,Yes,Services,No,,,Yes,Yes,15,Yes,Everywhere in the community,Public or private tap (WASAC and other),Yes,,,,,,,,,,,"Yes, national grid",, ,, ,, ,, ,, ,, ,, ,16,56000,Entire community,All of the households,Small part of the businesses,No,Yes,Increased,No,,,,,,,,No,,No,,No,,,,,,,,,,,,,,,,27.6634577777778
15,14,Kigali City,2,Urban,Community leaders,1,118,Trading, ,Yes,Services,No,,No,,,Yes,Yes,10,Yes,Everywhere in the community,Public or private tap (WASAC and other),Yes,,,,,Yes,,,,,,"Yes, national grid",, ,, ,, ,, ,, ,, ,, ,16,1700000,Entire community,Most of the households,Small part of the businesses,No,Yes,Stayed the same,Yes,1,,Yes,,,,,No,,No,,No,,,,,,,,,,,,,,,,20.4148122137405
16,15,Kigali City,2,Urban,Community leaders,1,793,Trading, ,Yes,Services,No,,No,,,Yes,Yes,7,Yes,Most parts of the community,Public or private tap (WASAC and other),Yes,,,,,,,,,,,"Yes, national grid",, ,, ,, ,, ,, ,, ,, ,28,0,Entire community,Most of the households,All of the businesses,No,No,Increased,No,,,,,,,,No,,No,,No,,,,,,,,,,,,,,,,7.50649791666667
17,16,Kigali City,2,Urban,Community leaders,1,4100,Trading, ,Yes,Crop cultivation,Yes,Professional occupations,Yes,No,,Yes,No,15,Yes,Everywhere in the community,Public or private tap (WASAC and other),Yes,,,,,Yes,,,,,,"Yes, national grid",, ,, ,, ,, ,, ,, ,, ,30,0,Most of the community,Most of the households,Most of the businesses,No,Yes,Increased,Yes,1,,,Yes,,,,Yes,Private sector,Yes,Government,No,,,,,,,,,,,,,,,,3.57904556634304
18,17,Kigali City,2,Rural,Community leaders,1,340,Crop cultivation, ,Yes,Services,No,,No,,,Yes,Yes,1,No,,Well/spring protected,Yes,,,,,Yes,,,,,,"Yes, national grid",, ,, ,, ,, ,, ,, ,, ,9,5000000,Half of the community,Small part of the households,All of the businesses,Yes,No,Increased,No,,,,,,,,No,,No,,No,,,,,,,,,,,,,,,,41.0282164502164
19,18,Kigali City,2,Urban,Community leaders,1,800,Professional occupations, ,Yes,Civil service,No,,No,,,Yes,No,7,No,,Public or private tap (WASAC and other),Yes,,,,,,,,,,,"Yes, national grid",, ,, ,, ,, ,, ,, ,, ,79,0,Entire community,All of the households,All of the businesses,Yes,Yes,Increased,No,,,,,,,,No,,No,,No,,,,,,,,,,,,,,,,19.94468875
20,19,Kigali City,2,Rural,Community leaders,1,216,Crop cultivation, ,Yes,Services,No,,No,,,Yes,No,1,No,,Pipe borne water untreated,Yes,,,,,,,,,,,"Yes, national grid",, ,, ,, ,, ,, ,, ,, ,6,6720000,Half of the community,Half of the households,All of the businesses,No,No,Increased,Yes,6,,,,,Yes,,No,,Yes,Government,No,,,,,,,,,,,,,,,,39.7495568493151
21,20,Kigali City,2,Urban,Community leaders,1,102,Civil service, ,Yes,Trading,Yes,Professional occupations,No,,,Yes,Yes,8,Yes,Everywhere in the community,Public or private tap (WASAC and other),Yes,,,,,,,,,,,"Yes, national grid",, ,, ,, ,, ,, ,, ,, ,30,0,Entire community,All of the households,All of the businesses,Yes,Yes,Increased,No,,,,,,,,Yes,Government,Yes,Government,Yes,National grid connection from (COMPANY),Partially,Local government,Local government,12,No,Very satisfied,,,,,,,Yes,None,92.4598432989691
22,21,Kigali City,2,Urban,Community leaders,1,450,Professional occupations, ,Yes,Civil service,No,,No,,,Yes,No,5,Yes,Everywhere in the community,Public or private tap (WASAC and other),Yes,,,,,Yes,,,,,,"Yes, national grid",, ,, ,, ,, ,, ,, ,, ,30,56000,Most of the community,Most of the households,All of the businesses,No,No,Stayed the same,Yes,1,,Yes,,,,,No,,No,,Yes,National grid connection from (COMPANY),Minor Part,Local government,Local government,12,No,Very satisfied,,,,,,,Yes,Thieves that take away your handbag,9.87333272727273
23,22,Kigali City,2,Urban,Community leaders,1,349,Professional occupations, ,Yes,Trading,No,,No,,,Yes,Yes,2,Yes,Everywhere in the community,Public or private tap (WASAC and other),Yes,,Yes,,,,,,,,,"Yes, national grid",, ,, ,, ,, ,, ,, ,, ,30,56000,Most of the community,Most of the households,All of the businesses,No,Yes,Increased,No,,,,,,,,No,,No,,Yes,National grid connection from (COMPANY),Entirely,Local government,Utility,12,No,Very satisfied,,,,,,,Yes,Thieves & insecurity,15.03859
24,23,Kigali City,2,Urban,Community leaders,1,350,Civil service, ,Yes,Trading,No,,No,,,Yes,Yes,5,Yes,Everywhere in the community,Public or private tap (WASAC and other),Yes,,,,,,,,,,,"Yes, national grid",, ,, ,, ,, ,, ,, ,, ,30,55000,Entire community,All of the households,All of the businesses,No,Yes,Stayed the same,No,,,,,,,,No,,No,,No,,,,,,,,,,,,,,,,21.1205211428571
25,24,Kigali City,2,Urban,Community leaders,1,350,Trading, ,Yes,Civil service,No,,No,,,Yes,No,8,Yes,Everywhere in the community,Public or private tap (WASAC and other),Yes,,,,,,,,,,,"Yes, national grid",, ,, ,, ,, ,, ,, ,, ,20,50000,Entire community,All of the households,Small part of the businesses,Yes,Yes,Increased,No,,,,,,,,Yes,Government,Yes,Government,No,,,,,,,,,,,,,,,,16.7416508571429
26,25,Kigali City,2,Urban,Community leaders,1,1134,Trading, ,Yes,Civil service,No,,Yes,Yes,No,Yes,No,6,Yes,Everywhere in the community,Public or private tap (WASAC and other),Yes,,,,,Yes,,,,,,"Yes, national grid",, ,, ,, ,, ,, ,, ,, ,13,56000,Entire community,Most of the households,Most of the businesses,No,Yes,Increased,No,,,,,,,,No,,No,,No,,,,,,,,,,,,,,,,15.1199458740018
27,26,Kigali City,2,Urban,Community leaders,1,3113,Trading, ,Yes,Crop cultivation,Yes,Civil service,Yes,Yes,No,Yes,No,10,Yes,Everywhere in the community,Public or private tap (WASAC and other),Yes,,,,,Yes,,,,,,"Yes, national grid",, ,, ,, ,, ,, ,, ,, ,10,56000,Most of the community,Most of the households,Small part of the businesses,No,Yes,Increased,No,,,,,,,,No,,No,,No,,,,,,,,,,,,,,,,4.12082943262411
28,27,Kigali City,2,Urban,Community leaders,4,750,Crop cultivation, ,Yes,Services,Yes,Transport,Yes,Yes,Yes,Yes,No,2,Yes,Only a few parts of the community,Public or private tap (WASAC and other),Yes,,,,,,,,,,,"Yes, national grid",, ,, ,, ,, ,, ,, ,, ,15,56000,Most of the community,Most of the households,All of the businesses,No,No,Increased,Yes,10,,Yes,,,,,Yes,Government,No,,No,,,,,,,,,,,,,,,,11.2538897515528
29,28,Kigali City,2,Urban,Community leaders,1,128,Trading, ,No,,,,No,,,Yes,Yes,15,No,,Public or private tap (WASAC and other),Yes,,,,,,,,,,,"Yes, national grid",, ,, ,, ,, ,, ,, ,, ,49,56000,Entire community,Most of the households,All of the businesses,No,No,Increased,Yes,1,,,Yes,,,,No,,No,,No,,,,,,,,,,,,,,,,65.775825
30,29,Kigali City,2,Rural,Community leaders,1,720,Services, ,Yes,Crop cultivation,No,,Yes,Yes,No,Yes,No,6,Yes,Only a few parts of the community,Pipe borne water treated,Yes,,,,,,,,,,,"Yes, national grid",, ,, ,, ,, ,, ,, ,, ,10,1225000,Most of the community,Most of the households,All of the businesses,No,No,Increased,Yes,1,,Yes,,,,,No,,No,,No,,,,,,,,,,,,,,,,27.3053669724771
31,30,Kigali City,2,Urban,Community leaders,1,886,Services, ,Yes,Trading,No,,No,,,Yes,Yes,2,Yes,Everywhere in the community,Public or private tap (WASAC and other),Yes,,,,,,,,,,,"Yes, national grid",, ,, ,, ,, ,, ,, ,, ,22,75000,Entire community,Most of the households,All of the businesses,No,Yes,Increased,No,,,,,,,,No,,No,,Yes,National grid connection from (COMPANY),Minor Part,Local government,"Other, specify",12,No,Somewhat satisfied,,,,,,,Yes,"Thieves, vehicles road accident & reduction of clients",7.984714375
32,31,Kigali City,2,Urban,Community leaders,1,655,Services, ,Yes,Trading,Yes,Civil service,No,,,Yes,No,3,No,,Public or private tap (WASAC and other),Yes,,,,,,,,,,,"Yes, national grid",, ,, ,, ,, ,, ,, ,, ,12,100000,Most of the community,Most of the households,All of the businesses,No,Yes,Stayed the same,No,,,,,,,,No,,No,,No,,,,,,,,,,,,,,,,4.23082260869565
33,32,Kigali City,2,Urban,Community leaders,1,350,Professional occupations, ,Yes,Civil service,No,,No,,,Yes,No,3,Yes,Everywhere in the community,Public or private tap (WASAC and other),Yes,,,,,,,,,,,"Yes, national grid",, ,, ,, ,, ,, ,, ,, ,30,56000,Most of the community,Most of the households,All of the businesses,No,Yes,Stayed the same,No,,,,,,,,No,,No,,No,,,,,,,,,,,,,,,,21.1555548
34,33,Kigali City,2,Rural,Community leaders,2,216,Crop cultivation, ,No,,,,Yes,No,,Yes,No,20,No,,Public or private tap (WASAC and other),Yes,,,,,,,,,,,"Yes, national grid",, ,, ,, ,, ,, ,, ,, ,7,60000,Half of the community,Half of the households,Small part of the businesses,Yes,No,Stayed the same,No,,,,,,,,No,,No,,No,,,,,,,,,,,,,,,,48.7433
35,34,Kigali City,3,Urban,Community leaders,1,158,Services, ,Yes,Crop cultivation,No,,No,,,Yes,Yes,6,Yes,Everywhere in the community,Public or private tap (WASAC and other),Yes,,,,,,,,,,,"Yes, national grid",, ,, ,, ,, ,, ,, ,, ,10,8816000,Most of the community,Most of the households,All of the businesses,Yes,No,Increased,No,,,,,,,,No,,No,,Yes,National grid connection from (COMPANY),Minor Part,Local government,Utility,12,Yes,Somewhat satisfied,Yes,,,Yes,,,,,39.1813092105263
36,35,Kigali City,3,Rural,Community leaders,2,518,Crop cultivation, ,Yes,Professional occupations,No,,No,,,Yes,No,5,Yes,Everywhere in the community,Public or private tap (WASAC and other),Yes,,,,,Yes,,,,,,"Yes, national grid",, ,, ,, ,, ,, ,, ,, ,3,56000,Most of the community,Most of the households,Most of the businesses,Yes,Yes,Increased,Yes,15,,Yes,,,,,Yes,Private sector,No,,No,,,,,,,,,,,,,,,,33.7477419354839
37,36,Kigali City,3,Urban,Community leaders,1,490,Large-scale commercial industry (non-farm), ,Yes,Services,Yes,Trading,No,,,No,,4,Yes,Everywhere in the community,Public or private tap (WASAC and other),Yes,,,,,,,,,,,"Yes, national grid",, ,, ,, ,, ,, ,, ,, ,15,24300000,Most of the community,Most of the households,All of the businesses,No,Yes,Increased,No,,,,,,,,No,,No,,No,,,,,,,,,,,,,,,,13.9474928131417
38,37,Kigali City,3,Urban,Community leaders,1,376,"Other, specify",Work for someone,Yes,Trading,Yes,Civil service,Yes,No,,Yes,Yes,1,Yes,Half of the community,Public or private tap (WASAC and other),Yes,,,Yes,,Yes,,,,,,"Yes, national grid",, ,, ,, ,, ,, ,, ,, ,12,60000,Most of the community,All of the households,All of the businesses,No,No,Increased,Yes,1,,Yes,,,,,No,,No,,Yes,National grid connection from (COMPANY),Minor Part,Local government,Utility,12,Yes,Somewhat satisfied,,,,Yes,,,,,12.3686712765957
39,38,Kigali City,3,Urban,Community leaders,7,173,Professional occupations, ,Yes,Trading,Yes,Services,Yes,Yes,Yes,Yes,Yes,5,Yes,Everywhere in the community,Public or private tap (WASAC and other),Yes,,,Yes,Yes,Yes,,,,,,"Yes, national grid",, ,, ,, ,, ,, ,, ,, ,20,56000,Entire community,All of the households,All of the businesses,No,Yes,Increased,Yes,5,Yes,,,,,,No,,No,,No,,,,,,,,,,,,,,,,28.5102728323699
40,39,Kigali City,3,Urban,Community leaders,1,197,"Other, specify",Masonry/builder,No,,,,No,,,Yes,Yes,3,Yes,Everywhere in the community,Public or private tap (WASAC and other),Yes,,,,,,,,,,,"Yes, national grid",, ,, ,, ,, ,, ,, ,, ,15,60000,Entire community,Most of the households,All of the businesses,No,No,Stayed the same,No,,,,,,,,No,,No,,Yes,National grid connection from (COMPANY),Largely,No payment necessary,Community,12,No,Very satisfied,,Yes,,,,,,,46.9627568421053
41,40,Kigali City,3,Urban,Community leaders,1,126,Trading, ,Yes,Civil service,Yes,Professional occupations,No,,,Yes,Yes,5,Yes,Everywhere in the community,Public or private tap (WASAC and other),Yes,,,,,Yes,,,,,,"Yes, national grid",, ,, ,, ,, ,, ,, ,, ,20,0,Most of the community,Most of the households,All of the businesses,No,No,Increased,Yes,10,,Yes,,Yes,,,Yes,NGO,Yes,NGO,Yes,National grid connection from (COMPANY),Minor Part,Local government,Utility,12,No,Somewhat satisfied,,Yes,,,,,,,43.053996
42,41,Kigali City,3,Urban,Community leaders,1,76,Trading, ,No,,,,No,,,No,,6,Yes,Everywhere in the community,Public or private tap (WASAC and other),Yes,,,,,,,,,,,"Yes, national grid",, ,, ,, ,, ,, ,, ,, ,28,0,Entire community,All of the households,All of the businesses,No,No,Stayed the same,No,,,,,,,,No,,No,,No,,,,,,,,,,,,,,,,23.9960368421053
43,42,Kigali City,3,Urban,Community leaders,1,262,Trading, ,Yes,Services,Yes,Civil service,No,,,Yes,Yes,4,Yes,Everywhere in the community,Public or private tap (WASAC and other),Yes,,,,,,,,,,,"Yes, national grid",, ,, ,, ,, ,, ,, ,, ,40,20000,Entire community,Most of the households,All of the businesses,No,Yes,Increased,No,,,,,,,,No,,No,,No,,,,,,,,,,,,,,,,27.0597727969349
45,43,Kigali City,3,Urban,Community leaders,1,296,Professional occupations, ,Yes,Services,Yes,Civil service,Yes,Yes,No,Yes,No,18,Yes,Most parts of the community,Public or private tap (WASAC and other),Yes,,,,,,,,,,,"Yes, national grid",, ,, ,, ,, ,, ,, ,, ,14,11000,Most of the community,Most of the households,All of the businesses,No,No,Stayed the same,No,,,,,,,,No,,No,,No,,,,,,,,,,,,,,,,17.1043262068966
46,44,Kigali City,3,Rural,Community leaders,4,282,Fishing/Hunting, ,Yes,Crop cultivation,Yes,Trading,Yes,Yes,No,Yes,No,5,Yes,Most parts of the community,Public or private tap (WASAC and other),Yes,,,Yes,,,,,,,,"Yes, national grid",, ,, ,, ,, ,, ,, ,, ,7,55000,Most of the community,Most of the households,Small part of the businesses,Yes,No,Stayed the same,Yes,15,,,,,,Yes,No,,No,,No,,,,,,,,,,,,,,,,34.238744813278
47,45,Kigali City,3,Urban,Community leaders,1,250,Civil service, ,No,,,,No,,,Yes,Yes,2,Yes,Everywhere in the community,Public or private tap (WASAC and other),Yes,,,,,,,,,,,"Yes, national grid",, ,, ,, ,, ,, ,, ,, ,20,3808000,Entire community,All of the households,All of the businesses,No,No,Increased,No,,,,,,,,Yes,Government,Yes,Government,Yes,National grid connection from (COMPANY),Largely,Local government,Utility,12,No,Very satisfied,,,,,,,Yes,Thieves in the night,88.8850588235294
48,46,Kigali City,3,Urban,Community leaders,1,860,Trading, ,Yes,Civil service,Yes,Services,No,,,Yes,Yes,1,Yes,Everywhere in the community,Public or private tap (WASAC and other),Yes,,,,,,,,,,,"Yes, national grid",, ,, ,, ,, ,, ,, ,, ,28,56000,Entire community,All of the households,Most of the businesses,No,Yes,Increased,No,,,,,,,,Yes,Government,Yes,Government,Yes,National grid connection from (COMPANY),Largely,Local government,Utility,12,No,Very satisfied,Yes,,,,,,,,24.1846151162791
49,47,Kigali City,3,Urban,Community leaders,1,214,Civil service, ,No,,,,No,,,Yes,Yes,1,Yes,Everywhere in the community,Public or private tap (WASAC and other),Yes,,,,,,,,,,,"Yes, national grid",, ,, ,, ,, ,, ,, ,, ,27,40000000,Entire community,All of the households,All of the businesses,No,No,Increased,No,,,,,,,,Yes,Government,Yes,Government,No,,,,,,,,,,,,,,,,22.5478852941176
50,48,Southern Province,1,Urban,Community leaders,1,216,Crop cultivation, ,Yes,Transport,Yes,Trading,Yes,Yes,Yes,Yes,No,8,Yes,Everywhere in the community,Well/spring unprotected,Yes,,,,,Yes,,,,,,"Yes, national grid",, ,, ,, ,, ,, ,, ,, ,10,56000,Most of the community,Most of the households,Most of the businesses,No,Yes,Increased,Yes,10,,,,Yes,,,No,,No,,No,,,,,,,,,,,,,,,,20.2034487562189
51,49,Southern Province,1,Urban,Community leaders,1,246,Civil service, ,Yes,Trading,No,,No,,,No,,3,Yes,Everywhere in the community,Public or private tap (WASAC and other),Yes,,,,,,,,,,,"Yes, national grid",, ,, ,, ,, ,, ,, ,, ,45,56000,Entire community,Most of the households,All of the businesses,No,No,Stayed the same,No,,,,,,,,Yes,Private sector,No,,No,,,,,,,,,,,,,,,,8.52196355140187
52,50,Southern Province,1,Rural,Community leaders,1,280,Crop cultivation, ,No,,,,No,,,Yes,No,33,No,,Pipe borne water untreated,Yes,,,,,Yes,,,,,,"Yes, national grid",, ,, ,, ,, ,, ,, ,, ,10,56000,Small part of the community,Small part of the households,Small part of the businesses,No,No,Stayed the same,No,,,,,,,,Yes,Private sector,No,,No,,,,,,,,,,,,,,,,90.9873333333333
53,51,Southern Province,1,Rural,Community leaders,1,141,Crop cultivation, ,Yes,Professional occupations,No,,No,,,Yes,Yes,8,Yes,Only a few parts of the community,Public or private tap (WASAC and other),Yes,,,,,,,,,,,"Yes, national grid",, ,, ,, ,, ,, ,, ,, ,30,56000,Small part of the community,Small part of the households,Small part of the businesses,No,No,Stayed the same,No,,,,,,,,Yes,Government,No,,No,,,,,,,,,,,,,,,,152.80155
54,52,Southern Province,1,Rural,Community leaders,1,88,Crop cultivation, ,Yes,Trading,No,,No,,,Yes,Yes,7,Yes,Everywhere in the community,Pipe borne water treated,Yes,,,,,Yes,,,,,,"Yes, national grid",, ,, ,, ,, ,, ,, ,, ,4,56000,Small part of the community,Small part of the households,All of the businesses,No,No,Stayed the same,No,,,,,,,,Yes,Government,No,,No,,,,,,,,,,,,,,,,45.2318409090909
55,53,Southern Province,1,Rural,Community leaders,1,95,Crop cultivation, ,No,,,,Yes,Yes,No,Yes,No,20,No,,Pipe borne water treated,Yes,,,,,,,,,,,"Yes, national grid",, ,, ,, ,, ,, ,, ,, ,2,0,Small part of the community,Small part of the households,Small part of the businesses,No,No,Stayed the same,No,,,,,,,,Yes,Private sector,No,,No,,,,,,,,,,,,,,,,207.560347826087
56,54,Southern Province,2,Rural,Community leaders,10,126,Crop cultivation, ,Yes,Services,No,,No,,,Yes,Yes,20,Yes,Most parts of the community,Pipe borne water treated,Yes,,,,,,,,,,,"Yes, national grid",, ,, ,, ,, ,, ,, ,, ,2,0,Most of the community,Most of the households,Most of the businesses,Yes,No,Increased,Yes,6,,Yes,,,,,No,,No,,No,,,,,,,,,,,,,,,,11.9489366834171
57,55,Southern Province,2,Rural,Community leaders,10,182,Crop cultivation, ,No,,,,Yes,Yes,No,Yes,Yes,30,No,,Pipe borne water treated,Yes,,,,,,,,,,,"Yes, national grid",, ,, ,, ,, ,, ,, ,, ,6,700000,Small part of the community,Small part of the households,Small part of the businesses,No,No,Increased,Yes,20,,Yes,,,,,No,,No,,No,,,,,,,,,,,,,,,,6.323716875
58,56,Southern Province,2,Rural,Community leaders,10,280,Crop cultivation, ,Yes,Services,No,,No,,,Yes,Yes,17,Yes,Only a few parts of the community,Pipe borne water treated,Yes,,,,,,,,,,,"Yes, national grid",, ,, ,, ,, ,, ,, ,, ,7,2805000,Most of the community,Most of the households,All of the businesses,Yes,No,Increased,Yes,40,,,Yes,,,,No,,No,,No,,,,,,,,,,,,,,,,94.0141550802139
59,57,Southern Province,2,Rural,Community leaders,10,118,Crop cultivation, ,Yes,Services,No,,No,,,Yes,No,20,Yes,Everywhere in the community,Public or private tap (WASAC and other),Yes,,,,,,,,,,,"Yes, national grid",, ,, ,, ,, ,, ,, ,, ,4,0,Small part of the community,Small part of the households,Small part of the businesses,No,No,Increased,Yes,10,,,,,,Yes,No,,No,,No,,,,,,,,,,,,,,,,11.4382214285714
60,58,Southern Province,2,Rural,Community leaders,10,106,Crop cultivation, ,Yes,Services,No,,No,,,Yes,No,20,Yes,Everywhere in the community,Public or private tap (WASAC and other),Yes,,,,,,,,,,,"Yes, national grid",, ,, ,, ,, ,, ,, ,, ,1,0,Most of the community,Most of the households,Half of the businesses,Yes,No,Increased,Yes,10,,Yes,,,,,No,,No,,No,,,,,,,,,,,,,,,,15.5927013157895
61,59,Southern Province,2,Rural,Community leaders,10,113,Crop cultivation, ,Yes,Services,No,,No,,,Yes,No,30,Yes,Most parts of the community,Pipe borne water untreated,Yes,,,,,,,,,,,"Yes, national grid",, ,, ,, ,, ,, ,, ,, ,6,0,Small part of the community,Half of the households,All of the businesses,Yes,No,Increased,Yes,20,,Yes,,,,,No,,No,,No,,,,,,,,,,,,,,,,10.5182256410256
62,60,Southern Province,2,Rural,Community leaders,10,131,Crop cultivation, ,Yes,Services,No,,No,,,Yes,No,30,Yes,Only a few parts of the community,Pipe borne water treated,Yes,,,,,,,,,,,"Yes, national grid",, ,, ,, ,, ,, ,, ,, ,4,0,Most of the community,Most of the households,All of the businesses,Yes,No,Increased,Yes,30,,Yes,,,,,No,,No,,No,,,,,,,,,,,,,,,,9.59673777777778
63,61,Southern Province,2,Rural,Community leaders,10,283,Crop cultivation, ,Yes,Services,No,,No,,,Yes,No,16,Yes,Most parts of the community,Pipe borne water untreated,Yes,,,,,,,,,,,"Yes, national grid",, ,, ,, ,, ,, ,, ,, ,3,320000,Small part of the community,Small part of the households,Small part of the businesses,Yes,No,Increased,Yes,6,,Yes,,,,,No,,No,,No,,,,,,,,,,,,,,,,5.68636416666667
64,62,Southern Province,2,Rural,Community leaders,10,174,Crop cultivation, ,Yes,Services,No,,No,,,Yes,No,30,No,,Public or private tap (WASAC and other),Yes,,,,,,,,,,,"Yes, national grid",, ,, ,, ,, ,, ,, ,, ,4,0,Small part of the community,Small part of the households,All of the businesses,Yes,No,Increased,Yes,11,,,,Yes,,,No,,No,,No,,,,,,,,,,,,,,,,7.20332459016393
65,63,Southern Province,2,Rural,Community leaders,10,114,Crop cultivation, ,Yes,Services,No,,No,,,No,,25,Yes,Most parts of the community,Pipe borne water untreated,Yes,,,,,,,,,,,"Yes, national grid",, ,, ,, ,, ,, ,, ,, ,4,0,Small part of the community,Small part of the households,Small part of the businesses,No,No,Increased,No,,,,,,,,No,,No,,No,,,,,,,,,,,,,,,,10.1865876923077
66,64,Southern Province,2,Rural,Community leaders,10,365,Crop cultivation, ,Yes,Livestock,Yes,Services,No,,,Yes,No,20,Yes,Only a few parts of the community,Pipe borne water treated,Yes,,,,,,,,,,,"Yes, national grid",, ,, ,, ,, ,, ,, ,, ,4,0,Most of the community,Most of the households,All of the businesses,Yes,No,Increased,Yes,2,,Yes,,,,,No,,No,,No,,,,,,,,,,,,,,,,4.40477818181818
67,65,Southern Province,2,Rural,Community leaders,10,176,Crop cultivation, ,Yes,Services,No,,No,,,Yes,No,20,Yes,Most parts of the community,Pipe borne water treated,Yes,,,,,,,,,,,"Yes, national grid",, ,, ,, ,, ,, ,, ,, ,1,52000,Small part of the community,Small part of the households,Small part of the businesses,No,No,Stayed the same,Yes,50,,Yes,,,,,Yes,Government,Yes,Government,No,,,,,,,,,,,,,,,,6.27120765957447
68,66,Southern Province,2,Rural,Community leaders,10,165,Crop cultivation, ,Yes,Services,No,,No,,,Yes,No,20,No,,Pipe borne water untreated,Yes,,,,,,,,,,,"Yes, national grid",, ,, ,, ,, ,, ,, ,, ,1,0,Most of the community,Most of the households,All of the businesses,No,No,Stayed the same,No,,,,,,,,No,,No,,No,,,,,,,,,,,,,,,,138.488
69,67,Southern Province,2,Rural,Community leaders,10,215,Crop cultivation, ,Yes,Services,No,,No,,,Yes,No,40,Yes,Most parts of the community,Pipe borne water treated,Yes,,,,,,,,,,,"Yes, national grid",, ,, ,, ,, ,, ,, ,, ,10,56000,Most of the community,Most of the households,All of the businesses,No,No,Stayed the same,No,,,,,,,,No,,No,,No,,,,,,,,,,,,,,,,6.55938214285714
70,68,Southern Province,2,Rural,Community leaders,10,222,Crop cultivation, ,Yes,Services,Yes,Professional occupations,No,,,Yes,No,7,Yes,Everywhere in the community,Public or private tap (WASAC and other),Yes,,,,,,,,,,,"Yes, national grid",, ,, ,, ,, ,, ,, ,, ,4,0,Small part of the community,Small part of the households,All of the businesses,Yes,No,Stayed the same,Yes,5,,,,,Yes,,Yes,Government,No,,No,,,,,,,,,,,,,,,,5.97752774193548
71,69,Southern Province,2,Rural,Community leaders,10,185,Crop cultivation, ,Yes,Services,Yes,Trading,No,,,Yes,No,20,Yes,Everywhere in the community,Public or private tap (WASAC and other),Yes,,,,,,,,,,,"Yes, national grid",, ,, ,, ,, ,, ,, ,, ,5,580000,Small part of the community,Small part of the households,All of the businesses,Yes,No,Increased,Yes,12,,,,,,Yes,Yes,Government,No,,Yes,National grid connection from (COMPANY),Hardly/None,Local government,Utility,12,Yes,Somewhat satisfied,,,,,,,Yes,Thieves,111.031052054795
79,70,Southern Province,3,Urban,Community leaders,1,216,Crop cultivation, ,Yes,Livestock,Yes,Trading,No,,,Yes,No,5,Yes,Most parts of the community,Public or private tap (WASAC and other),Yes,,,,,,,,,,,"Yes, national grid",, ,, ,, ,, ,, ,, ,, ,25,30000,Most of the community,Most of the households,All of the businesses,Yes,No,Stayed the same,No,,,,,,,,Yes,Government,Yes,Government,Yes,National grid connection from (COMPANY),Minor Part,Local government,Utility,12,Yes,Somewhat satisfied,,,,,,,Yes,Thieves & accidents,13.34441
80,71,Southern Province,3,Rural,Community leaders,2,1497,Crop cultivation, ,Yes,Livestock,Yes,Trading,Yes,No,,Yes,No,1,Yes,Most parts of the community,Well/spring protected,Yes,,,,Yes,,,,,,,"Yes, national grid",, ,, ,, ,, ,, ,, ,, ,6,60000,Small part of the community,Small part of the households,All of the businesses,No,No,Decreased,Yes,60,,,,,Yes,,Yes,Government,Yes,Government,No,,,,,,,,,,,,,,,,104.835668449198
81,72,Southern Province,3,Rural,Community leaders,1,186,Crop cultivation, ,No,,,,No,,,Yes,Yes,35,Yes,Everywhere in the community,Public or private tap (WASAC and other),Yes,,,,,,,,,,,"Yes, national grid",, ,, ,, ,, ,, ,, ,, ,10,0,Small part of the community,Small part of the households,All of the businesses,No,No,Stayed the same,No,,,,,,,,No,,No,,Yes,National grid connection from (COMPANY),Minor Part,Local government,Utility,12,No,Somewhat satisfied,,,,,,,Yes,Thieves & accidents,112.872822222222
82,73,Southern Province,3,Rural,Community leaders,1,368,Small-scale industry (non-farm), ,Yes,Crop cultivation,No,,Yes,No,,Yes,No,3,Yes,Most parts of the community,Pipe borne water treated,Yes,,,,,,,,,,,"Yes, national grid",, ,, ,, ,, ,, ,, ,, ,3,0,Small part of the community,Small part of the households,All of the businesses,No,No,Stayed the same,Yes,8,,,,,Yes,,Yes,Government,Yes,Government,No,,,,,,,,,,,,,,,,198.80024
83,74,Southern Province,4,Rural,Community leaders,1,76,Crop cultivation, ,No,,,,Yes,Yes,No,Yes,No,20,No,,Public or private tap (WASAC and other),,,,,,Yes,,,,,,No,, ,, ,, ,, ,, ,, ,, ,,,,,,,,,No,,,,,,,,No,,No,,No,,,,,,,,,,,,,,,,283.146722891566
84,75,Southern Province,4,Rural,Community leaders,1,268,Professional occupations, ,Yes,Civil service,Yes,Crop cultivation,No,,,Yes,Yes,5,Yes,Everywhere in the community,Public or private tap (WASAC and other),Yes,,,,,,,,,,,"Yes, national grid",, ,, ,, ,, ,, ,, ,, ,20,56000,Most of the community,Most of the households,All of the businesses,Yes,Yes,Increased,No,,,,,,,,No,,No,,Yes,National grid connection from (COMPANY),Largely,Community,Community,7,No,Very satisfied,,,,,,,Yes,Thieves,72.2506289308176
85,76,Southern Province,4,Urban,Community leaders,1,175,Civil service, ,Yes,Trading,No,,No,,,Yes,Yes,2,Yes,Everywhere in the community,Public or private tap (WASAC and other),Yes,,,,,Yes,,,,,,"Yes, national grid",, ,, ,, ,, ,, ,, ,, ,15,56000,Entire community,All of the households,All of the businesses,No,No,Stayed the same,No,,,,,,,,No,,No,,Yes,National grid connection from (COMPANY),Minor Part,No payment necessary,Utility,12,No,Somewhat unsatisfied,,,,,,,Yes,Thieves,18.0142465909091
86,77,Southern Province,4,Urban,Community leaders,1,97,Civil service, ,Yes,Trading,No,,No,,,Yes,Yes,6,Yes,Everywhere in the community,Public or private tap (WASAC and other),Yes,,,,,,,,,,,"Yes, national grid",, ,, ,, ,, ,, ,, ,, ,28,56000,Entire community,Most of the households,All of the businesses,No,No,Stayed the same,No,,,,,,,,No,,No,,No,,,,,,,,,,,,,,,,18.0087829787234
87,78,Southern Province,4,Rural,Community leaders,1,305,Crop cultivation, ,No,,,,No,,,Yes,No,20,Yes,Everywhere in the community,Pipe borne water treated,,,,,,,,,,Yes,,No,, ,, ,, ,, ,, ,, ,, ,,,,,,,,,No,,,,,,,,No,,No,,No,,,,,,,,,,,,,,,,102.260069686411
88,79,Southern Province,4,Urban,Community leaders,1,341,Professional occupations, ,No,,,,No,,,Yes,Yes,3,Yes,Everywhere in the community,Public or private tap (WASAC and other),Yes,,,,,,,,,,,"Yes, national grid",, ,, ,, ,, ,, ,, ,, ,20,56000,Entire community,Most of the households,All of the businesses,No,No,Stayed the same,No,,,,,,,,No,,No,,Yes,National grid connection from (COMPANY),Minor Part,No payment necessary,Local government,12,No,Somewhat satisfied,,,,,,,Yes,Thieves,12.1381444776119
89,80,Southern Province,4,Urban,Community leaders,1,242,Trading, ,Yes,Crop cultivation,No,,No,,,Yes,Yes,7,No,,Public or private tap (WASAC and other),Yes,,,,,,,,,,,"Yes, national grid",, ,, ,, ,, ,, ,, ,, ,20,56000,Most of the community,Most of the households,All of the businesses,No,No,Decreased,No,,,,,,,,No,,No,,Yes,National grid connection from (COMPANY),Hardly/None,Local government,Local government,12,No,Very satisfied,,,,,,,Yes,Thieves,15.4509974137931
90,81,Southern Province,5,Rural,Community leaders,1,195,Crop cultivation, ,No,,,,Yes,Yes,No,Yes,No,55,No,,Public or private tap (WASAC and other),Yes,,,,,Yes,,,,,,"Yes, national grid",, ,, ,, ,, ,, ,, ,, ,6,56000,Small part of the community,Small part of the households,Small part of the businesses,Yes,No,Stayed the same,Yes,40,,Yes,,,Yes,,No,,No,,No,,,,,,,,,,,,,,,,124.678725925926
91,82,Southern Province,5,Rural,Community leaders,1,209,Crop cultivation, ,No,,,,No,,,Yes,Yes,10,Yes,Most parts of the community,Public or private tap (WASAC and other),,,,,,Yes,,,,,,"Yes, national grid",, ,, ,, ,, ,, ,, ,, ,20,56000,Small part of the community,Small part of the households,Small part of the businesses,No,No,Stayed the same,Yes,25,Yes,,,,,,Yes,Private sector,No,,No,,,,,,,,,,,,,,,,5.83359555555556
92,83,Southern Province,5,Urban,Community leaders,1,1580,Livestock, ,Yes,Crop cultivation,No,,No,,,Yes,Yes,2,No,,Public or private tap (WASAC and other),Yes,,,,,Yes,,,,,,"Yes, national grid",, ,, ,, ,, ,, ,, ,, ,8,56000,Most of the community,Most of the households,All of the businesses,No,Yes,Stayed the same,Yes,25,Yes,,,,,,Yes,Private sector,Yes,Government,Yes,National grid connection from (COMPANY),Largely,Local government,Utility,12,No,Very satisfied,,,,,,,Yes,None,6.58144009096816
93,84,Southern Province,5,Rural,Community leaders,1,260,Crop cultivation, ,No,,,,No,,,Yes,Yes,5,No,,Public or private tap (WASAC and other),Yes,,,,,Yes,,,,,,"Yes, national grid",, ,, ,, ,, ,, ,, ,, ,10,56000,Most of the community,Most of the households,All of the businesses,No,Yes,Stayed the same,Yes,3,,,Yes,,,,Yes,Government,No,,No,,,,,,,,,,,,,,,,6.03000852631579
94,85,Southern Province,5,Rural,Community leaders,1,240,Crop cultivation, ,No,,,,Yes,No,,Yes,No,4,Yes,Most parts of the community,Public or private tap (WASAC and other),,,,,,Yes,,,,,,No,, ,, ,, ,, ,, ,, ,, ,,,,,,,,,Yes,30,,,Yes,,,,No,,No,,No,,,,,,,,,,,,,,,,5.1029127090301
95,86,Southern Province,5,Rural,Community leaders,1,128,Crop cultivation, ,No,,,,Yes,Yes,No,Yes,No,8,Yes,Everywhere in the community,Public or private tap (WASAC and other),Yes,,,,,,,,,,,"Yes, national grid",, ,, ,, ,, ,, ,, ,, ,5,0,Most of the community,Most of the households,Most of the businesses,No,No,Stayed the same,No,,,,,,,,No,,No,,No,,,,,,,,,,,,,,,,8.59660148148148
96,87,Southern Province,5,Rural,Community leaders,1,222,Crop cultivation, ,No,,,,Yes,No,,Yes,No,5,Yes,Everywhere in the community,Public or private tap (WASAC and other),Yes,,,,,,,,,,,"Yes, national grid",, ,, ,, ,, ,, ,, ,, ,7,0,Small part of the community,Small part of the households,All of the businesses,No,No,Stayed the same,No,,,,,,,,Yes,NGO,No,,No,,,,,,,,,,,,,,,,5.64209608695652
97,88,Southern Province,5,Rural,Community leaders,1,222,Crop cultivation, ,Yes,Trading,No,,No,,,Yes,Yes,7,No,,Well/spring protected,,,,,,Yes,,,,,,No,, ,, ,, ,, ,, ,, ,, ,,,,,,,,,Yes,2,,,,Yes,,,Yes,NGO,No,,No,,,,,,,,,,,,,,,,4.88795216326531
98,89,Southern Province,5,Rural,Community leaders,1,134,Crop cultivation, ,No,,,,Yes,Yes,Yes,Yes,No,15,No,,Pipe borne water untreated,Yes,,,,,,,,,,,"Yes, national grid",, ,, ,, ,, ,, ,, ,, ,3,54000,Most of the community,Most of the households,All of the businesses,No,No,Stayed the same,No,,,,,,,,No,,No,,No,,,,,,,,,,,,,,,,7.90328774193548
99,90,Southern Province,5,Rural,Community leaders,1,122,Crop cultivation, ,No,,,,Yes,No,,No,,20,Yes,Everywhere in the community,Pipe borne water treated,,,,,,Yes,,,,,,No,, ,, ,, ,, ,, ,, ,, ,,,,,,,,,Yes,30,,,,Yes,,,No,,No,,No,,,,,,,,,,,,,,,,134.667481889764
100,91,Southern Province,5,Rural,Community leaders,1,123,Crop cultivation, ,No,,,,Yes,No,,Yes,No,50,Yes,Everywhere in the community,Pipe borne water treated,Yes,,,,,Yes,,,,,,"Yes, national grid",, ,, ,, ,, ,, ,, ,, ,88,56000,Small part of the community,Small part of the households,All of the businesses,No,No,Stayed the same,Yes,50,,,,Yes,,,No,,No,,No,,,,,,,,,,,,,,,,179.081928947368
101,92,Southern Province,5,Rural,Community leaders,1,117,Crop cultivation, ,No,,,,Yes,Yes,No,Yes,No,20,No,,Pipe borne water untreated,,,,,,Yes,,,,,,No,, ,, ,, ,, ,, ,, ,, ,,,,,,,,,Yes,5,,,,,Yes,,No,,No,,No,,,,,,,,,,,,,,,,11.0025058064516
102,93,Southern Province,5,Urban,Community leaders,1,216,Crop cultivation, ,Yes,Trading,No,,No,,,Yes,Yes,8,Yes,Everywhere in the community,Public or private tap (WASAC and other),Yes,,,,,,,,,,,"Yes, national grid",, ,, ,, ,, ,, ,, ,, ,20,56000,Most of the community,Most of the households,All of the businesses,No,No,Stayed the same,No,,,,,,,,No,,No,,No,,,,,,,,,,,,,,,,6.93965068493151
103,94,Southern Province,5,Rural,Community leaders,1,196,Crop cultivation, ,No,,,,Yes,Yes,No,Yes,No,20,Yes,Everywhere in the community,Pipe borne water untreated,Yes,,,,,Yes,,,,,,"Yes, national grid",, ,, ,, ,, ,, ,, ,, ,3,0,Most of the community,Most of the households,All of the businesses,No,No,Decreased,Yes,20,,,,Yes,,,No,,No,,No,,,,,,,,,,,,,,,,7.06769470588235
104,95,Southern Province,5,Rural,Community leaders,1,129,Crop cultivation, ,No,,,,No,,,Yes,Yes,15,Yes,Everywhere in the community,Pipe borne water treated,Yes,,,,,,,,,,,"Yes, national grid",, ,, ,, ,, ,, ,, ,, ,3,56000,Small part of the community,Small part of the households,All of the businesses,No,No,Stayed the same,Yes,10,,,Yes,,,,No,,No,,Yes,National grid connection from (COMPANY),Largely,Local government,Utility,12,No,Very satisfied,,,,,,,Yes,None,11.688666
105,96,Southern Province,5,Rural,Community leaders,1,148,Crop cultivation, ,No,,,,No,,,Yes,No,17,Yes,Most parts of the community,Pipe borne water treated,,,,,,,,,,Yes,,No,, ,, ,, ,, ,, ,, ,, ,,,,,,,,,No,,,,,,,,Yes,NGO,Yes,Government,No,,,,,,,,,,,,,,,,7.49371745454545
114,97,Southern Province,6,Rural,Community leaders,1,190,Crop cultivation, ,Yes,Livestock,No,,Yes,No,,Yes,No,20,No,,Well/spring protected,Yes,,,,,Yes,,,,,,"Yes, national grid",, ,, ,, ,, ,, ,, ,, ,1,0,Small part of the community,Small part of the households,Small part of the businesses,No,No,Increased,Yes,50,,,Yes,Yes,,,Yes,Government,Yes,Government,No,,,,,,,,,,,,,,,,109.48854
115,98,Southern Province,6,Urban,Community leaders,1,357,Trading, ,Yes,Crop cultivation,Yes,Livestock,No,,,Yes,No,24,Yes,Most parts of the community,Public or private tap (WASAC and other),Yes,,,,,,,,,,,"Yes, national grid",, ,, ,, ,, ,, ,, ,, ,12,56000,Entire community,Most of the households,Most of the businesses,No,No,Increased,No,,,,,,,,No,,No,,Yes,National grid connection from (COMPANY),Largely,Local government,Utility,12,No,Somewhat satisfied,,,,,,,Yes,Thieves,6.9631550877193
116,99,Southern Province,6,Rural,Community leaders,1,138,Crop cultivation, ,Yes,Livestock,No,,Yes,Yes,No,Yes,No,32,No,,Bore hole/ hand pump,Yes,,,,,Yes,,,,,,"Yes, national grid",, ,, ,, ,, ,, ,, ,, ,3,0,Most of the community,Most of the households,Most of the businesses,Yes,No,Increased,No,,,,,,,,Yes,Government,No,,No,,,,,,,,,,,,,,,,138.22532038835
117,100,Southern Province,6,Rural,Community leaders,1,210,Crop cultivation, ,Yes,Livestock,Yes,Trading,Yes,Yes,No,Yes,No,20,Yes,Everywhere in the community,River/spring,Yes,,,,,Yes,,,,,,"Yes, national grid",, ,, ,, ,, ,, ,, ,, ,6,0,Most of the community,Most of the households,Small part of the businesses,Yes,No,Increased,Yes,5,,Yes,,,Yes,,No,,No,,No,,,,,,,,,,,,,,,,121.078246153846
118,101,Southern Province,6,Rural,Community leaders,2,126,Crop cultivation, ,No,,,,Yes,No,,Yes,No,8,Yes,Only a few parts of the community,Bore hole/ hand pump,,,,,,,,,,Yes,,No,, ,, ,, ,, ,, ,, ,, ,,,,,,,,,No,,,,,,,,Yes,International Donor,No,,No,,,,,,,,,,,,,,,,164.318615384615
119,102,Southern Province,6,Urban,Community leaders,1,203,Transport, ,Yes,Professional occupations,No,,No,,,No,,2,Yes,Everywhere in the community,Public or private tap (WASAC and other),Yes,,,,,Yes,,,,,,"Yes, national grid",, ,, ,, ,, ,, ,, ,, ,8,80000,Most of the community,Most of the households,Most of the businesses,No,No,Increased,Yes,1,,Yes,,,,,Yes,International Donor,No,,No,,,,,,,,,,,,,,,,26.6755114503817
120,103,Southern Province,7,Urban,Community leaders,1,500,Professional occupations, ,Yes,Crop cultivation,Yes,Trading,No,,,No,,3,Yes,Most parts of the community,Public or private tap (WASAC and other),Yes,,,,,,,,,,,"Yes, national grid",, ,, ,, ,, ,, ,, ,, ,5,50000,Entire community,Most of the households,All of the businesses,Yes,No,Stayed the same,Yes,10,,Yes,,,Yes,,No,,No,,No,,,,,,,,,,,,,,,,10.14123
121,104,Southern Province,7,Rural,Community leaders,1,203,Crop cultivation, ,No,,,,Yes,No,,Yes,No,18,Yes,Half of the community,Pipe borne water treated,,,,,,Yes,,,,,,No,, ,, ,, ,, ,, ,, ,, ,,,,,,,,,Yes,40,,,,Yes,Yes,,Yes,NGO,No,,No,,,,,,,,,,,,,,,,90.2549166666667
122,105,Southern Province,7,Rural,Community leaders,1,509,Crop cultivation, ,Yes,Livestock,Yes,Trading,No,,,Yes,Yes,21,Yes,Only a few parts of the community,Well/spring protected,Yes,,,,,,,,,,,"Yes, national grid",, ,, ,, ,, ,, ,, ,, ,28,100000,Small part of the community,Small part of the households,Most of the businesses,Yes,No,Stayed the same,Yes,20,,,Yes,,,,Yes,International Donor,No,,No,,,,,,,,,,,,,,,,53.5930577507599
123,106,Southern Province,7,Urban,Community leaders,1,385,Civil service, ,Yes,Professional occupations,Yes,Trading,Yes,Yes,No,Yes,No,3,Yes,Most parts of the community,Public or private tap (WASAC and other),Yes,,,,,,,,,,,"Yes, national grid",, ,, ,, ,, ,, ,, ,, ,40,20000,Entire community,Most of the households,Most of the businesses,Yes,No,Increased,No,,,,,,,,No,,No,,No,,,,,,,,,,,,,,,,6.04231948051948
124,107,Southern Province,7,Urban,Community leaders,1,526,Professional occupations, ,Yes,Crop cultivation,Yes,Trading,No,,,Yes,Yes,1,Yes,Everywhere in the community,Public or private tap (WASAC and other),Yes,,,,,,,,,,,"Yes, national grid",, ,, ,, ,, ,, ,, ,, ,20,50000,Entire community,Most of the households,Most of the businesses,No,No,Stayed the same,No,,,,,,,,No,,No,,No,,,,,,,,,,,,,,,,7.471653
125,108,Southern Province,7,Rural,Community leaders,1,203,Transport, ,No,,,,Yes,Yes,No,Yes,No,30,No,,Pipe borne water treated,,,,,Yes,,,,,,,No,, ,, ,, ,, ,, ,, ,, ,,,,,,,,,Yes,5,,Yes,,Yes,,,Yes,International Donor,Yes,Government,No,,,,,,,,,,,,,,,,100.539116883117
126,109,Southern Province,7,Urban,Community leaders,1,298,Trading, ,Yes,Professional occupations,Yes,Civil service,No,,,Yes,Yes,1,Yes,Everywhere in the community,Public or private tap (WASAC and other),Yes,,,,,,,,,,,"Yes, national grid",, ,, ,, ,, ,, ,, ,, ,45,70000,Entire community,Most of the households,Most of the businesses,No,No,Increased,No,,,,,,,,No,,No,,Yes,National grid connection from (COMPANY),Largely,Local government,Utility,10,No,Somewhat satisfied,,,,,,,Yes,Thieves & accidents,16.0080777777778
127,110,Southern Province,8,Rural,Community leaders,1,420,Crop cultivation, ,Yes,Trading,No,,No,,,Yes,No,1,No,,Public or private tap (WASAC and other),Yes,,,Yes,Yes,,,,,,,"Yes, national grid",, ,, ,, ,, ,, ,, ,, ,12,56000,Small part of the community,Small part of the households,Small part of the businesses,Yes,Yes,Stayed the same,No,,,,,,,,No,,Yes,Government,No,,,,,,,,,,,,,,,,60.01412
128,111,Southern Province,8,Urban,Community leaders,1,1147,Crop cultivation, ,Yes,Trading,No,,Yes,Yes,No,Yes,No,2,Yes,Only a few parts of the community,Public or private tap (WASAC and other),Yes,,Yes,,,Yes,Yes,,,,,"Yes, national grid",, ,, ,, ,, ,, ,, ,, ,16,56000,Small part of the community,Small part of the households,Most of the businesses,No,No,Increased,No,,,,,,,,Yes,Government,No,,No,,,,,,,,,,,,,,,,4.83481479713604
129,112,Southern Province,8,Rural,Community leaders,2,270,Crop cultivation, ,Yes,Livestock,Yes,Trading,Yes,No,,Yes,No,43,Yes,Most parts of the community,Pipe borne water untreated,,,,,,,,,,Yes,,No,, ,, ,, ,, ,, ,, ,, ,,,,,,,,,Yes,5,,Yes,,,,,No,,Yes,Government,No,,,,,,,,,,,,,,,,72.9900818181818
130,113,Southern Province,8,Urban,Community leaders,1,363,Crop cultivation, ,Yes,Livestock,No,,Yes,Yes,No,No,,2,Yes,Most parts of the community,Public or private tap (WASAC and other),,,,Yes,Yes,Yes,,,,,,No,, ,, ,, ,, ,, ,, ,, ,,,,,,,,,No,,,,,,,,No,,No,,No,,,,,,,,,,,,,,,,9.81552
131,114,Southern Province,8,Rural,Community leaders,1,218,Crop cultivation, ,No,,,,Yes,No,,Yes,No,70,No,,Pipe borne water untreated,,,,,,Yes,,,,,,No,, ,, ,, ,, ,, ,, ,, ,,,,,,,,,Yes,30,,Yes,,,,,No,,No,,No,,,,,,,,,,,,,,,,82.8797946428571
132,115,Southern Province,8,Rural,Community leaders,1,245,Crop cultivation, ,No,,,,No,,,Yes,No,15,No,,Public or private tap (WASAC and other),,,,,,Yes,,,,,,No,, ,, ,, ,, ,, ,, ,, ,,,,,,,,,Yes,20,,Yes,,,,,No,,No,,No,,,,,,,,,,,,,,,,95.6783076923077
133,116,Southern Province,8,Urban,Community leaders,1,341,Trading, ,Yes,Transport,No,,No,,,Yes,No,11,Yes,Most parts of the community,Public or private tap (WASAC and other),Yes,,,,,Yes,,,,,,"Yes, national grid",, ,, ,, ,, ,, ,, ,, ,15,100000,Small part of the community,Small part of the households,All of the businesses,Yes,Yes,Stayed the same,Yes,40,,Yes,,,,,No,,No,,No,,,,,,,,,,,,,,,,9.9624364640884
134,117,Southern Province,8,Urban,Community leaders,1,936,Trading, ,Yes,Civil service,No,,No,,,Yes,Yes,7,Yes,Most parts of the community,Public or private tap (WASAC and other),Yes,,,,,,,,,,,"Yes, national grid",, ,, ,, ,, ,, ,, ,, ,25,76000,Most of the community,Most of the households,All of the businesses,Yes,No,Increased,Yes,5,,Yes,,,,,No,,No,,Yes,National grid connection from (COMPANY),Partially,Local government,Utility,12,Yes,Somewhat satisfied,,,,,,,Yes,Thieves,5.43553831877729
135,118,Western Province,1,Rural,Community leaders,1,97,Livestock, ,Yes,Fishing/Hunting,Yes,"Other, specify",No,,,Yes,Yes,8,Yes,Everywhere in the community,Well/spring unprotected,Yes,,,Yes,,Yes,,,,,,"Yes, national grid",, ,, ,, ,, ,, ,, ,, ,1,10000,Small part of the community,Small part of the households,All of the businesses,No,No,Stayed the same,Yes,17,,Yes,,,Yes,,No,,No,,No,,,,,,,,,,,,,,,,9.30926727272727
136,119,Western Province,1,Rural,Community leaders,1,105,Crop cultivation, ,Yes,"Other, specify",No,,Yes,No,,No,,36,Yes,Everywhere in the community,Well/spring unprotected,,,,Yes,,Yes,,,,,,No,, ,, ,, ,, ,, ,, ,, ,,,,,,,,,Yes,5,,Yes,,,,,No,,No,,No,,,,,,,,,,,,,,,,8.84043631578947
137,120,Western Province,1,Urban,Community leaders,1,139,Trading, ,Yes,Professional occupations,Yes,Civil service,Yes,Yes,No,Yes,No,16,Yes,Most parts of the community,Public or private tap (WASAC and other),Yes,,,,,,,,,,,"Yes, national grid",, ,, ,, ,, ,, ,, ,, ,14,0,Small part of the community,Most of the households,All of the businesses,Yes,Yes,Increased,No,,,,,,,,No,,No,,No,,,,,,,,,,,,,,,,23.9924330935252
138,121,Western Province,1,Rural,Community leaders,1,177,Crop cultivation, ,Yes,Professional occupations,Yes,Livestock,Yes,No,,Yes,No,45,Yes,Only a few parts of the community,Well/spring unprotected,Yes,,,,,,,,,,,"Yes, national grid",, ,, ,, ,, ,, ,, ,, ,13,0,Small part of the community,Small part of the households,Small part of the businesses,No,No,Increased,No,,,,,,,,No,,No,,No,,,,,,,,,,,,,,,,6.05804417910448
139,122,Western Province,1,Rural,Community leaders,1,152,Crop cultivation, ,Yes,Livestock,Yes,Professional occupations,No,,,Yes,No,25,Yes,Only a few parts of the community,River/spring,Yes,,,,,,,,,,,"Yes, national grid",, ,, ,, ,, ,, ,, ,, ,14,0,Most of the community,Most of the households,Half of the businesses,Yes,No,Stayed the same,No,,,,,,,,No,,No,,No,,,,,,,,,,,,,,,,8.73729090909091
140,123,Western Province,1,Rural,Community leaders,1,109,Crop cultivation, ,Yes,Livestock,Yes,Professional occupations,Yes,No,,Yes,No,15,Yes,Most parts of the community,Well/spring unprotected,Yes,,,,,,,,,,,No,, ,, ,, ,, ,, ,, ,, ,,,,,,,,,Yes,70,,,Yes,,,,No,,Yes,Government,No,,,,,,,,,,,,,,,,8.86556956521739
141,124,Western Province,1,Rural,Community leaders,1,203,Crop cultivation, ,Yes,Professional occupations,Yes,Trading,Yes,No,,Yes,No,18,Yes,Most parts of the community,Well/spring protected,Yes,,,,,,,,,,,"Yes, national grid",, ,, ,, ,, ,, ,, ,, ,1,0,Small part of the community,Small part of the households,Small part of the businesses,Yes,No,Increased,No,,,,,,,,No,,No,,No,,,,,,,,,,,,,,,,7.22822444444444
142,125,Western Province,1,Rural,Community leaders,1,162,Crop cultivation, ,Yes,Livestock,Yes,Professional occupations,Yes,No,,Yes,No,41,Yes,Only a few parts of the community,Public or private tap (WASAC and other),,,,,,,,,,Yes,,No,, ,, ,, ,, ,, ,, ,, ,,,,,,,,,No,,,,,,,,No,,Yes,Government,No,,,,,,,,,,,,,,,,7.96816413461539
143,126,Western Province,1,Rural,Community leaders,1,191,Crop cultivation, ,Yes,Livestock,Yes,Professional occupations,No,,,Yes,No,41,Yes,Only a few parts of the community,Well/spring protected,Yes,,,Yes,Yes,Yes,,,,,,No,, ,, ,, ,, ,, ,, ,, ,,,,,,,,,Yes,1,,,Yes,,,,No,,No,,No,,,,,,,,,,,,,,,,129.616023809524
144,127,Western Province,1,Rural,Community leaders,1,216,Crop cultivation, ,Yes,Professional occupations,Yes,Trading,Yes,No,,Yes,No,62,Yes,Most parts of the community,Well/spring unprotected,Yes,,,,,,,,,,,"Yes, national grid",, ,, ,, ,, ,, ,, ,, ,15,0,Small part of the community,Small part of the households,All of the businesses,Yes,No,Increased,No,,,,,,,,No,,No,,No,,,,,,,,,,,,,,,,6.52797094736842
145,128,Western Province,1,Rural,Community leaders,1,165,Crop cultivation, ,Yes,Livestock,Yes,Trading,No,,,Yes,No,12,Yes,Most parts of the community,Well/spring protected,Yes,,,,,,,,,,,"Yes, national grid",, ,, ,, ,, ,, ,, ,, ,1,0,Small part of the community,Small part of the households,Small part of the businesses,No,No,Stayed the same,No,,,,,,,,No,,No,,No,,,,,,,,,,,,,,,,143.114677419355
146,129,Western Province,1,Urban,Community leaders,1,165,Crop cultivation, ,Yes,Trading,Yes,Livestock,Yes,No,,No,,1,Yes,Everywhere in the community,Well/spring unprotected,Yes,,,,,,,,,,,"Yes, national grid",, ,, ,, ,, ,, ,, ,, ,23,0,Entire community,Half of the households,All of the businesses,Yes,No,Stayed the same,No,,,,,,,,No,,No,,No,,,,,,,,,,,,,,,,19.6108301886792
147,130,Western Province,1,Rural,Community leaders,1,85,Professional occupations, ,Yes,Crop cultivation,Yes,Trading,Yes,No,,No,,35,Yes,Only a few parts of the community,Well/spring unprotected,Yes,,,,,,,,,,,"Yes, national grid",, ,, ,, ,, ,, ,, ,, ,1,0,Small part of the community,Small part of the households,Small part of the businesses,Yes,No,Increased,No,,,,,,,,No,,No,,No,,,,,,,,,,,,,,,,12.8257836585366
148,131,Western Province,1,Rural,Community leaders,1,105,Crop cultivation, ,Yes,Livestock,Yes,Trading,No,,,Yes,Yes,20,Yes,Everywhere in the community,Pipe borne water untreated,Yes,,,,,,,,,,,"Yes, national grid",, ,, ,, ,, ,, ,, ,, ,5,50000,Small part of the community,Small part of the households,Small part of the businesses,No,No,Decreased,No,,,,,,,,No,,No,,No,,,,,,,,,,,,,,,,5.20940357142857
149,132,Western Province,1,Rural,Community leaders,5,293,Crop cultivation, ,Yes,Livestock,No,,Yes,Yes,No,Yes,No,10,Yes,Everywhere in the community,Pipe borne water treated,Yes,,,,,Yes,,,,,,"Yes, national grid",, ,, ,, ,, ,, ,, ,, ,18,42000,Small part of the community,Small part of the households,Small part of the businesses,No,No,Stayed the same,Yes,22,,Yes,,,,,Yes,Government,Yes,Government,No,,,,,,,,,,,,,,,,7.28915877551021
150,133,Western Province,1,Rural,Community leaders,1,256,Crop cultivation, ,Yes,Livestock,Yes,"Other, specify",Yes,No,,Yes,No,80,Yes,Only a few parts of the community,Public or private tap (WASAC and other),Yes,,,,,Yes,,,,,,"Yes, national grid",, ,, ,, ,, ,, ,, ,, ,3,70000,Small part of the community,Small part of the households,Small part of the businesses,No,No,Decreased,Yes,50,,Yes,,,,,No,,No,,No,,,,,,,,,,,,,,,,84.5583622641509
159,134,Western Province,2,Rural,Community leaders,1,155,Crop cultivation, ,Yes,Livestock,No,,No,,,No,,50,Yes,Everywhere in the community,Public or private tap (WASAC and other),Yes,,Yes,Yes,,Yes,,,,,,"Yes, national grid",, ,, ,, ,, ,, ,, ,, ,10,56000,Half of the community,Half of the households,Most of the businesses,Yes,No,Increased,Yes,3,,Yes,,,,,Yes,Government,No,,No,,,,,,,,,,,,,,,,112.320421052632
160,135,Western Province,2,Rural,Community leaders,1,180,Crop cultivation, ,Yes,Livestock,Yes,Trading,No,,,Yes,No,12,Yes,Most parts of the community,Public or private tap (WASAC and other),Yes,,,,,Yes,,,,,,"Yes, national grid",, ,, ,, ,, ,, ,, ,, ,5,50000,Half of the community,Half of the households,Most of the businesses,No,No,Stayed the same,Yes,3,,Yes,,,,,No,,No,,No,,,,,,,,,,,,,,,,147.572481927711
161,136,Western Province,2,Rural,Community leaders,4,146,Crop cultivation, ,Yes,Livestock,Yes,Services,Yes,No,,No,,56,Yes,Everywhere in the community,Pipe borne water treated,Yes,,,,,Yes,,,,,,"Yes, national grid",, ,, ,, ,, ,, ,, ,, ,2,56000,Small part of the community,Small part of the households,Small part of the businesses,No,No,Stayed the same,Yes,4,,,,Yes,,,Yes,Government,Yes,Government,No,,,,,,,,,,,,,,,,165.54155
162,137,Western Province,3,Rural,Community leaders,6,135,Crop cultivation, ,Yes,Livestock,Yes,"Other, specify",No,,,Yes,No,15,Yes,Most parts of the community,Rain-water,Yes,,,,,Yes,,,,,,"Yes, national grid",, ,, ,, ,, ,, ,, ,, ,3,60000,Small part of the community,Small part of the households,Small part of the businesses,No,No,Decreased,Yes,7,,,,Yes,,,Yes,Private sector,Yes,Government,No,,,,,,,,,,,,,,,,184.221032258065
163,138,Western Province,3,Urban,Community leaders,1,320,Professional occupations, ,Yes,Livestock,Yes,Civil service,No,,,Yes,Yes,2,Yes,Everywhere in the community,Public or private tap (WASAC and other),Yes,,,,Yes,Yes,,,,,,"Yes, national grid",, ,, ,, ,, ,, ,, ,, ,20,55000,Entire community,All of the households,All of the businesses,No,No,Stayed the same,Yes,10,,Yes,,,,,Yes,Government,Yes,Government,Yes,National grid connection from (COMPANY),Largely,Local government,Company that installed the street lights,12,No,Somewhat unsatisfied,,,,,,,Yes,It is not in every street,17.2384463414634
164,139,Western Province,3,Urban,Community leaders,1,128,Transport, ,Yes,Trading,No,,No,,,Yes,Yes,2,Yes,Everywhere in the community,Public or private tap (WASAC and other),Yes,,,,,,,,,,,"Yes, national grid",, ,, ,, ,, ,, ,, ,, ,23,0,Entire community,Most of the households,All of the businesses,No,Yes,Increased,No,,,,,,,,No,,No,,No,,,,,,,,,,,,,,,,27.1421528455285
165,140,Western Province,3,Urban,Community leaders,1,127,Trading, ,Yes,Civil service,No,,No,,,Yes,Yes,3,Yes,Everywhere in the community,Public or private tap (WASAC and other),Yes,,,,,,,,,,,"Yes, national grid",, ,, ,, ,, ,, ,, ,, ,18,0,Entire community,All of the households,Small part of the businesses,No,Yes,Increased,No,,,,,,,,No,,No,,Yes,National grid connection from (COMPANY),Partially,Local government,Local government,12,No,Very satisfied,,,,,,,Yes,Thieves & vehicles road accident,30.559265408805
166,141,Western Province,3,Urban,Community leaders,1,421,Trading, ,Yes,Services,No,,No,,,Yes,Yes,5,Yes,Everywhere in the community,Public or private tap (WASAC and other),Yes,,,,,,,,,,,"Yes, national grid",, ,, ,, ,, ,, ,, ,, ,19,3000000,Most of the community,Most of the households,Small part of the businesses,No,No,Stayed the same,No,,,,,,,,No,,No,,No,,,,,,,,,,,,,,,,12.4060407960199
167,142,Western Province,3,Rural,Community leaders,1,164,Crop cultivation, ,Yes,Livestock,No,,Yes,No,,No,,20,Yes,Half of the community,Well/spring unprotected,Yes,,,,,Yes,,,,,,No,, ,, ,, ,, ,, ,, ,, ,,,,,,,,,No,,,,,,,,No,,No,,No,,,,,,,,,,,,,,,,121.961137254902
168,143,Western Province,3,Urban,Community leaders,1,1018,Crop cultivation, ,Yes,Civil service,Yes,Trading,No,,,Yes,Yes,12,Yes,Only a few parts of the community,Public or private tap (WASAC and other),Yes,,,,,,,,,,,"Yes, national grid",, ,, ,, ,, ,, ,, ,, ,4,0,Half of the community,Small part of the households,Half of the businesses,No,No,Stayed the same,No,,,,,,,,No,,No,,Yes,National grid connection from (COMPANY),Hardly/None,Local government,Local government,12,No,Somewhat satisfied,,,,,,,Yes,Thieves & accidents,7.21586578366446
169,144,Western Province,3,Urban,Community leaders,1,182,Trading, ,Yes,Crop cultivation,No,,Yes,No,,No,,11,Yes,Everywhere in the community,Public or private tap (WASAC and other),Yes,,,,,,,,,,,"Yes, national grid",, ,, ,, ,, ,, ,, ,, ,10,1500000,Most of the community,Most of the households,Small part of the businesses,No,No,Stayed the same,No,,,,,,,,No,,No,,No,,,,,,,,,,,,,,,,22.0445028571429
170,145,Western Province,3,Rural,Community leaders,1,165,Crop cultivation, ,Yes,Services,No,,Yes,No,,Yes,No,20,No,,Well/spring protected,Yes,,,,,,,,,,,"Yes, national grid",, ,, ,, ,, ,, ,, ,, ,2,0,Most of the community,Most of the households,Small part of the businesses,No,No,Stayed the same,No,,,,,,,,No,,No,,No,,,,,,,,,,,,,,,,137.508
171,146,Western Province,3,Urban,Community leaders,1,400,Trading, ,Yes,Crop cultivation,Yes,Livestock,No,,,Yes,Yes,7,Yes,Everywhere in the community,Public or private tap (WASAC and other),Yes,,,,,,,,,,,"Yes, national grid",, ,, ,, ,, ,, ,, ,, ,30,4000000,Most of the community,Most of the households,Small part of the businesses,Yes,Yes,Increased,No,,,,,,,,No,,No,,Yes,National grid connection from (COMPANY),Hardly/None,Local government,Nobody,12,No,Somewhat unsatisfied,,,,,,,Yes,Thieves,16.8267534626039
172,147,Western Province,3,Urban,Community leaders,1,816,Trading, ,Yes,Services,No,,No,,,Yes,Yes,3,Yes,Everywhere in the community,Public or private tap (WASAC and other),Yes,,,,,,,,,,,"Yes, national grid",, ,, ,, ,, ,, ,, ,, ,20,2000000,Most of the community,Most of the households,All of the businesses,No,No,Stayed the same,No,,,,,,,,Yes,Government,No,,Yes,National grid connection from (COMPANY),Minor Part,Local government,Local government,12,No,Very satisfied,,,,,,,Yes,,8.8548862745098
173,148,Western Province,3,Urban,Community leaders,1,800,Trading, ,Yes,Services,No,,No,,,Yes,Yes,3,Yes,Everywhere in the community,Public or private tap (WASAC and other),Yes,,,,,,,,,,,"Yes, national grid",, ,, ,, ,, ,, ,, ,, ,12,600000,Most of the community,Most of the households,All of the businesses,No,No,Stayed the same,No,,,,,,,,No,,No,,No,,,,,,,,,,,,,,,,7.74793
174,149,Western Province,3,Urban,Community leaders,1,43,Professional occupations, ,No,,,,No,,,Yes,Yes,12,Yes,Everywhere in the community,Public or private tap (WASAC and other),Yes,,,,,,,,,,,"Yes, national grid",, ,, ,, ,, ,, ,, ,, ,7,0,Most of the community,Most of the households,All of the businesses,No,Yes,Stayed the same,No,,,,,,,,No,,No,,No,,,,,,,,,,,,,,,,11.7204483568075
175,150,Western Province,3,Urban,Community leaders,8,547,Crop cultivation, ,Yes,Services,Yes,Livestock,No,,,Yes,No,10,Yes,Most parts of the community,Public or private tap (WASAC and other),Yes,,,,,Yes,,,,,,"Yes, national grid",, ,, ,, ,, ,, ,, ,, ,22,55000,Most of the community,Most of the households,All of the businesses,No,No,Increased,Yes,5,,Yes,,,,,No,,No,,No,,,,,,,,,,,,,,,,13.050107253886
176,151,Western Province,4,Urban,Community leaders,1,149,Crop cultivation, ,Yes,Livestock,No,,No,,,Yes,Yes,15,Yes,Everywhere in the community,Public or private tap (WASAC and other),Yes,,,,,,,,,,,"Yes, national grid",, ,, ,, ,, ,, ,, ,, ,11,0,Entire community,Most of the households,Small part of the businesses,No,Yes,Stayed the same,No,,,,,,,,No,,No,,Yes,National grid connection from (COMPANY),Partially,Local government,Local government,12,No,Very satisfied,,,,,,,Yes,None,25.1660547945205
177,152,Western Province,4,Rural,Community leaders,1,151,Crop cultivation, ,Yes,Livestock,No,,Yes,No,,No,,10,Yes,Half of the community,Rain-water,Yes,,,,,,,,,,,"Yes, national grid",, ,, ,, ,, ,, ,, ,, ,6,1800000,Small part of the community,Small part of the households,Small part of the businesses,No,No,Stayed the same,No,,,,,,,,Yes,Government,Yes,Government,No,,,,,,,,,,,,,,,,113.6677875
178,153,Western Province,4,Urban,Community leaders,1,200,Crop cultivation, ,No,,,,Yes,No,,No,,2,Yes,Everywhere in the community,Pipe borne water untreated,Yes,,,,,,,,,,,"Yes, national grid",, ,, ,, ,, ,, ,, ,, ,2,4500000,Small part of the community,Small part of the households,Small part of the businesses,Yes,No,Stayed the same,Yes,7,,,,,,Yes,No,,No,,No,,,,,,,,,,,,,,,,19.7935021276596
179,154,Western Province,4,Rural,Community leaders,1,245,Crop cultivation, ,No,,,,Yes,No,,No,,5,Yes,Only a few parts of the community,Well/spring unprotected,Yes,,,,,Yes,,,,,,"Yes, national grid",, ,, ,, ,, ,, ,, ,, ,10,0,Small part of the community,Small part of the households,Small part of the businesses,No,No,Stayed the same,Yes,2,,,Yes,,,,Yes,Government,Yes,Government,No,,,,,,,,,,,,,,,,91.1654625
180,155,Western Province,4,Urban,Community leaders,1,152,Crop cultivation, ,No,,,,No,,,Yes,Yes,1,Yes,Everywhere in the community,Public or private tap (WASAC and other),Yes,,,,,,,,,,,"Yes, national grid",, ,, ,, ,, ,, ,, ,, ,42,0,Entire community,Most of the households,Small part of the businesses,No,Yes,Decreased,No,,,,,,,,No,,No,,Yes,National grid connection from (COMPANY),Minor Part,Local government,Nobody,12,No,Very satisfied,Yes,,,,,,,,24.0643146067416
181,156,Western Province,4,Rural,Community leaders,1,107,Crop cultivation, ,Yes,Livestock,No,,Yes,No,,Yes,No,30,Yes,Everywhere in the community,River/spring,,,,,,Yes,,,,,,No,, ,, ,, ,, ,, ,, ,, ,,,,,,,,,No,,,,,,,,No,,No,,No,,,,,,,,,,,,,,,,175.267767857143
182,157,Western Province,5,Rural,Community leaders,4,120,Crop cultivation, ,Yes,Livestock,Yes,"Other, specify",Yes,No,,No,,25,Yes,Most parts of the community,Pipe borne water treated,Yes,,,,,Yes,,,,,,"Yes, national grid",, ,, ,, ,, ,, ,, ,, ,10,100000,Half of the community,Half of the households,Most of the businesses,No,No,Increased,Yes,3,,,,,,Yes,Yes,Government,Yes,Government,No,,,,,,,,,,,,,,,,166.146574074074
183,158,Western Province,5,Rural,Community leaders,6,182,Crop cultivation, ,Yes,Livestock,No,,Yes,No,,Yes,No,40,Yes,Most parts of the community,Pipe borne water treated,Yes,,,Yes,Yes,,,Yes,,,,"Yes, national grid",, ,, ,, ,, ,, ,, ,, ,0,0,Most of the community,Most of the households,Half of the businesses,No,No,Stayed the same,Yes,10,,Yes,,,,,No,,No,,No,,,,,,,,,,,,,,,,142.1882875
184,159,Western Province,5,Rural,Community leaders,1,157,Crop cultivation, ,Yes,Trading,No,,Yes,No,,No,,15,Yes,Only a few parts of the community,Pipe borne water untreated,,,,Yes,,,Yes,,,,,No,, ,, ,, ,, ,, ,, ,, ,,,,,,,,,Yes,20,,Yes,,,,,Yes,NGO,No,,No,,,,,,,,,,,,,,,,132.641397129187
185,160,Western Province,5,Urban,Community leaders,9,254,Crop cultivation, ,Yes,Civil service,Yes,Livestock,Yes,Yes,No,Yes,No,2,Yes,Everywhere in the community,Public or private tap (WASAC and other),Yes,,,,,Yes,,,,,,"Yes, national grid",, ,, ,, ,, ,, ,, ,, ,10,56000,Most of the community,Most of the households,All of the businesses,No,No,Increased,Yes,50,,Yes,,,,,Yes,Private sector,No,,No,,,,,,,,,,,,,,,,6.94327538461538
186,161,Western Province,5,Rural,Community leaders,10,225,Crop cultivation, ,Yes,Livestock,Yes,Trading,Yes,No,,No,,50,Yes,Everywhere in the community,Pipe borne water treated,Yes,,,,,,,Yes,,,,"Yes, national grid",, ,, ,, ,, ,, ,, ,, ,8,15000,Small part of the community,Small part of the households,Half of the businesses,No,No,Stayed the same,Yes,10,,Yes,,,,,No,,No,,No,,,,,,,,,,,,,,,,71.7433459770115
187,162,Western Province,6,Urban,Community leaders,1,300,Crop cultivation, ,Yes,Livestock,No,,Yes,Yes,No,Yes,No,40,Yes,Most parts of the community,Well/spring protected,Yes,,,Yes,Yes,Yes,,,,,,"Yes, national grid",, ,, ,, ,, ,, ,, ,, ,17,56000,Most of the community,Most of the households,Most of the businesses,Yes,No,Decreased,Yes,8,,,,,,Yes,No,,No,,No,,,,,,,,,,,,,,,,18.0034357798165
188,163,Western Province,6,Rural,Community leaders,1,189,Crop cultivation, ,Yes,Livestock,No,,Yes,Yes,No,Yes,No,18,Yes,Only a few parts of the community,Pipe borne water treated,Yes,,Yes,Yes,,Yes,,,,,,"Yes, national grid",, ,, ,, ,, ,, ,, ,, ,40,0,Small part of the community,Small part of the households,Small part of the businesses,No,No,Decreased,Yes,1,,Yes,,,,,No,,Yes,Government,No,,,,,,,,,,,,,,,,130.290494845361
189,164,Western Province,6,Urban,Community leaders,1,284,Professional occupations, ,Yes,Civil service,Yes,"Other, specify",Yes,Yes,Yes,Yes,No,4,Yes,Everywhere in the community,Public or private tap (WASAC and other),Yes,,,,,,,,,,,"Yes, national grid",, ,, ,, ,, ,, ,, ,, ,22,20000,Most of the community,Most of the households,All of the businesses,Yes,No,Increased,No,,,,,,,,No,,No,,Yes,National grid connection from (COMPANY),Minor Part,Local government,"Other, specify",12,Yes,Very satisfied,,Yes,,,,,,,16.2242746478873
190,165,Western Province,6,Rural,Community leaders,1,180,Trading, ,Yes,Crop cultivation,Yes,"Other, specify",Yes,No,,Yes,No,1,Yes,Only a few parts of the community,Well/spring unprotected,Yes,,Yes,Yes,,Yes,,,,,,"Yes, national grid",, ,, ,, ,, ,, ,, ,, ,12,100000,Most of the community,Half of the households,Small part of the businesses,No,No,Increased,Yes,1,Yes,,,,,,No,,Yes,NGO,No,,,,,,,,,,,,,,,,118.891666666667
191,166,Western Province,6,Urban,Community leaders,1,217,Trading, ,Yes,Civil service,Yes,Services,No,,,Yes,Yes,2,Yes,Everywhere in the community,Public or private tap (WASAC and other),Yes,,Yes,,,Yes,,,,,,"Yes, national grid",, ,, ,, ,, ,, ,, ,, ,30,56000,Most of the community,Most of the households,All of the businesses,No,No,Increased,Yes,1,Yes,,,,,,No,,No,,Yes,National grid connection from (COMPANY),Largely,Local government,Utility,12,No,Very satisfied,,,,,,,Yes,Thieves,14.223983490566
192,167,Western Province,6,Urban,Community leaders,1,188,Crop cultivation, ,Yes,Trading,Yes,Civil service,No,,,No,,56,Yes,Everywhere in the community,Public or private tap (WASAC and other),Yes,,Yes,Yes,Yes,Yes,,,,,,"Yes, national grid",, ,, ,, ,, ,, ,, ,, ,30,56000,Most of the community,Most of the households,All of the businesses,No,No,Increased,Yes,1,,,,Yes,,,No,,Yes,NGO,No,,,,,,,,,,,,,,,,27.7581730263158
193,168,Western Province,6,Rural,Community leaders,1,165,Crop cultivation, ,Yes,Livestock,No,,Yes,No,,No,,29,Yes,Only a few parts of the community,Pipe borne water treated,Yes,,,Yes,,,,,,,,"Yes, national grid",, ,, ,, ,, ,, ,, ,, ,3,0,Most of the community,Most of the households,Small part of the businesses,No,No,Increased,No,,,,,,,,No,,No,,No,,,,,,,,,,,,,,,,233.912705882353
194,169,Western Province,6,Rural,Community leaders,1,152,Crop cultivation, ,Yes,Trading,No,,Yes,No,,Yes,No,20,Yes,Half of the community,Pipe borne water treated,Yes,,,Yes,,Yes,,,,,,"Yes, national grid",, ,, ,, ,, ,, ,, ,, ,15,38000,Small part of the community,Small part of the households,Small part of the businesses,No,No,Increased,Yes,1,,,,,,Yes,No,,No,,No,,,,,,,,,,,,,,,,159.81208
195,170,Western Province,7,Rural,Community leaders,1,256,Crop cultivation, ,Yes,Livestock,Yes,Civil service,No,,,Yes,Yes,55,Yes,Everywhere in the community,Pipe borne water treated,Yes,,Yes,Yes,,Yes,,,,,,"Yes, national grid",, ,, ,, ,, ,, ,, ,, ,25,250000,Most of the community,Half of the households,All of the businesses,No,No,Stayed the same,Yes,20,,Yes,,Yes,Yes,,No,,No,,No,,,,,,,,,,,,,,,,79.1392834437086
196,171,Western Province,7,Rural,Community leaders,1,162,Crop cultivation, ,Yes,Livestock,No,,No,,,Yes,No,35,Yes,Most parts of the community,Public or private tap (WASAC and other),Yes,,,Yes,,Yes,,,,,,"Yes, national grid",, ,, ,, ,, ,, ,, ,, ,5,50000,Most of the community,Most of the households,Small part of the businesses,Yes,No,Stayed the same,Yes,1,,Yes,,,,,No,,No,,No,,,,,,,,,,,,,,,,266.5758
197,172,Western Province,7,Rural,Community leaders,1,136,Crop cultivation, ,Yes,"Other, specify",No,,Yes,Yes,No,Yes,No,15,Yes,Only a few parts of the community,Well/spring unprotected,Yes,,,Yes,,Yes,,,,,,"Yes, national grid",, ,, ,, ,, ,, ,, ,, ,7,0,Most of the community,Small part of the households,Small part of the businesses,Yes,No,Increased,Yes,22,,Yes,,,Yes,,No,,No,,No,,,,,,,,,,,,,,,,159.770092307692
198,173,Western Province,7,Rural,Community leaders,1,175,Crop cultivation, ,Yes,"Other, specify",No,,Yes,No,,Yes,No,25,Yes,Everywhere in the community,Public or private tap (WASAC and other),Yes,,,Yes,,Yes,,,,,,"Yes, national grid",, ,, ,, ,, ,, ,, ,, ,6,200000,Small part of the community,Small part of the households,Small part of the businesses,Yes,No,Increased,Yes,1,,,,Yes,,,No,,No,,No,,,,,,,,,,,,,,,,134.400469090909
199,174,Northern Province,1,Rural,Community leaders,1,108,Crop cultivation, ,No,,,,No,,,Yes,No,20,Yes,Half of the community,Well/spring protected,,,,,,Yes,,,,,,"Yes, national grid",, ,, ,, ,, ,, ,, ,, ,2,0,Small part of the community,Small part of the households,All of the businesses,No,No,Stayed the same,No,,,,,,,,No,,No,,No,,,,,,,,,,,,,,,,185.23665
200,175,Northern Province,1,Rural,Community leaders,1,360,Crop cultivation, ,Yes,Livestock,Yes,Services,Yes,Yes,No,Yes,No,36,Yes,Half of the community,Electric water pump,Yes,,,Yes,,Yes,,,,,,"Yes, national grid",, ,, ,, ,, ,, ,, ,, ,24,56000,Small part of the community,Small part of the households,All of the businesses,No,Yes,Stayed the same,No,,,,,,,,No,,No,,No,,,,,,,,,,,,,,,,76.3218756302521
201,176,Northern Province,1,Rural,Community leaders,1,315,Trading, ,Yes,Small-scale industry (non-farm),Yes,Crop cultivation,No,,,Yes,No,30,No,,Public or private tap (WASAC and other),Yes,,,Yes,Yes,Yes,,,,,,"Yes, national grid",, ,, ,, ,, ,, ,, ,, ,4,56000,Small part of the community,Small part of the households,Most of the businesses,Yes,Yes,Increased,No,,,,,,,,Yes,NGO,No,,No,,,,,,,,,,,,,,,,65.0943448275862
202,177,Northern Province,1,Urban,Community leaders,1,271,Crop cultivation, ,Yes,Civil service,No,,No,,,Yes,Yes,13,Yes,Everywhere in the community,Well/spring protected,Yes,,,,,,,,,,,"Yes, national grid",, ,, ,, ,, ,, ,, ,, ,15,0,Small part of the community,Small part of the households,All of the businesses,No,Yes,Stayed the same,No,,,,,,,,No,,No,,No,,,,,,,,,,,,,,,,9.64490152671756
203,178,Northern Province,1,Rural,Community leaders,1,138,Crop cultivation, ,No,,,,Yes,No,,No,,20,No,,Well/spring protected,Yes,,,Yes,Yes,,,,,,,"Yes, national grid",, ,, ,, ,, ,, ,, ,, ,8,0,Small part of the community,Small part of the households,Small part of the businesses,No,No,Stayed the same,No,,,,,,,,No,,No,,No,,,,,,,,,,,,,,,,116.712714285714
204,179,Northern Province,2,Rural,Community leaders,1,196,Crop cultivation, ,Yes,Livestock,No,,Yes,Yes,No,Yes,No,15,No,,Well/spring protected,Yes,,,Yes,Yes,,,,,,,"Yes, national grid",, ,, ,, ,, ,, ,, ,, ,2,56000,Small part of the community,Small part of the households,Most of the businesses,No,No,Increased,Yes,50,,Yes,,,Yes,,No,,No,,No,,,,,,,,,,,,,,,,88.2872234042553
205,180,Northern Province,2,Rural,Community leaders,1,107,Crop cultivation, ,Yes,Livestock,No,,Yes,No,,Yes,No,10,Yes,Most parts of the community,Pipe borne water treated,,,,Yes,Yes,,,,,,,No,, ,, ,, ,, ,, ,, ,, ,,,,,,,,,Yes,50,,Yes,,,Yes,,Yes,Government,Yes,Government,No,,,,,,,,,,,,,,,,182.426832
206,181,Northern Province,2,Rural,Community leaders,1,148,Crop cultivation, ,Yes,Livestock,No,,No,,,No,,45,Yes,Everywhere in the community,Well/spring protected,Yes,,,Yes,Yes,,,,,,,"Yes, national grid",, ,, ,, ,, ,, ,, ,, ,3,56000,Small part of the community,Small part of the households,Small part of the businesses,No,No,Increased,Yes,7,,Yes,,,,,No,,No,,No,,,,,,,,,,,,,,,,139.53121875
207,182,Northern Province,2,Rural,Community leaders,1,138,Crop cultivation, ,No,,,,Yes,No,,No,,20,No,,Well/spring protected,Yes,,,Yes,Yes,,,,,,,No,, ,, ,, ,, ,, ,, ,, ,,,,,,,,,No,,,,,,,,No,,No,,No,,,,,,,,,,,,,,,,151.801378881988
208,183,Northern Province,2,Urban,Community leaders,1,179,Crop cultivation, ,Yes,Professional occupations,No,,Yes,Yes,No,Yes,No,30,Yes,Only a few parts of the community,Pipe borne water treated,Yes,,,,,,,,,,,"Yes, national grid",, ,, ,, ,, ,, ,, ,, ,35,56000,Most of the community,Most of the households,All of the businesses,No,Yes,Increased,Yes,20,Yes,,,,,,Yes,Government,Yes,Government,No,,,,,,,,,,,,,,,,11.9892
209,184,Northern Province,3,Urban,Community leaders,1,620,Crop cultivation, ,Yes,Services,Yes,Civil service,No,,,Yes,Yes,5,No,,Public or private tap (WASAC and other),Yes,,,,Yes,,,,,,,"Yes, national grid",, ,, ,, ,, ,, ,, ,, ,45,5500,Most of the community,Most of the households,All of the businesses,No,Yes,Increased,Yes,1,,,,,Yes,,Yes,Government,No,,No,,,,,,,,,,,,,,,,6.75759981412639
210,185,Northern Province,3,Rural,Community leaders,1,420,Crop cultivation, ,Yes,Services,Yes,Trading,No,,,Yes,Yes,5,No,,Public or private tap (WASAC and other),Yes,,,,,Yes,,,,,,"Yes, national grid",, ,, ,, ,, ,, ,, ,, ,12,56000,Most of the community,Most of the households,All of the businesses,No,Yes,Stayed the same,No,,,,,,,,Yes,Government,Yes,Government,No,,,,,,,,,,,,,,,,52.2024086021505
211,186,Northern Province,3,Urban,Community leaders,1,311,Crop cultivation, ,Yes,Livestock,Yes,Trading,No,,,Yes,Yes,3,No,,Public or private tap (WASAC and other),Yes,,,,,,,,,,,"Yes, national grid",, ,, ,, ,, ,, ,, ,, ,14,56000,Most of the community,Most of the households,All of the businesses,No,No,Increased,No,,,,,,,,Yes,NGO,No,,No,,,,,,,,,,,,,,,,15.0635503571429
212,187,Northern Province,3,Urban,Community leaders,1,435,Crop cultivation, ,Yes,Trading,Yes,Civil service,No,,,Yes,Yes,2,No,,Public or private tap (WASAC and other),Yes,,,,,,,,,,,"Yes, national grid",, ,, ,, ,, ,, ,, ,, ,18,15000,Most of the community,Most of the households,All of the businesses,No,No,Increased,No,,,,,,,,No,,No,,Yes,National grid connection from (COMPANY),Minor Part,Local government,Utility,12,Yes,Very satisfied,,,,,,,Yes,Thieves & violence,6.1324285046729
213,188,Northern Province,3,Rural,Community leaders,1,297,Crop cultivation, ,Yes,Livestock,Yes,Transport,No,,,Yes,Yes,19,No,,Rain-water,Yes,,,,,,,,,,,"Yes, national grid",, ,, ,, ,, ,, ,, ,, ,2,56000,Half of the community,Small part of the households,All of the businesses,No,No,Increased,No,,,,,,,,No,,No,,No,,,,,,,,,,,,,,,,80.2201796407186
214,189,Northern Province,3,Urban,Community leaders,1,250,Crop cultivation, ,Yes,"Other, specify",No,,No,,,Yes,Yes,15,Yes,Everywhere in the community,Pipe borne water treated,Yes,,,,,,,,,,,"Yes, national grid",, ,, ,, ,, ,, ,, ,, ,17,3000000,Most of the community,Most of the households,Most of the businesses,No,No,Increased,No,,,,,,,,Yes,Government,No,,Yes,National grid connection from (COMPANY),Entirely,Local government,Utility,12,No,Very satisfied,,,,,,,Yes,Road lights sometime stroke by lightning,12.1581888235294
215,190,Northern Province,3,Urban,Community leaders,1,647,Trading, ,Yes,Crop cultivation,Yes,Livestock,No,,,Yes,Yes,2,No,,Pipe borne water treated,Yes,,,,,,,,,,,"Yes, national grid",, ,, ,, ,, ,, ,, ,, ,32,20000,Most of the community,Most of the households,All of the businesses,No,Yes,Stayed the same,No,,,,,,,,No,,No,,Yes,National grid connection from (COMPANY),Minor Part,Local government,Utility,12,Yes,Very satisfied,,,,,,,Yes,Thieves & accidents,5.1521799689441
216,191,Northern Province,3,Urban,Community leaders,1,220,Trading, ,Yes,Civil service,Yes,Services,No,,,Yes,Yes,1,Yes,Everywhere in the community,Public or private tap (WASAC and other),Yes,,,,,,,,,,,"Yes, national grid",, ,, ,, ,, ,, ,, ,, ,24,55000,Most of the community,Most of the households,All of the businesses,No,No,Increased,No,,,,,,,,No,,No,,Yes,National grid connection from (COMPANY),Hardly/None,Local government,Utility,11,Yes,Very satisfied,,,,,,,Yes,Thieves,10.5304336363636
217,192,Northern Province,3,Urban,Community leaders,1,245,Trading, ,Yes,Civil service,Yes,Livestock,No,,,Yes,Yes,1,Yes,Everywhere in the community,Public or private tap (WASAC and other),Yes,,,,,,,,,,,"Yes, national grid",, ,, ,, ,, ,, ,, ,, ,46,6000,Entire community,Most of the households,All of the businesses,Yes,Yes,Increased,No,,,,,,,,No,,No,,Yes,National grid connection from (COMPANY),Largely,Local government,Utility,12,Yes,Very satisfied,Yes,,,,,,,,5.16715702479339
218,193,Northern Province,3,Urban,Community leaders,1,202,Civil service, ,Yes,Trading,Yes,Services,No,,,Yes,Yes,1,Yes,Everywhere in the community,Public or private tap (WASAC and other),Yes,,,,,,,,,,,"Yes, national grid",, ,, ,, ,, ,, ,, ,, ,61,15000,Most of the community,Most of the households,All of the businesses,No,No,Increased,No,,,,,,,,Yes,Government,Yes,Government,Yes,National grid connection from (COMPANY),Entirely,Local government,Utility,12,Yes,Very satisfied,Yes,,,Yes,,,,,12.095536
219,194,Northern Province,3,Rural,Community leaders,1,143,Crop cultivation, ,Yes,Livestock,No,,Yes,No,,Yes,No,3,No,,Pipe borne water treated,Yes,,,,,,,,,,,No,, ,, ,, ,, ,, ,, ,, ,,,,,,,,,No,,,,,,,,Yes,Government,No,,No,,,,,,,,,,,,,,,,151.93865060241
220,195,Northern Province,3,Urban,Community leaders,1,321,Crop cultivation, ,Yes,Livestock,Yes,Trading,No,,,Yes,No,2,No,,Public or private tap (WASAC and other),Yes,,,Yes,Yes,,,,,,,"Yes, national grid",, ,, ,, ,, ,, ,, ,, ,11,56000,Most of the community,Most of the households,All of the businesses,No,No,Increased,No,,,,,,,,No,,No,,No,,,,,,,,,,,,,,,,7.68185333333333
221,196,Northern Province,3,Urban,Community leaders,1,203,Crop cultivation, ,Yes,Livestock,Yes,Professional occupations,No,,,No,,12,No,,Public or private tap (WASAC and other),Yes,,,,Yes,Yes,,,,,,"Yes, national grid",, ,, ,, ,, ,, ,, ,, ,11,56000,Half of the community,Half of the households,All of the businesses,No,No,Decreased,No,,,,,,,,No,,No,,No,,,,,,,,,,,,,,,,15.9206272727273
222,197,Northern Province,3,Rural,Community leaders,1,184,Crop cultivation, ,Yes,Livestock,Yes,Trading,Yes,Yes,No,Yes,No,21,No,,Lake/reservoir,Yes,,,,,,,,,,,"Yes, national grid",, ,, ,, ,, ,, ,, ,, ,12,54000,Most of the community,Most of the households,Most of the businesses,No,No,Increased,No,,,,,,,,Yes,Government,No,,No,,,,,,,,,,,,,,,,102.326509433962
223,198,Northern Province,4,Rural,Community leaders,1,97,Crop cultivation, ,Yes,Livestock,No,,Yes,No,,Yes,No,27,Yes,Most parts of the community,Well/spring protected,Yes,,,,,,,,,,,"Yes, national grid",, ,, ,, ,, ,, ,, ,, ,0,56000,Most of the community,Most of the households,All of the businesses,No,No,Stayed the same,No,,,,,,,,No,,No,,No,,,,,,,,,,,,,,,,325.358129032258
224,199,Northern Province,4,Urban,Community leaders,1,154,Crop cultivation, ,Yes,Services,No,,Yes,Yes,No,Yes,Yes,17,No,,Public or private tap (WASAC and other),Yes,,,,,,,,,,,"Yes, national grid",, ,, ,, ,, ,, ,, ,, ,12,56000,Most of the community,Most of the households,Small part of the businesses,No,No,Decreased,Yes,1,,,Yes,,,,No,,No,,No,,,,,,,,,,,,,,,,10.216724137931
225,200,Northern Province,4,Rural,Community leaders,1,185,Crop cultivation, ,Yes,Livestock,No,,Yes,Yes,No,Yes,No,45,No,,Public or private tap (WASAC and other),,,,,,,,,,Yes,,No,, ,, ,, ,, ,, ,, ,, ,,,,,,,,,No,,,,,,,,Yes,International Donor,No,,No,,,,,,,,,,,,,,,,90.7926956521739
226,201,Northern Province,4,Rural,Community leaders,1,214,Crop cultivation, ,Yes,Livestock,No,,Yes,Yes,No,Yes,No,15,Yes,Most parts of the community,Pipe borne water treated,Yes,,,Yes,Yes,,,,,,,"Yes, national grid",, ,, ,, ,, ,, ,, ,, ,42,56000,Most of the community,Most of the households,Most of the businesses,No,No,Increased,Yes,15,,Yes,,,Yes,,No,,No,,No,,,,,,,,,,,,,,,,129.102220588235
227,202,Northern Province,4,Rural,Community leaders,1,217,Crop cultivation, ,Yes,Livestock,No,,Yes,Yes,No,Yes,No,75,Yes,Most parts of the community,Pipe borne water treated,Yes,,,Yes,,,,,,,,"Yes, national grid",, ,, ,, ,, ,, ,, ,, ,15,56000,Small part of the community,Small part of the households,Half of the businesses,No,No,Increased,Yes,1,,Yes,,,,,No,,No,,No,,,,,,,,,,,,,,,,81.5528605263158
228,203,Northern Province,4,Rural,Community leaders,1,170,Crop cultivation, ,Yes,Livestock,No,,Yes,Yes,No,Yes,No,12,No,,Well/spring unprotected,Yes,,,Yes,Yes,,,,,,,"Yes, national grid",, ,, ,, ,, ,, ,, ,, ,1,56000,Most of the community,Most of the households,Most of the businesses,Yes,No,Increased,Yes,5,,Yes,,,,,No,,Yes,Government,No,,,,,,,,,,,,,,,,119.497333333333
229,204,Northern Province,5,Urban,Community leaders,1,320,Crop cultivation, ,Yes,"Other, specify",Yes,Civil service,Yes,No,,Yes,No,1,Yes,Half of the community,Public or private tap (WASAC and other),Yes,,,,Yes,,,,,,,"Yes, national grid",, ,, ,, ,, ,, ,, ,, ,22,28000,Entire community,Half of the households,Most of the businesses,No,No,Increased,Yes,11,,Yes,,,,,Yes,Government,No,,No,,,,,,,,,,,,,,,,8.65588105263158
231,205,Northern Province,5,Rural,Community leaders,1,283,Crop cultivation, ,Yes,Livestock,Yes,Trading,Yes,Yes,No,Yes,No,80,No,,Electric water pump,Yes,,,Yes,Yes,Yes,,,,,,"Yes, national grid",, ,, ,, ,, ,, ,, ,, ,3,56000,Small part of the community,Small part of the households,Half of the businesses,No,No,Increased,Yes,15,,Yes,,,,,Yes,Government,No,,No,,,,,,,,,,,,,,,,73.3824504504504
234,206,Northern Province,5,Rural,Community leaders,1,243,Crop cultivation, ,Yes,Livestock,Yes,Trading,Yes,No,,Yes,No,30,No,,River/spring,,,,,Yes,,,,,,,"Yes, national grid",, ,, ,, ,, ,, ,, ,, ,8,56000,Small part of the community,Small part of the households,Most of the businesses,No,No,Increased,Yes,20,,Yes,,,,,No,,No,,No,,,,,,,,,,,,,,,,76.9769217391304
235,207,Northern Province,5,Rural,Community leaders,1,156,Crop cultivation, ,Yes,Livestock,Yes,Trading,No,,,Yes,No,4,Yes,Everywhere in the community,Public or private tap (WASAC and other),Yes,,,,,,,,,,,"Yes, national grid",, ,, ,, ,, ,, ,, ,, ,12,56000,Half of the community,Half of the households,Half of the businesses,No,No,Increased,Yes,10,,Yes,,,,,No,,Yes,Government,No,,,,,,,,,,,,,,,,190.598447368421
236,208,Northern Province,5,Rural,Community leaders,1,192,Crop cultivation, ,Yes,Livestock,Yes,Services,No,,,Yes,No,20,Yes,Most parts of the community,Public or private tap (WASAC and other),Yes,,,,,,,,,,,"Yes, national grid",, ,, ,, ,, ,, ,, ,, ,12,56000,Most of the community,Most of the households,Most of the businesses,No,No,Increased,No,,,,,,,,No,,No,,No,,,,,,,,,,,,,,,,93.4768661971831
237,209,Eastern Province,1,Rural,Community leaders,1,256,Crop cultivation, ,Yes,Trading,Yes,Fishing/Hunting,Yes,No,,Yes,No,15,No,,Lake/reservoir,Yes,,,,,,,,,,,"Yes, national grid",, ,, ,, ,, ,, ,, ,, ,3,0,Small part of the community,Small part of the households,All of the businesses,No,Yes,Stayed the same,No,,,,,,,,No,,Yes,NGO,No,,,,,,,,,,,,,,,,75.9446417910448
238,210,Eastern Province,1,Urban,Community leaders,1,136,Crop cultivation, ,Yes,Trading,No,,Yes,Yes,No,Yes,No,18,Yes,Only a few parts of the community,Public or private tap (WASAC and other),Yes,,,,,,,,,,,"Yes, national grid",, ,, ,, ,, ,, ,, ,, ,17,0,Most of the community,Most of the households,All of the businesses,No,Yes,Stayed the same,Yes,20,,,Yes,,,,Yes,International Donor,Yes,NGO,No,,,,,,,,,,,,,,,,20.0439647058824
239,211,Eastern Province,1,Urban,Community leaders,1,561,Trading, ,Yes,Professional occupations,No,,No,,,Yes,Yes,1,No,,Public or private tap (WASAC and other),Yes,,,,Yes,Yes,,,,,,"Yes, national grid",, ,, ,, ,, ,, ,, ,, ,25,55000,Most of the community,Most of the households,All of the businesses,No,No,Stayed the same,Yes,2,,Yes,,,,,No,,Yes,Government,Yes,National grid connection from (COMPANY),Entirely,Local government,Utility,12,No,Very satisfied,,,,,,,Yes,Insecurity,4.94822621359223
240,212,Eastern Province,1,Urban,Community leaders,1,197,Crop cultivation, ,No,,,,No,,,Yes,No,4,Yes,Everywhere in the community,Public or private tap (WASAC and other),Yes,,,,Yes,,,,,,,"Yes, national grid",, ,, ,, ,, ,, ,, ,, ,12,55000,Most of the community,Most of the households,All of the businesses,Yes,No,Increased,No,,,,,,,,Yes,Government,Yes,Government,Yes,National grid connection from (COMPANY),Minor Part,Local government,Utility,12,Yes,Very satisfied,,,,,,,Yes,Thieves,14.4773126760563
241,213,Eastern Province,1,Rural,Community leaders,1,178,Crop cultivation, ,Yes,Livestock,Yes,Trading,Yes,No,,Yes,No,2,Yes,Everywhere in the community,Public or private tap (WASAC and other),Yes,,,,,,,,,,,"Yes, national grid",, ,, ,, ,, ,, ,, ,, ,6,0,Most of the community,Most of the households,Small part of the businesses,No,Yes,Increased,Yes,25,,,Yes,,,,Yes,Private sector,Yes,NGO,No,,,,,,,,,,,,,,,,119.70275862069
242,214,Eastern Province,1,Rural,Community leaders,1,162,Crop cultivation, ,No,,,,Yes,Yes,No,Yes,No,8,Yes,Most parts of the community,Pipe borne water treated,Yes,,,,,,,,,,,"Yes, national grid",, ,, ,, ,, ,, ,, ,, ,8,3700000,Small part of the community,Small part of the households,Small part of the businesses,Yes,No,Stayed the same,No,,,,,,,,Yes,Government,Yes,Government,No,,,,,,,,,,,,,,,,110.882382978723
243,215,Eastern Province,2,Rural,Community leaders,1,249,Crop cultivation, ,Yes,Trading,Yes,Livestock,No,,,Yes,No,38,Yes,Everywhere in the community,Public or private tap (WASAC and other),Yes,,,Yes,Yes,Yes,,,,,,"Yes, national grid",, ,, ,, ,, ,, ,, ,, ,10,56000,Small part of the community,Small part of the households,Half of the businesses,No,Yes,Increased,Yes,1,,Yes,,,,,Yes,Government,Yes,Government,No,,,,,,,,,,,,,,,,119.53393373494
244,216,Eastern Province,2,Rural,Community leaders,1,492,Crop cultivation, ,Yes,Livestock,No,,Yes,Yes,No,Yes,No,50,No,,Lake/reservoir,,,,Yes,Yes,Yes,,,,,,No,, ,, ,, ,, ,, ,, ,, ,,,,,,,,,No,,,,,,,,Yes,NGO,Yes,NGO,No,,,,,,,,,,,,,,,,50.6682119205298
245,217,Eastern Province,2,Urban,Community leaders,1,300,Crop cultivation, ,Yes,Livestock,No,,No,,,Yes,Yes,42,Yes,Only a few parts of the community,Public or private tap (WASAC and other),Yes,,,,Yes,Yes,,,,,,"Yes, national grid",, ,, ,, ,, ,, ,, ,, ,19,56000,Most of the community,Most of the households,All of the businesses,No,No,Increased,No,,,,,,,,No,,No,,No,,,,,,,,,,,,,,,,15.1000164383562
246,218,Eastern Province,2,Rural,Community leaders,1,115,Crop cultivation, ,No,,,,No,,,Yes,Yes,25,Yes,Most parts of the community,River/spring,Yes,,,Yes,Yes,Yes,,,,,,"Yes, national grid",, ,, ,, ,, ,, ,, ,, ,13,58000,Most of the community,Most of the households,All of the businesses,No,Yes,Increased,Yes,5,,,,Yes,Yes,,No,,No,,No,,,,,,,,,,,,,,,,235.364968421053
247,219,Eastern Province,2,Urban,Community leaders,1,457,Crop cultivation, ,Yes,Livestock,Yes,Trading,Yes,Yes,Yes,Yes,Yes,4,Yes,Everywhere in the community,Public or private tap (WASAC and other),Yes,,,Yes,Yes,Yes,,,,,,"Yes, national grid",, ,, ,, ,, ,, ,, ,, ,25,56000,Most of the community,Most of the households,Most of the businesses,No,No,Increased,Yes,10,,Yes,,,,,Yes,Government,Yes,NGO,Yes,National grid connection from (COMPANY),Minor Part,Local government,Local government,12,Yes,Very satisfied,,,,,,,Yes,Thieves,5.48210979228487
248,220,Eastern Province,2,Rural,Community leaders,1,275,Crop cultivation, ,Yes,Livestock,No,,Yes,Yes,No,Yes,No,15,No,,Lake/reservoir,Yes,,,Yes,Yes,Yes,,,,,,"Yes, national grid",, ,, ,, ,, ,, ,, ,, ,9,56000,Small part of the community,Small part of the households,Small part of the businesses,Yes,No,Increased,Yes,15,,Yes,,Yes,,,No,,No,,No,,,,,,,,,,,,,,,,117.7655625
249,221,Eastern Province,2,Urban,Community leaders,1,250,Trading, ,Yes,Civil service,Yes,Crop cultivation,No,,,Yes,Yes,1,Yes,Everywhere in the community,Public or private tap (WASAC and other),Yes,,Yes,Yes,Yes,Yes,,,,,,"Yes, national grid",, ,, ,, ,, ,, ,, ,, ,21,18000,Entire community,All of the households,All of the businesses,No,Yes,Stayed the same,Yes,3,Yes,,,,,,Yes,Government,Yes,Government,Yes,National grid connection from (COMPANY),Entirely,Local government,Local government,12,No,Very satisfied,,,,,,,Yes,Violence/Thieves/Less time for work,8.0922816
250,222,Eastern Province,2,Rural,Community leaders,1,265,Crop cultivation, ,No,,,,No,,,Yes,No,20,Yes,Everywhere in the community,Well/spring unprotected,,,,,,Yes,,,,,,No,, ,, ,, ,, ,, ,, ,, ,,,,,,,,,Yes,70,,,,Yes,,,Yes,NGO,Yes,International Donor,No,,,,,,,,,,,,,,,,61.0949142857143
251,223,Eastern Province,2,Urban,Community leaders,1,200,Crop cultivation, ,Yes,Livestock,No,,Yes,No,,Yes,Yes,30,Yes,Only a few parts of the community,Pipe borne water treated,Yes,,,Yes,Yes,Yes,,,,,,No,, ,, ,, ,, ,, ,, ,, ,,,,,,,,,Yes,80,,Yes,Yes,Yes,,,Yes,Government,Yes,Government,No,,,,,,,,,,,,,,,,8.45871833333333
252,224,Eastern Province,2,Urban,Community leaders,1,220,Crop cultivation, ,Yes,Livestock,Yes,Trading,No,,,Yes,Yes,6,Yes,Everywhere in the community,River/spring,Yes,,,Yes,Yes,Yes,,,,,,"Yes, national grid",, ,, ,, ,, ,, ,, ,, ,8,68000,Most of the community,Most of the households,Small part of the businesses,No,Yes,Increased,Yes,40,,Yes,,,,,No,,No,,Yes,National grid connection from (COMPANY),Minor Part,Local government,Local government,12,Yes,Very satisfied,,,Yes,,,,,,8.83617364864865
255,225,Eastern Province,3,Rural,Community leaders,1,225,Crop cultivation, ,Yes,Livestock,No,,No,,,Yes,No,15,Yes,Everywhere in the community,Public or private tap (WASAC and other),Yes,,,Yes,Yes,,,,,,,"Yes, national grid",, ,, ,, ,, ,, ,, ,, ,10,58000,Half of the community,Half of the households,Small part of the businesses,No,No,Increased,Yes,1,,,,Yes,,,No,,No,,No,,,,,,,,,,,,,,,,5.61932387096774
256,226,Eastern Province,3,Rural,Community leaders,1,240,Trading, ,Yes,Crop cultivation,Yes,Livestock,No,,,Yes,No,17,Yes,Everywhere in the community,Public or private tap (WASAC and other),Yes,,,Yes,Yes,Yes,,,,,,"Yes, national grid",, ,, ,, ,, ,, ,, ,, ,10,56000,Most of the community,Most of the households,Most of the businesses,No,No,Increased,Yes,20,,,Yes,Yes,,,Yes,International Donor,Yes,International Donor,No,,,,,,,,,,,,,,,,6.850405
257,227,Eastern Province,3,Rural,Community leaders,3,155,Crop cultivation, ,Yes,Livestock,Yes,Trading,No,,,Yes,Yes,25,No,,Public or private tap (WASAC and other),Yes,,,Yes,Yes,Yes,,,,,,"Yes, national grid",, ,, ,, ,, ,, ,, ,, ,10,58000,Half of the community,Half of the households,Most of the businesses,No,No,Increased,Yes,19,,,Yes,Yes,,,Yes,Government,Yes,Government,No,,,,,,,,,,,,,,,,10.336208
258,228,Eastern Province,3,Rural,Community leaders,1,146,Crop cultivation, ,No,,,,No,,,Yes,No,3,Yes,Most parts of the community,Pipe borne water treated,Yes,,,,,,,,,,,"Yes, national grid",, ,, ,, ,, ,, ,, ,, ,12,56000,Most of the community,Most of the households,All of the businesses,No,Yes,Increased,Yes,1,,Yes,,,,,Yes,Government,Yes,Government,No,,,,,,,,,,,,,,,,137.657460869565
259,229,Eastern Province,3,Rural,Community leaders,2,200,Crop cultivation, ,Yes,Livestock,No,,Yes,No,,Yes,No,13,No,,Well/spring protected,,,,Yes,Yes,Yes,,,,,,No,, ,, ,, ,, ,, ,, ,, ,,,,,,,,,Yes,5,,,Yes,Yes,,,No,,No,,No,,,,,,,,,,,,,,,,8.26972446043165
260,230,Eastern Province,3,Rural,Community leaders,1,249,Crop cultivation, ,Yes,Livestock,No,,Yes,No,,Yes,No,12,Yes,Everywhere in the community,Well/spring unprotected,Yes,,,,Yes,Yes,Yes,,,,,"Yes, national grid",, ,, ,, ,, ,, ,, ,, ,5,0,Small part of the community,Small part of the households,Small part of the businesses,Yes,No,Stayed the same,Yes,7,,,Yes,Yes,,,No,,No,,No,,,,,,,,,,,,,,,,5.48211779359431
261,231,Eastern Province,3,Rural,Community leaders,2,720,Crop cultivation, ,Yes,Livestock,Yes,Trading,No,,,Yes,No,20,Yes,Most parts of the community,Public or private tap (WASAC and other),Yes,,,Yes,Yes,,,,,,,"Yes, national grid",, ,, ,, ,, ,, ,, ,, ,12,50000,Small part of the community,Small part of the households,Small part of the businesses,No,No,Stayed the same,Yes,33,,,Yes,Yes,Yes,,No,,No,,No,,,,,,,,,,,,,,,,1.95926893617021
262,232,Eastern Province,3,Rural,Community leaders,1,158,Crop cultivation, ,Yes,Livestock,No,,Yes,No,,Yes,No,20,No,,Well/spring protected,,,,Yes,Yes,Yes,,,,,,No,, ,, ,, ,, ,, ,, ,, ,,,,,,,,,No,,,,,,,,Yes,Government,Yes,Government,No,,,,,,,,,,,,,,,,7.84644511904762
263,233,Eastern Province,3,Rural,Community leaders,1,99,Crop cultivation, ,No,,,,No,,,Yes,No,22,Yes,Everywhere in the community,Pipe borne water untreated,,,,Yes,Yes,Yes,Yes,,,,,No,, ,, ,, ,, ,, ,, ,, ,,,,,,,,,No,,,,,,,,Yes,Government,Yes,Government,No,,,,,,,,,,,,,,,,13.49487
264,234,Eastern Province,3,Urban,Community leaders,3,315,Crop cultivation, ,Yes,Livestock,Yes,Trading,No,,,Yes,No,25,No,,Bore hole/ hand pump,Yes,,,Yes,Yes,Yes,,,,,,"Yes, national grid",, ,, ,, ,, ,, ,, ,, ,10,56000,Entire community,Most of the households,All of the businesses,No,No,Increased,Yes,1,,,Yes,Yes,,,No,,No,,No,,,,,,,,,,,,,,,,12.3318692307692
265,235,Eastern Province,3,Rural,Community leaders,2,267,Crop cultivation, ,Yes,Livestock,Yes,Trading,Yes,No,,Yes,No,16,No,,Pipe borne water treated,,,,Yes,Yes,,,,,,,"Yes, national grid",, ,, ,, ,, ,, ,, ,, ,10,58000,Small part of the community,Small part of the households,Small part of the businesses,No,Yes,Stayed the same,Yes,2,,,Yes,Yes,,,No,,No,,No,,,,,,,,,,,,,,,,90.9270416666667
266,236,Eastern Province,3,Rural,Community leaders,1,223,Crop cultivation, ,Yes,Livestock,Yes,Trading,No,,,Yes,Yes,44,Yes,Most parts of the community,Public or private tap (WASAC and other),Yes,,,Yes,Yes,Yes,,,,,,"Yes, national grid",, ,, ,, ,, ,, ,, ,, ,1,0,Small part of the community,Small part of the households,Small part of the businesses,Yes,No,Stayed the same,Yes,25,,,Yes,Yes,,,No,,No,,No,,,,,,,,,,,,,,,,115.230054545455
267,237,Eastern Province,3,Urban,Community leaders,1,104,Trading, ,No,,,,No,,,Yes,No,25,Yes,Everywhere in the community,Public or private tap (WASAC and other),Yes,,,,,,,,,,,"Yes, national grid",, ,, ,, ,, ,, ,, ,, ,7,40000,Most of the community,Most of the households,Most of the businesses,No,Yes,Increased,No,,,,,,,,No,,No,,No,,,,,,,,,,,,,,,,31.9791152777778
268,238,Eastern Province,3,Urban,Community leaders,2,212,Services, ,Yes,Crop cultivation,Yes,Trading,No,,,Yes,Yes,24,No,,Public or private tap (WASAC and other),Yes,,,,,,,,,,,"Yes, national grid",, ,, ,, ,, ,, ,, ,, ,10,30000,Most of the community,Most of the households,All of the businesses,No,Yes,Increased,Yes,1,,,Yes,,,,No,,Yes,Government,No,,,,,,,,,,,,,,,,6.19307276595745
269,239,Eastern Province,3,Rural,Community leaders,1,163,Crop cultivation, ,Yes,Livestock,Yes,Trading,No,,,Yes,No,25,Yes,Everywhere in the community,Well/spring protected,,,,,,,,,,Yes,,No,, ,, ,, ,, ,, ,, ,, ,,,,,,,,,Yes,7,,,,Yes,,,Yes,Other,Yes,Other,No,,,,,,,,,,,,,,,,7.10105867403315
270,240,Eastern Province,3,Rural,Community leaders,2,117,Crop cultivation, ,Yes,Livestock,Yes,Trading,Yes,No,,Yes,Yes,41,Yes,Most parts of the community,Well/spring unprotected,Yes,,,Yes,Yes,Yes,,,,,,"Yes, national grid",, ,, ,, ,, ,, ,, ,, ,10,76000,Most of the community,Most of the households,Small part of the businesses,No,Yes,Increased,Yes,1,,,Yes,Yes,,,No,,No,,No,,,,,,,,,,,,,,,,10.5218458333333
271,241,Eastern Province,3,Rural,Community leaders,1,353,Crop cultivation, ,Yes,Livestock,Yes,Trading,No,,,Yes,Yes,12,Yes,Everywhere in the community,Public or private tap (WASAC and other),Yes,,,Yes,Yes,Yes,,,,,,"Yes, national grid",, ,, ,, ,, ,, ,, ,, ,6,56000,Entire community,Most of the households,All of the businesses,No,Yes,Increased,Yes,1,Yes,,Yes,,,,Yes,International Donor,Yes,International Donor,No,,,,,,,,,,,,,,,,61.146402640264
280,242,Eastern Province,4,Rural,Community leaders,1,255,Professional occupations, ,Yes,Crop cultivation,Yes,Livestock,Yes,No,,Yes,No,13,Yes,Everywhere in the community,Pipe borne water untreated,Yes,,,,Yes,,,,,,,"Yes, national grid",, ,, ,, ,, ,, ,, ,, ,10,56000,Most of the community,Most of the households,Small part of the businesses,Yes,Yes,Increased,No,,,,,,,,Yes,Government,Yes,Government,No,,,,,,,,,,,,,,,,83.807
281,243,Eastern Province,4,Urban,Community leaders,1,367,Trading, ,Yes,Crop cultivation,Yes,Professional occupations,No,,,Yes,Yes,40,Yes,Everywhere in the community,Public or private tap (WASAC and other),Yes,,,Yes,Yes,Yes,,,,,,"Yes, national grid",, ,, ,, ,, ,, ,, ,, ,15,50000,Most of the community,Most of the households,All of the businesses,Yes,Yes,Increased,No,,,,,,,,No,,No,,No,,,,,,,,,,,,,,,,9.17697944785276
282,244,Eastern Province,4,Urban,Community leaders,1,300,Crop cultivation, ,Yes,Civil service,Yes,Trading,Yes,Yes,No,Yes,No,1,No,,Public or private tap (WASAC and other),Yes,,,Yes,,Yes,,,,,,"Yes, national grid",, ,, ,, ,, ,, ,, ,, ,6,56000,Most of the community,Most of the households,All of the businesses,No,Yes,Increased,No,,,,,,,,No,,No,,No,,,,,,,,,,,,,,,,9.30882887323944
283,245,Eastern Province,4,Urban,Community leaders,1,320,Crop cultivation, ,Yes,Livestock,No,,Yes,No,,Yes,No,5,No,,Public or private tap (WASAC and other),Yes,,,Yes,Yes,,,,,,,"Yes, national grid",, ,, ,, ,, ,, ,, ,, ,20,56000,Most of the community,Most of the households,Most of the businesses,No,Yes,Increased,No,,,,,,,,No,,No,,No,,,,,,,,,,,,,,,,13.2456640127389
284,246,Eastern Province,4,Rural,Community leaders,1,415,Crop cultivation, ,Yes,Professional occupations,No,,Yes,No,,Yes,No,2,No,,Pipe borne water untreated,Yes,,,Yes,,Yes,,,,,,"Yes, national grid",, ,, ,, ,, ,, ,, ,, ,3,56000,Most of the community,Most of the households,Small part of the businesses,No,Yes,Increased,No,,,,,,,,No,,No,,No,,,,,,,,,,,,,,,,21.25921875
285,247,Eastern Province,4,Rural,Community leaders,1,256,Crop cultivation, ,Yes,Trading,No,,Yes,No,,Yes,No,11,No,,Pipe borne water untreated,Yes,,,,Yes,Yes,,,,,,"Yes, national grid",, ,, ,, ,, ,, ,, ,, ,3,56000,Most of the community,Most of the households,Small part of the businesses,No,No,Increased,No,,,,,,,,No,,No,,No,,,,,,,,,,,,,,,,79.18262625
286,248,Eastern Province,4,Rural,Community leaders,1,160,Crop cultivation, ,Yes,Professional occupations,No,,Yes,No,,Yes,No,22,Yes,Everywhere in the community,Pipe borne water untreated,,,,Yes,Yes,Yes,,,,,,No,, ,, ,, ,, ,, ,, ,, ,,,,,,,,,No,,,,,,,,No,,No,,No,,,,,,,,,,,,,,,,133.014805369128
287,249,Eastern Province,5,Rural,Community leaders,1,158,Crop cultivation, ,Yes,Livestock,Yes,Professional occupations,Yes,No,,Yes,No,10,Yes,Most parts of the community,Public or private tap (WASAC and other),Yes,,,Yes,Yes,Yes,,,,,,"Yes, national grid",, ,, ,, ,, ,, ,, ,, ,3,56000,Most of the community,Most of the households,Small part of the businesses,No,No,Increased,No,,,,,,,,No,,No,,No,,,,,,,,,,,,,,,,121.134436090226
288,250,Eastern Province,5,Urban,Community leaders,1,258,Crop cultivation, ,Yes,Professional occupations,No,,No,,,Yes,Yes,2,Yes,Everywhere in the community,Public or private tap (WASAC and other),Yes,,,Yes,,Yes,,,,,,"Yes, national grid",, ,, ,, ,, ,, ,, ,, ,4,56000,Most of the community,Most of the households,All of the businesses,Yes,Yes,Increased,No,,,,,,,,No,,No,,No,,,,,,,,,,,,,,,,9.34212658227848
289,251,Eastern Province,5,Rural,Community leaders,1,149,Crop cultivation, ,Yes,Livestock,Yes,Professional occupations,No,,,Yes,No,4,Yes,Most parts of the community,Pipe borne water untreated,Yes,,,,Yes,Yes,,,,,,"Yes, national grid",, ,, ,, ,, ,, ,, ,, ,1,56000,Small part of the community,Small part of the households,Small part of the businesses,No,No,Increased,No,,,,,,,,No,,No,,No,,,,,,,,,,,,,,,,160.181593984962
290,252,Eastern Province,5,Rural,Community leaders,1,117,Crop cultivation, ,Yes,Livestock,Yes,Professional occupations,Yes,No,,Yes,No,22,Yes,Only a few parts of the community,Pipe borne water treated,Yes,,,Yes,Yes,,,,,,,"Yes, national grid",, ,, ,, ,, ,, ,, ,, ,3,56000,Most of the community,Most of the households,Small part of the businesses,No,Yes,Increased,No,,,,,,,,No,,No,,No,,,,,,,,,,,,,,,,6.41137191489362
291,253,Eastern Province,5,Rural,Community leaders,1,222,Crop cultivation, ,Yes,Livestock,Yes,Trading,Yes,No,,Yes,No,20,Yes,Only a few parts of the community,Public or private tap (WASAC and other),Yes,,,,,Yes,,,,,,"Yes, national grid",, ,, ,, ,, ,, ,, ,, ,3,0,Small part of the community,Half of the households,Small part of the businesses,Yes,No,Decreased,No,,,,,,,,No,,Yes,Government,No,,,,,,,,,,,,,,,,5.14883130434783
292,254,Eastern Province,5,Rural,Community leaders,1,109,Crop cultivation, ,Yes,Livestock,Yes,Trading,Yes,Yes,No,Yes,No,20,Yes,Most parts of the community,Public or private tap (WASAC and other),Yes,,,,,,,,,,,"Yes, national grid",, ,, ,, ,, ,, ,, ,, ,4,0,Entire community,All of the households,All of the businesses,No,Yes,Stayed the same,No,,,,,,,,No,,Yes,Government,No,,,,,,,,,,,,,,,,4.10791541284404
293,255,Eastern Province,5,Rural,Community leaders,1,102,Crop cultivation, ,Yes,Livestock,Yes,Trading,Yes,No,,Yes,No,25,Yes,Everywhere in the community,Public or private tap (WASAC and other),Yes,,,,,Yes,,,,,,"Yes, national grid",, ,, ,, ,, ,, ,, ,, ,4,0,Most of the community,Most of the households,Most of the businesses,Yes,No,Stayed the same,No,,,,,,,,Yes,Government,Yes,Government,No,,,,,,,,,,,,,,,,6.88020618556701
294,256,Eastern Province,5,Rural,Community leaders,1,134,Crop cultivation, ,Yes,Trading,Yes,Livestock,Yes,No,,Yes,No,20,Yes,Only a few parts of the community,Well/spring protected,Yes,,,,,Yes,,,,,,"Yes, national grid",, ,, ,, ,, ,, ,, ,, ,1,0,Most of the community,Most of the households,Small part of the businesses,Yes,No,Stayed the same,Yes,20,,,,Yes,,,No,,No,,No,,,,,,,,,,,,,,,,195.606
295,257,Eastern Province,5,Rural,Community leaders,1,137,Crop cultivation, ,Yes,Civil service,Yes,Trading,Yes,Yes,No,Yes,No,16,Yes,Most parts of the community,Public or private tap (WASAC and other),Yes,,,,,,,,,,,"Yes, national grid",, ,, ,, ,, ,, ,, ,, ,3,0,Most of the community,Most of the households,Most of the businesses,Yes,No,Increased,No,,,,,,,,No,,Yes,Government,No,,,,,,,,,,,,,,,,5.47658758928572
296,258,Eastern Province,5,Rural,Community leaders,1,100,Crop cultivation, ,Yes,Trading,Yes,Civil service,Yes,No,,Yes,No,18,Yes,Half of the community,Public or private tap (WASAC and other),Yes,,,,,Yes,,,,,,"Yes, national grid",, ,, ,, ,, ,, ,, ,, ,3,0,Most of the community,Most of the households,Small part of the businesses,Yes,Yes,Increased,Yes,8,,,Yes,,,,Yes,Government,Yes,Government,No,,,,,,,,,,,,,,,,7.95912688172043
297,259,Eastern Province,5,Rural,Community leaders,1,368,Crop cultivation, ,Yes,Trading,Yes,Civil service,Yes,Yes,No,Yes,No,15,No,,Public or private tap (WASAC and other),Yes,,,,,Yes,,,,,,"Yes, national grid",, ,, ,, ,, ,, ,, ,, ,11,56000,Half of the community,Half of the households,Small part of the businesses,No,Yes,Stayed the same,No,,,,,,,,No,,No,,No,,,,,,,,,,,,,,,,2.34540276243094
298,260,Eastern Province,5,Rural,Community leaders,1,52,Crop cultivation, ,Yes,Civil service,No,,Yes,No,,Yes,No,14,Yes,Everywhere in the community,Public or private tap (WASAC and other),Yes,,,,,Yes,,,,,,"Yes, national grid",, ,, ,, ,, ,, ,, ,, ,10,56000,Most of the community,Most of the households,Small part of the businesses,No,No,Increased,No,,,,,,,,No,,No,,No,,,,,,,,,,,,,,,,421.347619047619
308,261,Eastern Province,6,Rural,Community leaders,1,365,Crop cultivation, ,Yes,Livestock,No,,Yes,No,,Yes,No,25,Yes,Half of the community,Pipe borne water untreated,,,,Yes,,Yes,,,,,,No,, ,, ,, ,, ,, ,, ,, ,,,,,,,,,No,,,,,,,,No,,No,,No,,,,,,,,,,,,,,,,65.4211258741259
309,262,Eastern Province,6,Urban,Community leaders,1,235,Crop cultivation, ,Yes,Professional occupations,Yes,Civil service,No,,,Yes,Yes,1,Yes,Everywhere in the community,Public or private tap (WASAC and other),Yes,,,,Yes,Yes,,,,,,"Yes, national grid",, ,, ,, ,, ,, ,, ,, ,1,56000,Most of the community,Most of the households,All of the businesses,No,No,Increased,No,,,,,,,,No,,No,,No,,,,,,,,,,,,,,,,11.2610976744186
310,263,Eastern Province,6,Rural,Community leaders,1,85,Crop cultivation, ,Yes,Livestock,No,,Yes,No,,Yes,No,30,No,,Bore hole/ hand pump,Yes,,,Yes,Yes,Yes,,,,,,"Yes, national grid",, ,, ,, ,, ,, ,, ,, ,3,56000,Small part of the community,Small part of the households,Small part of the businesses,No,No,Increased,Yes,10,Yes,,Yes,Yes,,,No,,No,,No,,,,,,,,,,,,,,,,265.9455
311,264,Eastern Province,6,Rural,Community leaders,1,251,Crop cultivation, ,Yes,Livestock,Yes,Trading,Yes,Yes,No,Yes,Yes,56,No,,Public or private tap (WASAC and other),Yes,,,Yes,Yes,Yes,,,,,,No,, ,, ,, ,, ,, ,, ,, ,,,,,,,,,Yes,50,Yes,,,,,,Yes,Government,Yes,Government,No,,,,,,,,,,,,,,,,110.668164383562
312,265,Eastern Province,6,Rural,Community leaders,1,140,Crop cultivation, ,Yes,Professional occupations,Yes,Livestock,Yes,Yes,No,Yes,No,25,Yes,Only a few parts of the community,Pipe borne water untreated,Yes,,,Yes,Yes,Yes,,,,,,No,, ,, ,, ,, ,, ,, ,, ,,,,,,,,,No,,,,,,,,No,,No,,No,,,,,,,,,,,,,,,,188.315441860465
313,266,Eastern Province,7,Urban,Community leaders,1,144,Crop cultivation, ,Yes,Livestock,Yes,Fishing/Hunting,No,,,Yes,No,26,Yes,Most parts of the community,Public or private tap (WASAC and other),Yes,,,,,,,,,,,"Yes, national grid",, ,, ,, ,, ,, ,, ,, ,10,0,Entire community,Most of the households,All of the businesses,No,No,Increased,No,,,,,,,,Yes,Government,Yes,Government,No,,,,,,,,,,,,,,,,16.9766382352941
314,267,Eastern Province,7,Rural,Community leaders,1,224,Crop cultivation, ,Yes,Fishing/Hunting,No,,Yes,Yes,No,Yes,No,29,No,,Lake/reservoir,Yes,,,,,Yes,,,,,,"Yes, national grid",, ,, ,, ,, ,, ,, ,, ,5,0,Entire community,Most of the households,Small part of the businesses,No,No,Increased,Yes,20,,Yes,,,,,No,,No,,No,,,,,,,,,,,,,,,,121.421042553191
315,268,Eastern Province,7,Rural,Community leaders,1,161,Crop cultivation, ,No,,,,Yes,Yes,No,Yes,No,16,No,,Well/spring unprotected,Yes,,,,,,,,,,,"Yes, national grid",, ,, ,, ,, ,, ,, ,, ,10,56000,Small part of the community,Small part of the households,Small part of the businesses,Yes,Yes,Increased,Yes,5,,,,Yes,,,Yes,Government,Yes,International Donor,No,,,,,,,,,,,,,,,,161.408918918919
316,269,Eastern Province,7,Rural,Community leaders,1,196,Crop cultivation, ,Yes,Livestock,Yes,Trading,Yes,Yes,No,Yes,No,8,Yes,Only a few parts of the community,Public or private tap (WASAC and other),Yes,,,Yes,Yes,Yes,,,,,,"Yes, national grid",, ,, ,, ,, ,, ,, ,, ,4,56000,Small part of the community,Small part of the households,All of the businesses,Yes,Yes,Stayed the same,No,,,,,,,,No,,No,,No,,,,,,,,,,,,,,,,140.077125
317,270,Eastern Province,7,Urban,Community leaders,1,167,Trading, ,Yes,Crop cultivation,Yes,Services,Yes,Yes,Yes,Yes,Yes,2,No,,Public or private tap (WASAC and other),Yes,,,,,,,,,,,"Yes, national grid",, ,, ,, ,, ,, ,, ,, ,13,10000,Entire community,All of the households,All of the businesses,No,Yes,Increased,No,,,,,,,,No,,No,,Yes,National grid connection from (COMPANY),Minor Part,Local government,Utility,12,No,Very satisfied,,,,,,,Yes,None,10.6805162650602
318,271,Eastern Province,7,Urban,Community leaders,1,390,Trading, ,Yes,Civil service,No,,No,,,Yes,No,1,Yes,Everywhere in the community,Public or private tap (WASAC and other),Yes,,,,,,,,,,,"Yes, national grid",, ,, ,, ,, ,, ,, ,, ,12,56000,Entire community,Most of the households,All of the businesses,No,Yes,Stayed the same,No,,,,,,,,No,,Yes,Government,Yes,National grid connection from (COMPANY),Minor Part,Local government,Utility,12,No,Very satisfied,,,,,,,Yes,Insecurity & thieves,14.9964432926829
319,272,Eastern Province,7,Rural,Community leaders,1,296,Crop cultivation, ,Yes,Livestock,Yes,Trading,No,,,Yes,No,20,Yes,Everywhere in the community,Lake/reservoir,Yes,,,,,,,,,,,"Yes, national grid",, ,, ,, ,, ,, ,, ,, ,6,0,Entire community,All of the households,All of the businesses,Yes,No,Increased,No,,,,,,,,No,,No,,No,,,,,,,,,,,,,,,,156.04722972973
