PSU,HH_Quest_Number,Household weight (nationally representative sample households),Province,District,Urban/Rural,Type of HH,Solar device,Usage of other appliance with this device,C135_Other,Who gave you this device,C144_Other,First most serious problem experienced with this device,Second most serious problem experienced with this device,C149_Other,Different devices used,Main solar device,Manufacturer and model of this device,Charging phone using this device,Number of light bulbs powered with this device,Power radio using this device,Usage of TV with this device,Usage of fan with this device,Usage of Refrigerator with this device,Usage of Tablet or laptop or computer with this device,Have appliances or not,No appliances,Capacity to power TV,Capacity to power fan,Capacity to power Refrigerator,Capacity to power tablet or laptop or computer,None appliances,Capacity to power other appliance,Type of solar device,Capacity of battery,Does this device have an inverter,Number of years having this device,Who decided to purchase or acquire this device,Device paid or given for free,Amount paid upfront for this device,Paid this device in instalments,Device come with a warranty,Number of hours using this device for lighting and other applications each day,Easily accessible service to repair or replace this device,Who installed this device,Household ID,Refugee camp names,Weight for refugee households
2,6,105.421975,Kigali City,Nyarugenge,Rural,Ordinary HH,second,,,,,No problems,No other problem,,Solar lighting system,No,International brands,No,1,No,,,,,Yes,Don't have appliances,,,,,Yes,,Solar Lantern,,,1,01,Paid,10000,No,Yes,1,,Reseller,110200601,,
2,6,105.421975,Kigali City,Nyarugenge,Rural,Ordinary HH,First,,,,,Battery problems,Cannot power large appliances,,Solar home system,Yes,International brands,Yes,3,Yes,Yes,,,,,Have appliances,,,,,,,Solar Home System,888,Yes,1,01,Paid,11400,Yes,Yes,12,No,Reseller,110200601,,
3,4,179.5065938,Kigali City,Nyarugenge,Rural,Ordinary HH,First,Yes,Telephone,Local government,,Duration of service too short,No other problem,,Solar home system,Yes,International brands,Yes,4,No,,,,,,Have appliances,,,,,,,Solar Lighting product,17,Yes,5,01,For free,,,Yes,4,,Reseller,110300401,,
12,7,73.16421861,Kigali City,Gasabo,Rural,Ordinary HH,First,Yes,No place to connect on it,,,Duration of service too short,No other problem,,Solar lantern,Yes,International brands,Yes,1,No,,,,,,Have appliances,,,,,,,Solar Lantern,,,1,01,Paid,5000,Yes,No,3,,Owner,121200701,,
18,2,947.7518,Kigali City,Gasabo,Rural,Ordinary HH,First,,,Local government,,No problems,No other problem,,Solar lighting system,Yes,International brands,Yes,3,No,,,,,Yes,Don't have appliances,,,,,Yes,,Solar Lighting product,888,No,5,01,For free,,,No,12,,Other technician,121800201,,
18,3,143.5987576,Kigali City,Gasabo,Rural,Ordinary HH,third,,,Relative/Friend,,No problems,No other problem,,Solar home system,No,International brands,No,1,No,,,,,Yes,Don't have appliances,,,,,Yes,,Solar Lantern,,,1,01,For free,,,No,1,,Relative/friend,121800301,,
18,3,143.5987576,Kigali City,Gasabo,Rural,Ordinary HH,First,,,,,Cannot power large appliances,Breaks down too often,,Solar home system,Yes,International brands,Yes,5,Yes,Yes,,,,,Have appliances,,,,,,,Solar Home System,100,Yes,1,01,Paid,30000,Yes,Yes,24,Yes,Reseller,121800301,,
18,3,143.5987576,Kigali City,Gasabo,Rural,Ordinary HH,second,,,,,No problems,No other problem,,Solar lantern,No,International brands,No,1,No,,,,,Yes,Don't have appliances,,,,,Yes,,Solar Lantern,,,1,01,Paid,10000,No,No,2,,Owner,121800301,,
18,12,947.7518,Kigali City,Gasabo,Rural,Ordinary HH,First,,,,,No problems,No other problem,,Solar lighting system,Yes,International brands,Yes,4,No,,,,,Yes,Don't have appliances,,,,,Yes,,Solar Lighting product,10,No,7,01,Paid,130000,Yes,No,4,,Owner,121801201,,
18,13,143.5987576,Kigali City,Gasabo,Rural,Ordinary HH,First,,,,,No problems,No other problem,,Solar home system,Yes,International brands,Yes,3,No,,,,,Yes,Don't have appliances,,,,,Yes,,Solar Lighting product,17,No,8,01,Paid,250000,Yes,No,3,,Reseller,121801301,,
19,4,44.87554969,Kigali City,Gasabo,Urban,Ordinary HH,First,,,,,No problems,No other problem,,Solar home system,Yes,International brands,No,3,No,Yes,,,,,Have appliances,,,,,,,Solar Home System,888,No,3,02,Paid,485000,Yes,Yes,12,,Reseller,121900401,,
20,2,604.1932641,Kigali City,Gasabo,Rural,Ordinary HH,First,,,,,Recurrent cost related to solar device is too expensive,No other problem,,Solar home system,Yes,International brands,Yes,4,Yes,Yes,,,,,Have appliances,,,,,,,Solar Home System,50,No,1,0102,Paid,30000,Yes,Yes,16,,Reseller,122000201,,
20,14,604.1932641,Kigali City,Gasabo,Rural,Ordinary HH,First,,,Local government,,No problems,No other problem,,Solar home system,Yes,International brands,Yes,3,Yes,,,,,Yes,Don't have appliances,,,,,Yes,,Solar Lighting product,12,Yes,5,01,For free,,,No,12,,Other technician,122001401,,
22,3,16.45555455,Kigali City,Gasabo,Urban,Ordinary HH,First,,,,,Duration of service too short,Cannot power large appliances,,Solar home system,Yes,International brands,Yes,3,Yes,Yes,,,Yes,,Have appliances,,,,,,,Solar Home System,888,No,3,01,Paid,2000,Yes,Yes,3,,Reseller,122200301,,
22,13,16.45555455,Kigali City,Gasabo,Urban,Ordinary HH,second,Yes,Electric lamp,Local private organizations (NGO),,No problems,No other problem,,Solar lighting system,No,International brands,No,1,No,,,,,,Have appliances,,,,,,,Solar Lighting product,12,No,3,01,For free,,,No,Don't know,,"Other, specify",122201301,,
22,13,16.45555455,Kigali City,Gasabo,Urban,Ordinary HH,third,Yes,Electric lamp,"Other, specify",Nothing,No problems,No other problem,,Solar home system,No,International brands,No,1,No,,,,,,Have appliances,,,,,,,Solar Home System,888,No,1,01,For free,,,No,2,,"Other, specify",122201301,,
22,13,16.45555455,Kigali City,Gasabo,Urban,Ordinary HH,First,,,,,Duration of service too short,Cannot power large appliances,,Solar home system,Yes,International brands,Yes,2,No,Yes,,,,,Have appliances,,,,,,,Solar Home System,888,No,3,01,Paid,30000,Yes,No,Don't know,,Reseller,122201301,,
27,3,4.944995319,Kigali City,Gasabo,Urban,Ordinary HH,First,,,,,Cannot power large appliances,"Other, specify",Zola Program only,Solar lighting system,Yes,International brands,Yes,4,Yes,,,,,Yes,Don't have appliances,,,,,Yes,,Solar Lighting product,22,No,5,01,Paid,285000,Yes,No,5,,Reseller,122700301,,
27,3,4.944995319,Kigali City,Gasabo,Urban,Ordinary HH,second,,,,,No problems,No other problem,,Solar lantern,No,International brands,No,1,No,,,,,Yes,Don't have appliances,,,,,Yes,,Solar Lantern,,,5,01,Paid,285000,Yes,No,3,,Reseller,122700301,,
29,5,467.7392,Kigali City,Gasabo,Urban,Ordinary HH,First,,,,,Cannot power large appliances,Quality of light,,Solar lighting system,Yes,International brands,Yes,3,No,,,,Yes,,Have appliances,,,,,,,Solar Home System,888,No,3,01,Paid,180000,Yes,Yes,1,,Owner,122900501,,
34,1,597.105425,Kigali City,Gasabo,Rural,Ordinary HH,First,Yes,Telephone,Local government,,No problems,No other problem,,Solar lantern,Yes,International brands,Yes,3,No,,,,,,Have appliances,,,,,,,Solar Lighting product,82,No,5,01,For free,,,No,12,,Other technician,123400101,,
40,6,637.3517,Kigali City,Kicukiro,Urban,Ordinary HH,First,,,,,No problems,No other problem,,Solar lantern,Yes,International brands,Yes,1,Yes,Yes,,,Yes,,Have appliances,,,,,,,Solar Home System,888,Yes,6,0102,Paid,8000,Yes,Yes,Don't know,,Reseller,134000601,,
44,8,288.1676185,Kigali City,Kicukiro,Urban,Ordinary HH,First,,,,,Battery problems,Duration of service too short,,Solar lighting system,Yes,International brands,Yes,2,Yes,,,,,Yes,Don't have appliances,,,,,Yes,,Solar Lighting product,12,No,2,01,Paid,15000,Yes,No,3,No,Other technician,134400801,,
45,1,25.65648931,Kigali City,Kicukiro,Urban,Ordinary HH,First,Yes,No one,,,Duration of service too short,No other problem,,Solar lighting system,Yes,International brands,Yes,4,Yes,,,,,,Have appliances,,,,,,,Solar Lighting product,888,Yes,6,01,Paid,130000,Yes,Yes,6,,Reseller,134500101,,
48,15,1223.457,Kigali City,Kicukiro,Urban,Ordinary HH,First,Yes,Water heater,,,No problems,No other problem,,Solar home system,Yes,International brands,No,1,No,,,,,,Have appliances,,,,,,,Solar Home System,60,No,1,01,Paid,900000,Yes,Yes,1,,Reseller,134801501,,
50,7,70.71207065,Southern Province,Nyanza,Urban,Ordinary HH,First,Yes,RADIO and telePhone,"Other, specify",Police authorities,No problems,No other problem,,Solar home system,Yes,International brands,No,3,Yes,,,,,,Have appliances,,,,,,,Solar Home System,888,Yes,5,01,For free,,,No,12,,Reseller,215000702,,
52,4,1357.810974,Southern Province,Nyanza,Rural,Ordinary HH,First,,,,,No problems,No other problem,,Solar lantern,Yes,International brands,Yes,1,Yes,,,,,Yes,Don't have appliances,,,,,Yes,,Solar Lantern,,,3,02,Paid,25000,Yes,No,3,,Owner,215200402,,
52,18,1357.810974,Southern Province,Nyanza,Rural,Ordinary HH,First,,,,,Breaks down too often,No other problem,,Solar lantern,Yes,International brands,Yes,1,Yes,,,,,Yes,Don't have appliances,,,,,Yes,,Solar Lantern,,,3,01,Paid,25000,Yes,No,5,No,Relative/friend,215201802,,
53,8,1158.745088,Southern Province,Nyanza,Rural,Ordinary HH,second,Yes,No one,Relative/Friend,,No problems,No other problem,,Solar lighting system,No,International brands,No,2,No,,,,,,Have appliances,,,,,,,Solar Lighting product,888,No,1,01,For free,,,No,2,,Owner,215300802,,
53,8,1158.745088,Southern Province,Nyanza,Rural,Ordinary HH,First,,,Relative/Friend,,No problems,No other problem,,Solar lantern,Yes,International brands,No,1,No,,,,,Yes,Don't have appliances,,,,,Yes,,Solar Lantern,,,1,01,For free,,,No,2,,Owner,215300802,,
54,10,429.7024886,Southern Province,Nyanza,Rural,Ordinary HH,First,,,,,Recurrent cost related to solar device is too expensive,Cannot power large appliances,,Solar lighting system,Yes,International brands,Yes,4,Yes,,,,,Yes,Don't have appliances,,,,,Yes,,Solar Lighting product,15,No,2,01,Paid,240000,Yes,Yes,12,,Reseller,215401002,,
54,12,995.1005,Southern Province,Nyanza,Rural,Ordinary HH,First,Yes,Electric lamp,,,No problems,No other problem,,Solar lighting system,Yes,International brands,No,3,No,,,,,,Have appliances,,,,,,,Solar Lighting product,888,No,2,01,Paid,80000,Yes,Yes,3,,Other technician,215401202,,
55,4,1326.08,Southern Province,Nyanza,Rural,Ordinary HH,First,,,,,Cannot power large appliances,No other problem,,Solar lighting system,Yes,International brands,No,3,No,,,,,Yes,Don't have appliances,,,,,Yes,,Solar Lighting product,32,Yes,1,02,Paid,31460,No,Yes,12,,Relative/friend,215500402,,
55,9,1326.08,Southern Province,Nyanza,Rural,Ordinary HH,second,,,,,No problems,No other problem,,Solar lighting system,No,International brands,Yes,3,Yes,,,,,Yes,Don't have appliances,,,,,Yes,,Solar Lighting product,6,No,1,0102,Paid,18700,Yes,Yes,24,,Owner,215500902,,
55,9,1326.08,Southern Province,Nyanza,Rural,Ordinary HH,third,,,,,No problems,No other problem,,Solar lantern,No,International brands,No,1,No,,,,,Yes,Don't have appliances,,,,,Yes,,Solar Lantern,,,1,0102,Paid,18700,Yes,Yes,3,,Owner,215500902,,
55,9,1326.08,Southern Province,Nyanza,Rural,Ordinary HH,First,,,,,No problems,No other problem,,Solar home system,Yes,International brands,Yes,3,Yes,,,,,Yes,Don't have appliances,,,,,Yes,,Solar Lighting product,6,No,1,0102,Paid,18700,Yes,Yes,24,,Owner,215500902,,
55,14,1326.08,Southern Province,Nyanza,Rural,Ordinary HH,second,Yes,Electric lamp,,,No problems,No other problem,,Solar home system,Yes,International brands,Yes,3,Yes,,,,,,Have appliances,,,,,,,Solar Lighting product,34,No,1,01,Paid,2300,Yes,No,3,,Reseller,215501402,,
55,14,1326.08,Southern Province,Nyanza,Rural,Ordinary HH,First,Yes,Telephone,,,Recurrent cost related to solar device is too expensive,No other problem,,Solar lantern,No,International brands,Yes,2,No,,,,,,Have appliances,,,,,,,Solar Lighting product,34,No,1,01,Paid,2300,Yes,No,3,,Reseller,215501402,,
55,16,1326.08,Southern Province,Nyanza,Rural,Ordinary HH,First,,,,,Quality of light,Cannot power large appliances,,Solar lighting system,Yes,International brands,Yes,3,Yes,,,,,Yes,Don't have appliances,,,,,Yes,,Solar Lighting product,32,No,1,01,Paid,72000,Yes,Yes,11,,Reseller,215501602,,
55,18,1326.08,Southern Province,Nyanza,Rural,Ordinary HH,second,Yes,Electric lamp,,,No problems,No other problem,,Solar home system,Yes,International brands,Yes,3,No,,,,,,Have appliances,,,,,,,Solar Lighting product,34,No,1,01,Paid,2100,Yes,No,4,,Reseller,215501802,,
55,18,1326.08,Southern Province,Nyanza,Rural,Ordinary HH,third,Yes,No one,,,No problems,No other problem,,Solar lantern,No,International brands,No,2,No,,,,,,Have appliances,,,,,,,Solar Lantern,,,1,01,Paid,2100,Yes,No,4,,Reseller,215501802,,
55,18,1326.08,Southern Province,Nyanza,Rural,Ordinary HH,First,Yes,Telephone,,,No problems,No other problem,,Solar lighting system,No,International brands,No,3,No,,,,,,Have appliances,,,,,,,Solar Lighting product,888,No,1,01,Paid,2100,Yes,No,3,,Reseller,215501802,,
55,18,1326.08,Southern Province,Nyanza,Rural,Ordinary HH,fourth,,,,,No problems,No other problem,,Solar lantern,No,International brands,No,1,No,,,,,Yes,Don't have appliances,,,,,Yes,,Solar Lantern,,,3,01,Paid,2100,Yes,No,3,,Reseller,215501802,,
56,10,169.8456,Southern Province,Gisagara,Rural,HH Surrounding Camp,First,,,,,No problems,No other problem,,Solar lantern,Yes,International brands,No,1,No,,,,,Yes,Don't have appliances,,,,,Yes,,Solar Lantern,,,5,01,Paid,27000,No,Yes,2,,Owner,225601002,,
56,16,169.8456,Southern Province,Gisagara,Rural,HH Surrounding Camp,First,,,,,Battery problems,No other problem,,Solar lighting system,Yes,International brands,Yes,3,Yes,,,,,Yes,Don't have appliances,,,,,Yes,,Solar Lighting product,888,No,3,0102,Paid,75000,No,Yes,2,Yes,Reseller,225601602,,
57,2,92.04521229,Southern Province,Gisagara,Rural,HH Surrounding Camp,First,,,,,No problems,No other problem,,Solar lighting system,Yes,International brands,Yes,6,Yes,,,,Yes,,Have appliances,,,,,,,Solar Home System,888,No,1,01,Paid,25000,No,No,12,,Owner,225700202,,
57,3,92.04521229,Southern Province,Gisagara,Rural,HH Surrounding Camp,First,,,,,Quality of light,Breaks down too often,,Solar home system,Yes,International brands,No,2,No,,,,,Yes,Don't have appliances,,,,,Yes,,Solar Lantern,,,1,01,Paid,16000,Yes,Yes,3,No,Reseller,225700302,,
57,7,92.04521229,Southern Province,Gisagara,Rural,HH Surrounding Camp,First,,,,,Duration of service too short,Quality of light,,Solar lighting system,Yes,International brands,Yes,3,Yes,,,,,Yes,Don't have appliances,,,,,Yes,,Solar Lighting product,10,No,1,01,Paid,30000,No,No,1,,Reseller,225700702,,
57,8,92.04521229,Southern Province,Gisagara,Rural,HH Surrounding Camp,First,,,,,Cannot power large appliances,Duration of service too short,,Solar home system,Yes,Component-based/Local,Yes,4,Yes,,,,,Yes,Don't have appliances,,,,,Yes,,Solar Lighting product,20,Yes,1,0102,Paid,95000,Yes,Yes,4,,Other technician,225700802,,
57,11,33.72649,Southern Province,Gisagara,Rural,HH Surrounding Camp,First,,,,,Recurrent cost related to solar device is too expensive,No other problem,,Solar home system,Yes,International brands,Yes,3,Yes,Yes,,,,,Have appliances,,,,,,,Solar Home System,888,Yes,4,01,Paid,300000,Yes,Yes,12,,Reseller,225701102,,
58,2,837.5806544,Southern Province,Gisagara,Rural,Ordinary HH,First,,,,,No problems,No other problem,,Solar lantern,Yes,International brands,Yes,1,No,,,,,Yes,Don't have appliances,,,,,Yes,,Solar Lighting product,12,Yes,1,01,Paid,5000,No,Yes,12,,Other technician,225800202,,
58,5,837.5806544,Southern Province,Gisagara,Rural,Ordinary HH,First,Yes,Electric lamp,,,Duration of service too short,No other problem,,Solar lantern,Yes,International brands,No,2,No,,,,,,Have appliances,,,,,,,Solar Lantern,,,1,01,Paid,16000,No,No,3,,Owner,225800502,,
58,6,837.5806544,Southern Province,Gisagara,Rural,Ordinary HH,First,,,,,Maintenance and availability of spare parts,No other problem,,Solar lighting system,Yes,International brands,No,3,No,,,,,Yes,Don't have appliances,,,,,Yes,,Solar Lighting product,7,No,1,02,Paid,30000,No,No,11,Yes,Reseller,225800602,,
58,10,837.5806544,Southern Province,Gisagara,Rural,Ordinary HH,First,Yes,No one,,,No problems,No other problem,,Solar lighting system,Yes,International brands,No,2,Yes,,,,,,Have appliances,,,,,,,Solar Lighting product,888,Yes,1,01,Paid,16000,No,Yes,4,,Relative/friend,225801002,,
58,11,837.5806544,Southern Province,Gisagara,Rural,Ordinary HH,First,Yes,No one,,,Duration of service too short,Quality of light,,Solar lighting system,Yes,International brands,No,2,No,,,,,,Have appliances,,,,,,,Solar Lighting product,888,Yes,1,01,Paid,16000,No,Yes,2,,Other technician,225801102,,
59,1,90.62590824,Southern Province,Gisagara,Rural,HH Surrounding Camp,First,,,,,Duration of service too short,No other problem,,Solar lighting system,Yes,International brands,Yes,2,No,,,,,Yes,Don't have appliances,,,,,Yes,,Solar Lighting product,888,No,1,0102,Paid,20000,No,No,1,,Owner,225900102,,
59,2,90.62590824,Southern Province,Gisagara,Rural,HH Surrounding Camp,First,Yes,No place to connect on it,,,No problems,No other problem,,Solar lighting system,Yes,International brands,No,3,No,,,,,,Have appliances,,,,,,,Solar Lighting product,7,Yes,1,01,Paid,16000,No,Yes,4,,Owner,225900202,,
59,8,90.62590824,Southern Province,Gisagara,Rural,HH Surrounding Camp,second,,,Local private organizations (NGO),,No problems,No other problem,,Solar lantern,No,International brands,No,1,No,,,,,Yes,Don't have appliances,,,,,Yes,,Solar Lantern,,,1,02,For free,,,No,2,,Other technician,225900802,,
59,8,90.62590824,Southern Province,Gisagara,Rural,HH Surrounding Camp,First,,,Local private organizations (NGO),,Battery problems,Duration of service too short,,Solar home system,Yes,International brands,Yes,3,Yes,,,,,Yes,Don't have appliances,,,,,Yes,,Solar Lighting product,20,Yes,1,02,For free,,,No,3,No,Reseller,225900802,,
59,10,90.62590824,Southern Province,Gisagara,Rural,HH Surrounding Camp,First,Yes,No place to connect on it,,,Battery problems,Quality of light,,Solar home system,Yes,International brands,No,3,No,,,,,,Have appliances,,,,,,,Solar Home System,888,No,1,01,Paid,15000,No,No,3,No,Reseller,225901002,,
60,6,41.58053684,Southern Province,Gisagara,Rural,HH Surrounding Camp,First,Yes,No place to connect on it,,,No problems,No other problem,,Solar lighting system,Yes,International brands,No,3,No,,,,,,Have appliances,,,,,,,Solar Lighting product,888,Yes,2,0102,Paid,16000,No,No,5,,Relative/friend,226000602,,
60,8,41.58053684,Southern Province,Gisagara,Rural,HH Surrounding Camp,third,Yes,Not possible to connect on it,,,No problems,No other problem,,Solar lighting system,No,Component-based/Local,Yes,2,No,,,,,,Have appliances,,,,,,,Solar Lighting product,12,No,1,01,Paid,10000,No,Yes,8,,Other technician,226000802,,
60,8,41.58053684,Southern Province,Gisagara,Rural,HH Surrounding Camp,second,Yes,Not possible to connect on it,,,No problems,No other problem,,Solar home system,Yes,Component-based/Local,Yes,2,Yes,,,,,,Have appliances,,,,,,,Solar Lighting product,20,No,1,01,Paid,23000,No,Yes,12,,Other technician,226000802,,
60,8,41.58053684,Southern Province,Gisagara,Rural,HH Surrounding Camp,First,Yes,Not possible to connect on it,,,No problems,No other problem,,Solar home system,No,Component-based/Local,Yes,2,Yes,,,,,,Have appliances,,,,,,,Solar Lighting product,20,Yes,1,01,Paid,12500,No,Yes,12,,Other technician,226000802,,
60,14,131.6717,Southern Province,Gisagara,Rural,HH Surrounding Camp,First,,,,,Duration of service too short,No other problem,,Solar lantern,Yes,International brands,No,1,No,,,,,Yes,Don't have appliances,,,,,Yes,,Solar Lantern,,,9,02,Paid,25000,No,Yes,3,,Owner,226001402,,
60,17,41.58053684,Southern Province,Gisagara,Rural,HH Surrounding Camp,First,,,,,No problems,No other problem,,Solar lighting system,Yes,International brands,Yes,2,No,,,,,Yes,Don't have appliances,,,,,Yes,,Solar Lighting product,888,No,1,02,Paid,30000,No,Yes,1,,Owner,226001702,,
61,1,32.60649949,Southern Province,Gisagara,Rural,HH Surrounding Camp,First,,,,,Maintenance and availability of spare parts,Duration of service too short,,Solar lantern,Yes,International brands,No,1,No,,,,,Yes,Don't have appliances,,,,,Yes,,Solar Lantern,,,3,02,Paid,29500,No,No,11,No,Owner,226100102,,
61,4,32.60649949,Southern Province,Gisagara,Rural,HH Surrounding Camp,second,Yes,No place to connect on it,,,Quality of light,No other problem,,Solar lantern,No,International brands,No,1,No,,,,,,Have appliances,,,,,,,Solar Lantern,,,2,01,Paid,7000,No,No,2,,Owner,226100402,,
61,4,32.60649949,Southern Province,Gisagara,Rural,HH Surrounding Camp,First,Yes,No place to connect on it,,,No problems,No other problem,,Solar lighting system,Yes,International brands,Yes,2,Yes,,,,,,Have appliances,,,,,,,Solar Lighting product,7,Yes,1,0102,Paid,24000,No,Yes,6,,Owner,226100402,,
61,8,32.60649949,Southern Province,Gisagara,Rural,HH Surrounding Camp,First,,,,,No problems,No other problem,,Solar lantern,Yes,International brands,No,1,No,,,,,Yes,Don't have appliances,,,,,Yes,,Solar Lantern,,,1,01,Paid,25000,No,Yes,6,,"Other, specify",226100802,,
61,14,32.60649949,Southern Province,Gisagara,Rural,HH Surrounding Camp,First,,,,,Duration of service too short,Breaks down too often,,Solar lantern,Yes,International brands,No,1,No,,,,,Yes,Don't have appliances,,,,,Yes,,Solar Lantern,,,5,01,Paid,30000,No,Yes,4,No,Owner,226101402,,
62,4,40.30629867,Southern Province,Gisagara,Rural,HH Surrounding Camp,First,Yes,No place to connect on it,,,No problems,No other problem,,Solar lighting system,Yes,International brands,Yes,2,Yes,,,,,,Have appliances,,,,,,,Solar Lighting product,8,Yes,1,01,Paid,16000,No,No,4,,Owner,226200402,,
62,5,40.30629867,Southern Province,Gisagara,Rural,HH Surrounding Camp,First,Yes,No place to connect on it,,,Quality of light,No other problem,,Solar lighting system,Yes,International brands,No,2,No,,,,,,Have appliances,,,,,,,Solar Lighting product,8,Yes,1,0102,Paid,25000,No,Yes,4,,Owner,226200502,,
63,6,71.2982584,Southern Province,Gisagara,Rural,HH Surrounding Camp,First,,,Local private organizations (NGO),,No problems,No other problem,,Solar lantern,Yes,Component-based/Local,No,1,No,,,,,Yes,Don't have appliances,,,,,Yes,,Solar Lantern,,,1,01,For free,,,No,3,,Reseller,226300602,,
63,7,71.2982584,Southern Province,Gisagara,Rural,HH Surrounding Camp,First,,,,,No problems,No other problem,,Solar lantern,Yes,International brands,Yes,1,Yes,,,,,Yes,Don't have appliances,,,,,Yes,,Solar Lighting product,12,Yes,1,01,Paid,16200,Yes,Yes,12,,Relative/friend,226300702,,
63,8,71.2982584,Southern Province,Gisagara,Rural,HH Surrounding Camp,First,Yes,No,,,No problems,No other problem,,Solar lighting system,Yes,International brands,Yes,3,Yes,,,,,,Have appliances,,,,,,,Solar Lighting product,888,No,1,02,Paid,45000,No,No,4,,Relative/friend,226300802,,
63,9,71.2982584,Southern Province,Gisagara,Rural,HH Surrounding Camp,First,,,Relative/Friend,,No problems,No other problem,,Solar lighting system,Yes,International brands,Yes,3,Yes,,,,,Yes,Don't have appliances,,,,,Yes,,Solar Lighting product,888,No,1,02,For free,,,No,4,,Relative/friend,226300902,,
63,13,71.2982584,Southern Province,Gisagara,Rural,HH Surrounding Camp,First,,,,,Duration of service too short,No other problem,,Solar lighting system,Yes,International brands,No,3,No,,,,,Yes,Don't have appliances,,,,,Yes,,Solar Lighting product,888,No,2,0102,Paid,15000,No,No,12,,Reseller,226301302,,
63,16,71.2982584,Southern Province,Gisagara,Rural,HH Surrounding Camp,First,,,,,No problems,No other problem,,Solar lantern,Yes,International brands,Yes,1,Yes,,,,,Yes,Don't have appliances,,,,,Yes,,Solar Lighting product,12,Yes,1,01,Paid,5000,Yes,Yes,12,,Relative/friend,226301602,,
66,9,36.89001727,Southern Province,Gisagara,Rural,HH Surrounding Camp,First,,,,,No problems,No other problem,,Solar home system,Yes,International brands,Yes,3,No,,,,,Yes,Don't have appliances,,,,,Yes,,Solar Lighting product,888,No,1,02,Paid,30000,Yes,No,3,,"Other, specify",226600902,,
66,13,36.89001727,Southern Province,Gisagara,Rural,HH Surrounding Camp,First,Yes,No one,,,Recurrent cost related to solar device is too expensive,No other problem,,Solar lantern,Yes,International brands,No,1,No,,,,,,Have appliances,,,,,,,Solar Lantern,,,5,02,Paid,28000,Yes,No,3,,Owner,226601302,,
67,4,105.2169285,Southern Province,Gisagara,Rural,HH Surrounding Camp,First,Yes,Electric lamp,,,No problems,No other problem,,Solar lantern,Yes,International brands,Yes,1,Yes,,,,,,Have appliances,,,,,,,Solar Lantern,,,2,01,Paid,5000,Yes,No,12,,Other technician,226700402,,
67,5,105.2169285,Southern Province,Gisagara,Rural,HH Surrounding Camp,second,,,,,Duration of service too short,No other problem,,Solar home system,Yes,International brands,Yes,2,Yes,,,,,Yes,Don't have appliances,,,,,Yes,,Solar Lighting product,888,No,1,01,Paid,12000,No,No,4,,Owner,226700502,,
67,5,105.2169285,Southern Province,Gisagara,Rural,HH Surrounding Camp,First,,,,,Cannot power large appliances,Duration of service too short,,Solar home system,No,International brands,No,2,Yes,,,,,Yes,Don't have appliances,,,,,Yes,,Solar Lantern,,,1,01,Paid,5000,Yes,No,1,,Owner,226700502,,
67,8,105.2169285,Southern Province,Gisagara,Rural,HH Surrounding Camp,First,,,Local government,,Duration of service too short,No other problem,,Solar lighting system,Yes,International brands,Yes,3,Yes,,,,,Yes,Don't have appliances,,,,,Yes,,Solar Lighting product,12,No,1,02,For free,,,No,3,,Relative/friend,226700802,,
67,14,105.2169285,Southern Province,Gisagara,Rural,HH Surrounding Camp,First,,,,,No problems,No other problem,,Solar home system,Yes,International brands,Yes,3,Yes,,,,,Yes,Don't have appliances,,,,,Yes,,Solar Lighting product,17,No,1,01,Paid,66000,Yes,Yes,8,,Reseller,226701402,,
68,8,311.598,Southern Province,Gisagara,Rural,Ordinary HH,First,Yes,No one,,,Duration of service too short,Quality of light,,Solar lighting system,Yes,International brands,Yes,2,Yes,,,,,,Have appliances,,,,,,,Solar Lighting product,10,Yes,1,01,Paid,15000,No,Yes,6,,Owner,226800802,,
69,4,123.8083379,Southern Province,Gisagara,Rural,HH Surrounding Camp,First,,,,,No problems,No other problem,,Solar lighting system,Yes,International brands,Yes,3,No,,,,,Yes,Don't have appliances,,,,,Yes,,Solar Lighting product,12,No,1,01,Paid,74000,No,Yes,6,,Other technician,226900402,,
69,5,123.8083379,Southern Province,Gisagara,Rural,HH Surrounding Camp,First,Yes,No one,,,Battery problems,No other problem,,Solar lighting system,Yes,International brands,Yes,2,Yes,,,,,,Have appliances,,,,,,,Solar Lighting product,9,Yes,1,0102,Paid,15000,No,No,7,No,Reseller,226900502,,
70,1,80.09887174,Southern Province,Gisagara,Rural,HH Surrounding Camp,First,Yes,No place to connect on it,,,Recurrent cost related to solar device is too expensive,No other problem,,Solar lighting system,Yes,International brands,Yes,3,No,,,,,,Have appliances,,,,,,,Solar Lighting product,7,Yes,4,01,Paid,91000,Yes,Yes,5,,Reseller,227000102,,
70,5,80.09887174,Southern Province,Gisagara,Rural,HH Surrounding Camp,First,,,,,No problems,No other problem,,Solar lantern,Yes,International brands,No,1,No,,,,,Yes,Don't have appliances,,,,,Yes,,Solar Lantern,,,2,0102,Paid,28000,Yes,Yes,5,,Owner,227000502,,
70,6,80.09887174,Southern Province,Gisagara,Rural,HH Surrounding Camp,First,Yes,No place to connect on it,"Other, specify",President,No problems,No other problem,,Solar lighting system,Yes,International brands,No,3,No,,,,,,Have appliances,,,,,,,Solar Lighting product,888,Yes,2,01,For free,,,No,3,,Relative/friend,227000602,,
71,5,1344.709408,Southern Province,Gisagara,Rural,Ordinary HH,First,,,,,Cannot power large appliances,Duration of service too short,,Solar home system,Yes,Component-based/Local,Yes,3,Yes,,,,,Yes,Don't have appliances,,,,,Yes,,Solar Lighting product,20,Yes,1,01,Paid,95000,Yes,Yes,3,,Other technician,227100502,,
71,9,1344.709408,Southern Province,Gisagara,Rural,Ordinary HH,First,,,,,Recurrent cost related to solar device is too expensive,No other problem,,Solar lighting system,Yes,International brands,Yes,2,Yes,,,,,Yes,Don't have appliances,,,,,Yes,,Solar Lighting product,888,No,1,01,Paid,50000,Yes,Yes,4,,Owner,227100902,,
73,2,,Southern Province,Gisagara,Rural,Refugee HH,First,,,,,Quality of light,No other problem,,Solar lighting system,Yes,International brands,Yes,3,No,,,,Yes,,Have appliances,,,,,,,Solar Home System,888,No,1,01,Paid,35000,Yes,Yes,3,,Owner,227300202,Mugombwa Camp,18.00793648
73,10,,Southern Province,Gisagara,Rural,Refugee HH,First,Yes,Electric lamp,,,No problems,No other problem,,Solar home system,Yes,International brands,No,4,No,,,,,,Have appliances,,,,,,,Solar Home System,60,Yes,2,01,Paid,9800,Yes,Yes,Don't know,,Reseller,227301002,Mugombwa Camp,18.00793648
73,11,,Southern Province,Gisagara,Rural,Refugee HH,First,Yes,Electric lamp,,,Duration of service too short,No other problem,,Solar home system,Yes,International brands,No,2,No,,,,,,Have appliances,,,,,,,Solar Home System,888,No,1,01,Paid,12000,Yes,Yes,3,,Relative/friend,227301102,Mugombwa Camp,18.00793648
74,10,,Southern Province,Gisagara,Rural,Refugee HH,First,,,Local private organizations (NGO),,No problems,No other problem,,Solar lantern,Yes,International brands,No,1,No,,,,,Yes,Don't have appliances,,,,,Yes,,Solar Lantern,,,2,0102,For free,,,No,3,,Relative/friend,227401002,Mugombwa Camp,18.00793648
76,4,,Southern Province,Gisagara,Rural,Refugee HH,First,Yes,Electric lamp,,,No problems,No other problem,,Solar lantern,Yes,International brands,No,1,No,,,,,,Have appliances,,,,,,,Solar Lantern,,,1,01,Paid,5000,No,Yes,3,,Owner,227600402,Mugombwa Camp,18.00793648
76,5,,Southern Province,Gisagara,Rural,Refugee HH,First,Yes,Electric lamp,,,No problems,No other problem,,Solar home system,Yes,International brands,Yes,3,No,,,,,,Have appliances,,,,,,,Solar Lighting product,60,Yes,2,01,Paid,115200,Yes,Yes,24,,Reseller,227600502,Mugombwa Camp,18.00793648
76,6,,Southern Province,Gisagara,Rural,Refugee HH,First,Yes,No one,,,Battery problems,Duration of service too short,,Solar home system,Yes,International brands,Yes,3,No,,,,,,Have appliances,,,,,,,Solar Lighting product,60,Yes,3,02,Paid,169200,Yes,Yes,4,No,Reseller,227600602,Mugombwa Camp,18.00793648
76,9,,Southern Province,Gisagara,Rural,Refugee HH,First,Yes,Electric lamp,,,No problems,No other problem,,Solar home system,Yes,International brands,Yes,3,Yes,,,,,,Have appliances,,,,,,,Solar Lighting product,60,Yes,3,0102,Paid,172800,Yes,Yes,4,,Reseller,227600902,Mugombwa Camp,18.00793648
76,13,,Southern Province,Gisagara,Rural,Refugee HH,First,,,,,Recurrent cost related to solar device is too expensive,Battery problems,,Solar home system,Yes,International brands,Yes,3,Yes,,,,Yes,,Have appliances,,,,,,,Solar Home System,888,No,2,01,Paid,172800,Yes,Yes,3,No,Reseller,227601302,Mugombwa Camp,18.00793648
76,15,,Southern Province,Gisagara,Rural,Refugee HH,First,,,,,Quality of light,Battery problems,,Solar lighting system,Yes,International brands,No,3,No,,,,Yes,,Have appliances,,,,,,,Solar Home System,888,No,1,01,Paid,20000,No,Yes,2,No,Reseller,227601502,Mugombwa Camp,18.00793648
77,16,,Southern Province,Gisagara,Rural,Refugee HH,First,,,,,Duration of service too short,Quality of light,,Solar lighting system,Yes,International brands,No,1,No,,,,Yes,,Have appliances,,,,,,,Solar Home System,888,No,1,01,Paid,13000,No,No,2,,Reseller,227701602,Mugombwa Camp,18.00793648
78,14,,Southern Province,Gisagara,Rural,Refugee HH,First,,,,,Quality of light,Recurrent cost related to solar device is too expensive,,Solar home system,Yes,International brands,Yes,3,Yes,,,,Yes,,Have appliances,,,,,,,Solar Home System,888,No,2,01,Paid,300000,Yes,Yes,3,,Reseller,227801402,Mugombwa Camp,18.00793648
78,15,,Southern Province,Gisagara,Rural,Refugee HH,First,,,,,Battery problems,Breaks down too often,,Solar lighting system,Yes,International brands,Yes,2,No,,,,Yes,,Have appliances,,,,,,,Solar Home System,888,No,1,01,Paid,20000,No,No,2,No,Reseller,227801502,Mugombwa Camp,18.00793648
78,18,,Southern Province,Gisagara,Rural,Refugee HH,First,Yes,No one,,,No problems,No other problem,,Solar home system,Yes,International brands,No,3,No,,,,,,Have appliances,,,,,,,Solar Home System,60,Yes,1,01,Paid,12000,Yes,Yes,4,,Owner,227801802,Mugombwa Camp,18.00793648
79,3,191.2698767,Southern Province,Nyaruguru,Urban,Ordinary HH,First,,,,,No problems,No other problem,,Solar home system,Yes,International brands,Yes,4,Yes,,,,,Yes,Don't have appliances,,,,,Yes,,Solar Lighting product,888,No,4,02,Paid,15000,Yes,Yes,3,,Other technician,237900302,,
79,5,191.2698767,Southern Province,Nyaruguru,Urban,Ordinary HH,First,Yes,No one,"Other, specify",Landlord,Breaks down too often,No other problem,,Solar home system,Yes,International brands,Yes,3,Yes,,,,,,Have appliances,,,,,,,Solar Lighting product,888,No,2,01,For free,,,Yes,15,Yes,Reseller,237900502,,
79,8,133.4441,Southern Province,Nyaruguru,Urban,Ordinary HH,First,Yes,No place to connect on it,,,Duration of service too short,No other problem,,Solar lantern,Yes,International brands,No,1,No,,,,,,Have appliances,,,,,,,Solar Lantern,,,5,01,Paid,30000,Yes,Yes,2,,"Other, specify",237900802,,
80,6,943.521016,Southern Province,Nyaruguru,Rural,Ordinary HH,First,Yes,Telephone,Local government,,Duration of service too short,No other problem,,Solar home system,Yes,International brands,Yes,3,No,,,,,,Have appliances,,,,,,,Solar Lighting product,888,No,3,02,For free,,,No,1,,"Other, specify",238000602,,
80,13,943.521016,Southern Province,Nyaruguru,Rural,Ordinary HH,third,,,Local government,,Battery problems,Quality of light,,Solar home system,No,International brands,No,2,No,,,,,Yes,Don't have appliances,,,,,Yes,,Solar Home System,888,Yes,3,01,For free,,,No,3,No,Reseller,238001302,,
80,13,943.521016,Southern Province,Nyaruguru,Rural,Ordinary HH,second,,,Local government,,Quality of light,Battery problems,,Solar home system,No,International brands,No,2,No,,,,,Yes,Don't have appliances,,,,,Yes,,Solar Lantern,,,3,01,For free,,,No,3,No,Reseller,238001302,,
80,13,943.521016,Southern Province,Nyaruguru,Rural,Ordinary HH,First,,,Local government,,Duration of service too short,Recurrent cost related to solar device is too expensive,,Solar home system,Yes,International brands,No,2,No,,,,,Yes,Don't have appliances,,,,,Yes,,Solar Home System,60,Yes,3,0102,For free,,,No,3,,Reseller,238001302,,
80,14,943.521016,Southern Province,Nyaruguru,Rural,Ordinary HH,second,,,Local government,,No problems,No other problem,,Solar lighting system,Yes,International brands,No,1,No,,,,,Yes,Don't have appliances,,,,,Yes,,Solar Lantern,,,2,01,For free,,,No,2,,Reseller,238001402,,
80,14,943.521016,Southern Province,Nyaruguru,Rural,Ordinary HH,third,,,Local government,,Quality of light,Battery problems,,Solar lighting system,No,International brands,No,1,No,,,,,Yes,Don't have appliances,,,,,Yes,,Solar Lantern,,,2,01,For free,,,No,2,,Reseller,238001402,,
80,14,943.521016,Southern Province,Nyaruguru,Rural,Ordinary HH,fourth,,,Local government,,Quality of light,Battery problems,,Solar lighting system,No,International brands,No,1,No,,,,,Yes,Don't have appliances,,,,,Yes,,Solar Lantern,,,2,01,For free,,,No,1,No,Reseller,238001402,,
80,14,943.521016,Southern Province,Nyaruguru,Rural,Ordinary HH,First,,,Local government,,Duration of service too short,Recurrent cost related to solar device is too expensive,,Solar home system,No,International brands,No,1,No,,,,,Yes,Don't have appliances,,,,,Yes,,Solar Lantern,,,2,01,For free,,,No,2,No,Reseller,238001402,,
81,1,1569.958345,Southern Province,Nyaruguru,Rural,Ordinary HH,First,,,,,Quality of light,Cannot power large appliances,,Solar lighting system,Yes,International brands,Yes,3,No,,,,Yes,,Have appliances,,,,,,,Solar Home System,70,No,1,01,Paid,20000,No,Yes,3,,Reseller,238100102,,
81,3,1569.958345,Southern Province,Nyaruguru,Rural,Ordinary HH,First,,,Local government,,Quality of light,No other problem,,Solar lighting system,Yes,International brands,Yes,4,No,,,,Yes,,Have appliances,,,,,,,Solar Home System,70,Yes,1,01,For free,,,No,3,,Other technician,238100302,,
81,4,1569.958345,Southern Province,Nyaruguru,Rural,Ordinary HH,First,,,Local government,,No problems,No other problem,,Solar home system,Yes,International brands,Yes,3,No,,,,Yes,,Have appliances,,,,,,,Solar Home System,50,Yes,1,01,For free,,,No,2,,Other technician,238100402,,
82,2,2203.369327,Southern Province,Nyaruguru,Rural,Ordinary HH,First,,,Local government,,No problems,No other problem,,Solar home system,Yes,International brands,Yes,3,No,Yes,,,,,Have appliances,,,,,,,Solar Home System,888,No,3,01,For free,,,No,3,,Owner,238200202,,
82,4,2203.369327,Southern Province,Nyaruguru,Rural,Ordinary HH,First,,,Local government,,No problems,No other problem,,Solar home system,Yes,International brands,Yes,4,No,,,,,Yes,Don't have appliances,,,,,Yes,,Solar Lighting product,12,No,1,01,For free,,,No,4,,Other technician,238200402,,
82,17,2203.369327,Southern Province,Nyaruguru,Rural,Ordinary HH,First,,,,,Quality of light,Recurrent cost related to solar device is too expensive,,Solar lantern,Yes,International brands,No,1,No,,,,,Yes,Don't have appliances,,,,,Yes,,Solar Lantern,,,1,0102,Paid,12000,No,No,3,,Owner,238201702,,
82,18,2203.369327,Southern Province,Nyaruguru,Rural,Ordinary HH,First,,,Local government,,Battery problems,Duration of service too short,,Solar lighting system,No,International brands,No,2,No,,,,,Yes,Don't have appliances,,,,,Yes,,Solar Lighting product,888,No,1,01,For free,,,No,3,No,Other technician,238201802,,
82,18,2203.369327,Southern Province,Nyaruguru,Rural,Ordinary HH,second,,,Local government,,Duration of service too short,Battery problems,,Solar lighting system,Yes,International brands,No,4,No,,,,,Yes,Don't have appliances,,,,,Yes,,Solar Lighting product,888,No,1,01,For free,,,No,3,No,Other technician,238201802,,
83,1,1305.621,Southern Province,Huye,Rural,Ordinary HH,First,,,,,No problems,No other problem,,Solar lighting system,Yes,International brands,Yes,3,Yes,Yes,,Yes,,,Have appliances,,,,,,,Solar Home System,888,Yes,3,01,Paid,75000,Yes,Yes,3,,Other technician,248300102,,
83,5,1305.621,Southern Province,Huye,Rural,Ordinary HH,First,Yes,Telephone,,,Recurrent cost related to solar device is too expensive,No other problem,,Solar home system,Yes,International brands,Yes,3,Yes,,,,,,Have appliances,,,,,,,Solar Lighting product,32,No,1,01,Paid,2100,Yes,No,5,,"Other, specify",248300502,,
83,6,1305.621,Southern Province,Huye,Rural,Ordinary HH,First,Yes,RADIO and telePhone,,,Recurrent cost related to solar device is too expensive,No other problem,,Solar home system,Yes,International brands,Yes,3,Yes,,,,,,Have appliances,,,,,,,Solar Lighting product,34,No,1,01,Paid,1400,Yes,No,4,,Owner,248300602,,
83,8,1305.621,Southern Province,Huye,Rural,Ordinary HH,First,,,,,Recurrent cost related to solar device is too expensive,Maintenance and availability of spare parts,,Solar lighting system,Yes,International brands,Yes,3,Yes,,,,,Yes,Don't have appliances,,,,,Yes,,Solar Lighting product,12,Yes,1,02,Paid,63000,Yes,Yes,4,Yes,Other technician,248300802,,
83,18,1305.621,Southern Province,Huye,Rural,Ordinary HH,First,,,Local government,,Duration of service too short,No other problem,,Solar home system,Yes,International brands,Yes,3,No,,,,,Yes,Don't have appliances,,,,,Yes,,Solar Lighting product,34,No,1,01,For free,,,No,3,,Reseller,248301802,,
84,10,1044.35,Southern Province,Huye,Rural,Ordinary HH,second,,,,,Cannot power large appliances,Quality of light,,Solar lantern,Yes,International brands,Yes,1,No,,,,,Yes,Don't have appliances,,,,,Yes,,Solar Lantern,,,4,02,Paid,30000,Yes,No,24,,Reseller,248401002,,
84,10,1044.35,Southern Province,Huye,Rural,Ordinary HH,First,,,,,No problems,No other problem,,Solar home system,No,International brands,Yes,3,No,,,,,Yes,Don't have appliances,,,,,Yes,,Solar Lighting product,888,Yes,3,02,Paid,40000,Yes,Yes,2,,Reseller,248401002,,
85,18,176.1393,Southern Province,Huye,Urban,Ordinary HH,fourth,Yes,Telephone,Local government,,No problems,No other problem,,Solar lantern,No,International brands,No,2,No,,,,,,Have appliances,,,,,,,Solar Lantern,,,4,01,For free,,,No,Don't know,,Reseller,248501802,,
85,18,176.1393,Southern Province,Huye,Urban,Ordinary HH,third,Yes,Telephone,Local government,,No problems,No other problem,,Solar home system,No,International brands,No,2,No,,,,,,Have appliances,,,,,,,Solar Home System,888,No,5,01,For free,,,No,Don't know,,Reseller,248501802,,
85,18,176.1393,Southern Province,Huye,Urban,Ordinary HH,First,,,,,No problems,No other problem,,Solar lighting system,No,International brands,No,1,No,,,,,Yes,Don't have appliances,,,,,Yes,,Solar Lantern,,,4,01,Paid,130000,No,Yes,Don't know,,Reseller,248501802,,
85,18,176.1393,Southern Province,Huye,Urban,Ordinary HH,second,,,,,No problems,No other problem,,Solar home system,Yes,International brands,Yes,4,Yes,,,,,Yes,Don't have appliances,,,,,Yes,,Solar Lighting product,888,No,5,01,Paid,136000,No,No,Don't know,,Reseller,248501802,,
87,13,1630.48,Southern Province,Huye,Rural,Ordinary HH,First,,,,,No problems,No other problem,,Solar lantern,Yes,International brands,Yes,1,No,,,,,Yes,Don't have appliances,,,,,Yes,,Solar Lantern,,,2,0102,Paid,35000,Yes,No,4,,Owner,248701302,,
87,14,1630.48,Southern Province,Huye,Rural,Ordinary HH,First,,,,,Battery problems,Quality of light,,Solar home system,Yes,International brands,No,2,No,,,,,Yes,Don't have appliances,,,,,Yes,,Solar Home System,888,No,1,01,Paid,15000,No,Yes,5,Yes,Reseller,248701402,,
90,1,2393.831538,Southern Province,Nyamagabe,Rural,Ordinary HH,First,,,Local government,,Quality of light,No other problem,,Solar lighting system,Yes,Component-based/Local,Yes,3,Yes,,,,,Yes,Don't have appliances,,,,,Yes,,Solar Lighting product,12,Yes,6,01,For free,,,Yes,12,,Other technician,259000102,,
91,5,85.17049511,Southern Province,Nyamagabe,Rural,HH Surrounding Camp,second,,,,,Cannot power large appliances,Maintenance and availability of spare parts,,Solar lantern,No,International brands,Yes,4,Yes,Yes,,,,,Have appliances,,,,,,,Solar Home System,888,No,1,02,Paid,4000,Yes,Yes,4,No,Reseller,259100502,,
91,5,85.17049511,Southern Province,Nyamagabe,Rural,HH Surrounding Camp,First,,,,,Cannot power large appliances,Recurrent cost related to solar device is too expensive,,Solar lighting system,Yes,International brands,Yes,4,Yes,Yes,,,,,Have appliances,,,,,,,Solar Home System,888,No,1,02,Paid,4000,Yes,Yes,4,,Reseller,259100502,,
91,9,85.17049511,Southern Province,Nyamagabe,Rural,HH Surrounding Camp,First,,,,,Cannot power large appliances,Quality of light,,Solar lighting system,Yes,International brands,Yes,3,Yes,,,,,Yes,Don't have appliances,,,,,Yes,,Solar Lighting product,888,No,2,0102,Paid,85000,Yes,No,4,,Other technician,259100902,,
93,10,60.30008526,Southern Province,Nyamagabe,Rural,HH Surrounding Camp,First,,,,,Breaks down too often,Cannot power large appliances,,Solar lighting system,Yes,International brands,Yes,3,Yes,,,,,Yes,Don't have appliances,,,,,Yes,,Solar Lighting product,888,No,1,01,Paid,10000,Yes,Yes,12,Yes,Other technician,259301002,,
94,10,84.76505,Southern Province,Nyamagabe,Rural,HH Surrounding Camp,First,,,,,Quality of light,Maintenance and availability of spare parts,,Solar lantern,Yes,International brands,No,1,No,,,,,Yes,Don't have appliances,,,,,Yes,,Solar Lantern,,,4,01,Paid,74000,Yes,No,3,Yes,Reseller,259401002,,
94,11,84.76505,Southern Province,Nyamagabe,Rural,HH Surrounding Camp,second,,,,,No problems,No other problem,,Solar lighting system,No,International brands,Yes,2,Yes,,,,,Yes,Don't have appliances,,,,,Yes,,Solar Lighting product,60,No,2,0102,Paid,78000,No,No,3,,Relative/friend,259401102,,
94,11,84.76505,Southern Province,Nyamagabe,Rural,HH Surrounding Camp,First,,,,,No problems,No other problem,,Solar lighting system,Yes,International brands,Yes,2,Yes,,,,,Yes,Don't have appliances,,,,,Yes,,Solar Lighting product,60,No,2,0102,Paid,78000,Yes,No,3,,Relative/friend,259401102,,
94,12,84.76505,Southern Province,Nyamagabe,Rural,HH Surrounding Camp,First,,,,,Recurrent cost related to solar device is too expensive,Battery problems,,Solar lighting system,Yes,International brands,Yes,3,Yes,,,,,Yes,Don't have appliances,,,,,Yes,,Solar Lighting product,5,No,1,02,Paid,170000,Yes,No,4,Yes,Reseller,259401202,,
94,15,84.76505,Southern Province,Nyamagabe,Rural,HH Surrounding Camp,First,,,,,Duration of service too short,Cannot power large appliances,,Solar lighting system,Yes,International brands,Yes,3,Yes,Yes,,,,,Have appliances,,,,,,,Solar Home System,50,No,1,01,Paid,10000,Yes,Yes,6,,Owner,259401502,,
94,18,84.76505,Southern Province,Nyamagabe,Rural,HH Surrounding Camp,First,,,,,Recurrent cost related to solar device is too expensive,Duration of service too short,,Solar lantern,Yes,International brands,Yes,1,Yes,,,,,Yes,Don't have appliances,,,,,Yes,,Solar Lighting product,60,No,2,0102,Paid,85000,Yes,No,3,,Owner,259401802,,
94,19,84.76505,Southern Province,Nyamagabe,Rural,HH Surrounding Camp,First,Yes,Telephone,,,Duration of service too short,Recurrent cost related to solar device is too expensive,,Solar lighting system,No,International brands,Yes,2,No,,,,,,Have appliances,,,,,,,Solar Lighting product,60,No,3,0102,Paid,84000,Yes,Yes,2,,Reseller,259401902,,
94,19,84.76505,Southern Province,Nyamagabe,Rural,HH Surrounding Camp,second,Yes,Telephone,,,Duration of service too short,Recurrent cost related to solar device is too expensive,,Solar lighting system,Yes,International brands,Yes,2,No,,,,,,Have appliances,,,,,,,Solar Lighting product,60,No,3,0102,Paid,84000,Yes,Yes,2,,Reseller,259401902,,
95,5,64.86526572,Southern Province,Nyamagabe,Rural,HH Surrounding Camp,First,Yes,Telephone,,,Duration of service too short,Cannot power large appliances,,Solar lighting system,Yes,International brands,Yes,1,No,,,,,,Have appliances,,,,,,,Solar Lighting product,10,No,2,0102,Paid,74000,No,Yes,12,,Reseller,259500502,,
95,6,64.86526572,Southern Province,Nyamagabe,Rural,HH Surrounding Camp,First,Yes,Telephone,,,Duration of service too short,Cannot power large appliances,,Solar lighting system,Yes,International brands,Yes,2,No,,,,,,Have appliances,,,,,,,Solar Lighting product,10,No,1,01,Paid,23000,No,Yes,4,,Owner,259500602,,
95,6,64.86526572,Southern Province,Nyamagabe,Rural,HH Surrounding Camp,second,Yes,Telephone,,,Duration of service too short,Cannot power large appliances,,Solar lighting system,No,International brands,Yes,2,No,,,,,,Have appliances,,,,,,,Solar Lighting product,10,No,1,01,Paid,23000,No,Yes,4,,Owner,259500602,,
95,6,64.86526572,Southern Province,Nyamagabe,Rural,HH Surrounding Camp,third,Yes,Telephone,,,Duration of service too short,Cannot power large appliances,,Solar lighting system,No,International brands,Yes,2,No,,,,,,Have appliances,,,,,,,Solar Lighting product,10,No,1,01,Paid,23000,No,Yes,4,,Owner,259500602,,
95,10,64.86526572,Southern Province,Nyamagabe,Rural,HH Surrounding Camp,First,,,Relative/Friend,,Quality of light,Breaks down too often,,Solar lighting system,Yes,International brands,Yes,3,Yes,,,,,Yes,Don't have appliances,,,,,Yes,,Solar Lighting product,30,No,1,02,For free,,,No,12,Yes,Relative/friend,259501002,,
96,1,160.3967316,Southern Province,Nyamagabe,Rural,HH Surrounding Camp,First,,,,,Recurrent cost related to solar device is too expensive,Duration of service too short,,Solar lantern,Yes,International brands,Yes,1,No,,,,,Yes,Don't have appliances,,,,,Yes,,Solar Lantern,,,3,01,Paid,46000,Yes,Yes,5,,Reseller,259600102,,
96,3,160.3967316,Southern Province,Nyamagabe,Rural,HH Surrounding Camp,First,Yes,Electric lamp,,,Breaks down too often,Cannot power large appliances,,Solar lighting system,No,International brands,No,3,No,,,,,,Have appliances,,,,,,,Solar Lighting product,888,No,10,0102,Paid,30000,No,No,4,No,Owner,259600302,,
96,3,160.3967316,Southern Province,Nyamagabe,Rural,HH Surrounding Camp,third,Yes,Electric lamp,,,Cannot power large appliances,Breaks down too often,,Solar lighting system,No,International brands,No,3,No,,,,,,Have appliances,,,,,,,Solar Lighting product,888,No,10,0102,Paid,30000,No,No,4,No,Owner,259600302,,
96,3,160.3967316,Southern Province,Nyamagabe,Rural,HH Surrounding Camp,second,Yes,Electric lamp,,,Cannot power large appliances,Breaks down too often,,Solar lighting system,Yes,International brands,No,3,No,,,,,,Have appliances,,,,,,,Solar Lighting product,888,No,10,0102,Paid,30000,No,Yes,4,No,Owner,259600302,,
96,16,11.79711,Southern Province,Nyamagabe,Rural,HH Surrounding Camp,First,,,,,Quality of light,Cannot power large appliances,,Solar lighting system,Yes,International brands,Yes,3,Yes,Yes,,,,,Have appliances,,,,,,,Solar Home System,50,No,2,02,Paid,400000,Yes,Yes,4,,Reseller,259601602,,
97,4,66.53046,Southern Province,Nyamagabe,Rural,HH Surrounding Camp,First,,,,,Duration of service too short,Recurrent cost related to solar device is too expensive,,Solar home system,Yes,International brands,Yes,3,Yes,Yes,,,,,Have appliances,,,,,,,Solar Home System,888,Yes,1,01,Paid,555000,Yes,Yes,4,,Reseller,259700402,,
97,10,66.53046,Southern Province,Nyamagabe,Rural,HH Surrounding Camp,second,,,,,Duration of service too short,Battery problems,,Solar lighting system,No,International brands,No,5,Yes,Yes,,,,,Have appliances,,,,,,,Solar Home System,60,No,7,01,Paid,208000,Yes,No,Don't know,No,Reseller,259701002,,
97,10,66.53046,Southern Province,Nyamagabe,Rural,HH Surrounding Camp,third,,,,,Duration of service too short,Battery problems,,Solar lighting system,No,International brands,Yes,5,Yes,Yes,,,,,Have appliances,,,,,,,Solar Home System,60,No,7,01,Paid,208000,Yes,No,Don't know,No,Reseller,259701002,,
97,10,66.53046,Southern Province,Nyamagabe,Rural,HH Surrounding Camp,First,,,,,Battery problems,Duration of service too short,,Solar lighting system,Yes,International brands,Yes,5,Yes,Yes,,,,,Have appliances,,,,,,,Solar Home System,60,No,5,01,Paid,208000,Yes,Yes,Don't know,No,Reseller,259701002,,
97,13,66.53046,Southern Province,Nyamagabe,Rural,HH Surrounding Camp,First,,,,,Cannot power large appliances,Duration of service too short,,Solar lighting system,Yes,International brands,Yes,3,Yes,,,,,Yes,Don't have appliances,,,,,Yes,,Solar Lighting product,50,No,2,0102,Paid,240000,Yes,Yes,12,,Reseller,259701302,,
97,14,66.53046,Southern Province,Nyamagabe,Rural,HH Surrounding Camp,First,Yes,RADIO,,,No problems,No other problem,,Solar home system,Yes,International brands,Yes,7,Yes,Yes,,,,,Have appliances,,,,,,,Solar Home System,888,No,4,0102,Paid,600000,Yes,Yes,10,,Reseller,259701402,,
97,15,66.53046,Southern Province,Nyamagabe,Rural,HH Surrounding Camp,First,,,,,Cannot power large appliances,No other problem,,Solar lighting system,Yes,International brands,Yes,5,Yes,Yes,,,,,Have appliances,,,,,,,Solar Home System,100,No,6,01,Paid,728000,Yes,Yes,12,,Reseller,259701502,,
97,16,66.53046,Southern Province,Nyamagabe,Rural,HH Surrounding Camp,First,Yes,Telephone,,,Cannot power large appliances,Quality of light,,Solar lighting system,Yes,International brands,Yes,3,No,,,,,,Have appliances,,,,,,,Solar Lighting product,10,No,2,0102,Paid,85000,Yes,Yes,4,,Owner,259701602,,
97,18,66.53046,Southern Province,Nyamagabe,Rural,HH Surrounding Camp,First,,,,,Cannot power large appliances,Duration of service too short,,Solar lighting system,Yes,International brands,Yes,3,Yes,,,,,Yes,Don't have appliances,,,,,Yes,,Solar Lighting product,120,No,4,0102,Paid,141000,Yes,Yes,5,,Reseller,259701802,,
99,11,950.1539,Southern Province,Nyamagabe,Rural,Ordinary HH,First,,,Humanitarian agencies,,No problems,No other problem,,Solar home system,Yes,International brands,No,2,No,,,,,Yes,Don't have appliances,,,,,Yes,,Solar Home System,888,Yes,1,01,For free,,,Yes,3,,Other technician,259901102,,
99,12,950.1539,Southern Province,Nyamagabe,Rural,Ordinary HH,First,,,Local private organizations (NGO),,No problems,No other problem,,Solar lighting system,Yes,International brands,Yes,3,No,,,,,Yes,Don't have appliances,,,,,Yes,,Solar Lighting product,888,No,1,01,For free,,,Yes,24,,Other technician,259901202,,
99,13,950.1539,Southern Province,Nyamagabe,Rural,Ordinary HH,second,,,Local private organizations (NGO),,Duration of service too short,Quality of light,,Solar lighting system,No,International brands,No,3,No,,,,,Yes,Don't have appliances,,,,,Yes,,Solar Lighting product,9,No,6,02,For free,,,No,3,,Other technician,259901302,,
99,13,950.1539,Southern Province,Nyamagabe,Rural,Ordinary HH,First,,,,,Duration of service too short,Quality of light,,Solar lantern,Yes,International brands,No,1,No,,,,,Yes,Don't have appliances,,,,,Yes,,Solar Lantern,,,1,0102,Paid,20000,No,Yes,12,,Owner,259901302,,
99,16,950.1539,Southern Province,Nyamagabe,Rural,Ordinary HH,First,,,Local government,,No problems,No other problem,,Solar home system,Yes,International brands,Yes,3,No,,,,,Yes,Don't have appliances,,,,,Yes,,Solar Lighting product,12,No,1,01,For free,,,Yes,4,,"Other, specify",259901602,,
99,17,950.1539,Southern Province,Nyamagabe,Rural,Ordinary HH,First,,,Local private organizations (NGO),,No problems,No other problem,,Solar lighting system,Yes,International brands,No,3,Yes,,,,,Yes,Don't have appliances,,,,,Yes,,Solar Lighting product,888,No,1,0102,For free,,,Yes,12,,Owner,259901702,,
99,18,950.1539,Southern Province,Nyamagabe,Rural,Ordinary HH,First,,,Local private organizations (NGO),,No problems,No other problem,,Solar lantern,Yes,International brands,No,1,No,,,,,Yes,Don't have appliances,,,,,Yes,,Solar Lantern,,,2,01,For free,,,No,5,,Reseller,259901802,,
100,1,1790.819289,Southern Province,Nyamagabe,Rural,Ordinary HH,First,Yes,RADIO,,,"Other, specify",Quality of light,Bad for eyes,Solar lighting system,Yes,International brands,Yes,3,Yes,,,,,,Have appliances,,,,,,,Solar Lighting product,20,No,3,01,Paid,95000,Yes,Yes,3,,Reseller,260000102,,
100,7,1790.819289,Southern Province,Nyamagabe,Rural,Ordinary HH,First,,,Relative/Friend,,Duration of service too short,Cannot power large appliances,,Solar lantern,Yes,International brands,No,1,No,,,,,Yes,Don't have appliances,,,,,Yes,,Solar Lantern,,,1,01,For free,,,No,2,,Other technician,260000702,,
100,9,1790.819289,Southern Province,Nyamagabe,Rural,Ordinary HH,First,,,,,No problems,No other problem,,Solar lantern,Yes,International brands,Yes,1,No,,,,,Yes,Don't have appliances,,,,,Yes,,Solar Lighting product,20,No,1,01,Paid,70000,Yes,No,3,,Owner,260000902,,
100,14,756.1237,Southern Province,Nyamagabe,Rural,Ordinary HH,First,,,,,No problems,No other problem,,Solar lighting system,Yes,International brands,Yes,3,Yes,,,,,Yes,Don't have appliances,,,,,Yes,,Solar Lighting product,12,No,4,0102,Paid,172000,Yes,Yes,4,,Reseller,260001402,,
100,22,1790.819289,Southern Province,Nyamagabe,Rural,Ordinary HH,First,,,,,No problems,No other problem,,Solar lighting system,Yes,International brands,Yes,3,Yes,,,,,Yes,Don't have appliances,,,,,Yes,,Solar Lighting product,888,No,1,0102,Paid,95000,Yes,Yes,24,,Reseller,260002202,,
101,1,75.79504,Southern Province,Nyamagabe,Rural,HH Surrounding Camp,First,Yes,No one,,,Duration of service too short,No other problem,,Solar lighting system,Yes,International brands,Yes,2,No,,,,,,Have appliances,,,,,,,Solar Lighting product,20,No,2,01,Paid,120000,Yes,No,2,,Reseller,260100102,,
101,6,75.79504,Southern Province,Nyamagabe,Rural,HH Surrounding Camp,First,,,,,Cannot power large appliances,Recurrent cost related to solar device is too expensive,,Solar lighting system,Yes,International brands,Yes,3,No,,,,,Yes,Don't have appliances,,,,,Yes,,Solar Lighting product,20,No,3,01,Paid,178770,Yes,Yes,10,,Reseller,260100602,,
101,8,75.79504,Southern Province,Nyamagabe,Rural,HH Surrounding Camp,First,Yes,Telephone,"Other, specify",His/her child,Cannot power large appliances,Quality of light,,Solar lighting system,Yes,International brands,Yes,3,No,,,,,,Have appliances,,,,,,,Solar Lighting product,10,No,2,0102,For free,,,Yes,2,,Owner,260100802,,
102,9,58.11957449,Southern Province,Nyamagabe,Urban,HH Surrounding Camp,second,Yes,Electric lamp,,,No problems,No other problem,,Solar lighting system,No,International brands,No,3,No,,,,,,Have appliances,,,,,,,Solar Lighting product,20,No,2,01,Paid,70000,Yes,Yes,1,,Reseller,260200902,,
102,9,58.11957449,Southern Province,Nyamagabe,Urban,HH Surrounding Camp,First,Yes,Electric lamp,,,No problems,No other problem,,Solar lighting system,No,International brands,No,3,No,,,,,,Have appliances,,,,,,,Solar Lighting product,20,No,2,01,Paid,70000,Yes,Yes,1,,Reseller,260200902,,
102,9,58.11957449,Southern Province,Nyamagabe,Urban,HH Surrounding Camp,third,Yes,Electric lamp,,,No problems,No other problem,,Solar lighting system,Yes,International brands,No,3,Yes,,,,,,Have appliances,,,,,,,Solar Lighting product,20,No,2,01,Paid,70000,Yes,Yes,1,,Reseller,260200902,,
105,15,68.69241,Southern Province,Nyamagabe,Rural,HH Surrounding Camp,First,Yes,Telephone,,,Breaks down too often,Cannot power large appliances,,Solar lighting system,Yes,International brands,Yes,5,Yes,,,,,,Have appliances,,,,,,,Solar Lighting product,12,No,2,01,Paid,270000,Yes,Yes,10,No,Reseller,260501502,,
105,16,68.69241,Southern Province,Nyamagabe,Rural,HH Surrounding Camp,First,,,,,Duration of service too short,Cannot power large appliances,,Solar lighting system,Yes,International brands,Yes,5,Yes,,,,,Yes,Don't have appliances,,,,,Yes,,Solar Lighting product,50,No,4,01,Paid,400000,Yes,Yes,2,,Reseller,260501602,,
105,18,68.69241,Southern Province,Nyamagabe,Rural,HH Surrounding Camp,First,Yes,Telephone,,,Breaks down too often,Cannot power large appliances,,Solar lighting system,Yes,International brands,Yes,4,No,,,,,,Have appliances,,,,,,,Solar Lighting product,10,No,2,0102,Paid,350000,Yes,Yes,24,Yes,Reseller,260501802,,
106,1,,Southern Province,Nyamagabe,Rural,Refugee HH,First,Yes,No one,Local private organizations (NGO),,Battery problems,Maintenance and availability of spare parts,,Solar home system,Yes,International brands,Yes,3,Yes,,,,,,Have appliances,,,,,,,Solar Lighting product,60,Yes,1,01,For free,,,Yes,6,Yes,Reseller,260600102,Kigeme Camp,21.6071434
107,3,,Southern Province,Nyamagabe,Rural,Refugee HH,second,,,Local private organizations (NGO),,No problems,No other problem,,Solar lighting system,No,International brands,Yes,2,Yes,,,,,Yes,Don't have appliances,,,,,Yes,,Solar Lighting product,888,No,1,01,For free,,,No,3,,Reseller,260700302,Kigeme Camp,21.6071434
107,3,,Southern Province,Nyamagabe,Rural,Refugee HH,First,,,,,Battery problems,Duration of service too short,,Solar lighting system,Yes,International brands,Yes,3,No,,,,,Yes,Don't have appliances,,,,,Yes,,Solar Lighting product,6,No,1,02,Paid,2600,Yes,No,5,Yes,Reseller,260700302,Kigeme Camp,21.6071434
107,4,,Southern Province,Nyamagabe,Rural,Refugee HH,First,,,Local private organizations (NGO),,No problems,No other problem,,Solar lighting system,Yes,International brands,No,1,Yes,,,,,Yes,Don't have appliances,,,,,Yes,,Solar Lantern,,,1,01,For free,,,No,3,,Reseller,260700402,Kigeme Camp,21.6071434
108,11,,Southern Province,Nyamagabe,Rural,Refugee HH,First,Yes,No one,,,Breaks down too often,No other problem,,Solar home system,Yes,International brands,No,3,No,,,,,,Have appliances,,,,,,,Solar Home System,60,Yes,2,02,Paid,93600,Yes,No,4,Yes,Reseller,260801102,Kigeme Camp,21.6071434
108,15,,Southern Province,Nyamagabe,Rural,Refugee HH,First,Yes,No one,,,Breaks down too often,No other problem,,Solar home system,Yes,International brands,No,1,No,,,,,,Have appliances,,,,,,,Solar Home System,60,Yes,3,02,Paid,75000,Yes,Yes,5,Yes,Reseller,260801502,Kigeme Camp,21.6071434
108,16,,Southern Province,Nyamagabe,Rural,Refugee HH,First,Yes,No one,Local private organizations (NGO),,No problems,No other problem,,Solar home system,Yes,International brands,Yes,3,Yes,,,,,,Have appliances,,,,,,,Solar Lighting product,60,No,1,01,For free,,,No,Don't know,,"Other, specify",260801602,Kigeme Camp,21.6071434
108,18,,Southern Province,Nyamagabe,Rural,Refugee HH,First,Yes,No one,,,No problems,No other problem,,Solar home system,Yes,Component-based/Local,Yes,3,No,,,,,,Have appliances,,,,,,,Solar Lighting product,60,Yes,1,01,Paid,30000,Yes,Yes,6,,Reseller,260801802,Kigeme Camp,21.6071434
109,11,,Southern Province,Nyamagabe,Rural,Refugee HH,First,,,,,Quality of light,Cannot power large appliances,,Solar lighting system,Yes,International brands,No,1,No,,,,,Yes,Don't have appliances,,,,,Yes,,Solar Lantern,,,2,01,Paid,1500,No,Yes,2,,Owner,260901102,Kigeme Camp,21.6071434
109,12,,Southern Province,Nyamagabe,Rural,Refugee HH,First,,,,,No problems,No other problem,,Solar home system,Yes,International brands,No,3,Yes,,,,,Yes,Don't have appliances,,,,,Yes,,Solar Lighting product,888,No,5,02,Paid,40000,Yes,Yes,3,,Reseller,260901202,Kigeme Camp,21.6071434
109,13,,Southern Province,Nyamagabe,Rural,Refugee HH,First,,,Local private organizations (NGO),,Quality of light,Battery problems,,Solar lighting system,Yes,International brands,Yes,3,Yes,,,,,Yes,Don't have appliances,,,,,Yes,,Solar Lighting product,60,No,1,01,For free,,,Yes,1,No,Reseller,260901302,Kigeme Camp,21.6071434
109,13,,Southern Province,Nyamagabe,Rural,Refugee HH,second,,,Local private organizations (NGO),,Quality of light,No other problem,,Solar lighting system,No,International brands,Yes,3,Yes,,,,,Yes,Don't have appliances,,,,,Yes,,Solar Lighting product,888,No,1,01,For free,,,Yes,1,,Reseller,260901302,Kigeme Camp,21.6071434
109,14,,Southern Province,Nyamagabe,Rural,Refugee HH,First,,,Local private organizations (NGO),,Quality of light,Battery problems,,Solar lighting system,Yes,International brands,Yes,3,Yes,,,,Yes,,Have appliances,,,,,,,Solar Home System,888,No,1,01,For free,,,Yes,2,No,Relative/friend,260901402,Kigeme Camp,21.6071434
109,15,,Southern Province,Nyamagabe,Rural,Refugee HH,First,,,,,Battery problems,No other problem,,Solar lighting system,Yes,International brands,Yes,3,Yes,,,,,Yes,Don't have appliances,,,,,Yes,,Solar Lighting product,100,No,2,01,Paid,250000,Yes,Yes,3,No,Reseller,260901502,Kigeme Camp,21.6071434
109,17,,Southern Province,Nyamagabe,Rural,Refugee HH,First,Yes,RADIO,,,Recurrent cost related to solar device is too expensive,No other problem,,Solar lighting system,Yes,International brands,Yes,3,Yes,,,,,,Have appliances,,,,,,,Solar Lighting product,888,No,1,0102,Paid,260000,Yes,Yes,2,,Reseller,260901702,Kigeme Camp,21.6071434
109,18,,Southern Province,Nyamagabe,Rural,Refugee HH,First,,,,,Battery problems,Breaks down too often,,Solar lighting system,Yes,International brands,Yes,3,Yes,Yes,,,,,Have appliances,,,,,,,Solar Home System,100,No,2,01,Paid,500000,No,Yes,4,No,Owner,260901802,Kigeme Camp,21.6071434
110,3,,Southern Province,Nyamagabe,Rural,Refugee HH,First,Yes,No one,,,No problems,No other problem,,Solar home system,Yes,International brands,Yes,3,No,,,,,,Have appliances,,,,,,,Solar Lighting product,60,Yes,3,02,Paid,30000,Yes,No,Don't know,,Reseller,261000302,Kigeme Camp,21.6071434
111,11,,Southern Province,Nyamagabe,Rural,Refugee HH,First,,,,,Recurrent cost related to solar device is too expensive,No other problem,,Solar home system,Yes,International brands,Yes,3,No,,,,Yes,,Have appliances,,,,,,,Solar Home System,888,No,2,01,Paid,248400,Yes,Yes,4,,Reseller,261101102,Kigeme Camp,21.6071434
111,12,,Southern Province,Nyamagabe,Rural,Refugee HH,First,,,Local government,,Quality of light,No other problem,,Solar lighting system,Yes,International brands,Yes,3,No,,,,Yes,,Have appliances,,,,,,,Solar Home System,888,No,1,01,For free,,,No,2,,Relative/friend,261101202,Kigeme Camp,21.6071434
111,13,,Southern Province,Nyamagabe,Rural,Refugee HH,First,,,Local government,,Quality of light,No other problem,,Solar lighting system,Yes,International brands,Yes,3,No,,,,Yes,,Have appliances,,,,,,,Solar Home System,888,No,1,0102,For free,,,Yes,3,,Relative/friend,261101302,Kigeme Camp,21.6071434
111,14,,Southern Province,Nyamagabe,Rural,Refugee HH,First,,,,,Battery problems,Quality of light,,Solar home system,Yes,International brands,Yes,3,No,,,,Yes,,Have appliances,,,,,,,Solar Home System,888,No,2,02,Paid,93600,Yes,Yes,3,No,Reseller,261101402,Kigeme Camp,21.6071434
111,15,,Southern Province,Nyamagabe,Rural,Refugee HH,First,,,,,Battery problems,Quality of light,,Solar home system,Yes,International brands,Yes,3,Yes,,,,Yes,,Have appliances,,,,,,,Solar Home System,888,No,1,0102,Paid,93600,Yes,Yes,3,Yes,Reseller,261101502,Kigeme Camp,21.6071434
111,16,,Southern Province,Nyamagabe,Rural,Refugee HH,First,,,,,Quality of light,Battery problems,,Solar lighting system,Yes,International brands,Yes,3,No,,,,Yes,,Have appliances,,,,,,,Solar Home System,888,No,1,01,Paid,93600,Yes,Yes,3,Yes,Reseller,261101602,Kigeme Camp,21.6071434
111,17,,Southern Province,Nyamagabe,Rural,Refugee HH,First,,,,,Recurrent cost related to solar device is too expensive,Battery problems,,Solar home system,Yes,International brands,Yes,4,No,,,,Yes,,Have appliances,,,,,,,Solar Home System,888,Yes,2,01,Paid,248300,Yes,Yes,3,Yes,Reseller,261101702,Kigeme Camp,21.6071434
112,12,,Southern Province,Nyamagabe,Rural,Refugee HH,First,Yes,Electric lamp,,,"Other, specify",Cannot power large appliances,Can't charge anything on it,Solar home system,Yes,International brands,Yes,3,No,,,,,,Have appliances,,,,,,,Solar Lighting product,60,Yes,1,01,Paid,30000,Yes,Yes,Don't know,,Reseller,261201202,Kigeme Camp,21.6071434
112,14,,Southern Province,Nyamagabe,Rural,Refugee HH,First,Yes,Electric lamp,,,No problems,No other problem,,Solar home system,Yes,International brands,Yes,3,No,,,,,,Have appliances,,,,,,,Solar Lighting product,60,No,2,02,Paid,30000,Yes,Yes,4,,Reseller,261201402,Kigeme Camp,21.6071434
112,16,,Southern Province,Nyamagabe,Rural,Refugee HH,First,Yes,Electric lamp,,,No problems,No other problem,,Solar home system,Yes,International brands,No,3,No,,,,,,Have appliances,,,,,,,Solar Home System,60,Yes,3,01,Paid,91000,Yes,Yes,Don't know,,Reseller,261201602,Kigeme Camp,21.6071434
112,18,,Southern Province,Nyamagabe,Rural,Refugee HH,First,Yes,No one,Local private organizations (NGO),,No problems,No other problem,,Solar home system,Yes,International brands,No,3,No,,,,,,Have appliances,,,,,,,Solar Home System,60,No,1,01,For free,,,Yes,Don't know,,"Other, specify",261201802,Kigeme Camp,21.6071434
113,6,,Southern Province,Nyamagabe,Rural,Refugee HH,First,,,,,Breaks down too often,Quality of light,,Solar lighting system,Yes,International brands,Yes,2,No,,,,Yes,,Have appliances,,,,,,,Solar Home System,888,No,4,04,Paid,30000,No,Yes,12,No,Reseller,261300602,Kigeme Camp,21.6071434
113,8,,Southern Province,Nyamagabe,Rural,Refugee HH,First,,,,,Quality of light,No other problem,,Solar home system,Yes,International brands,Yes,3,Yes,,,,Yes,,Have appliances,,,,,,,Solar Home System,888,Yes,2,01,Paid,93600,Yes,Yes,3,,Reseller,261300802,Kigeme Camp,21.6071434
113,9,,Southern Province,Nyamagabe,Rural,Refugee HH,First,Yes,Electric lamp,,,No problems,No other problem,,Solar home system,Yes,International brands,Yes,3,Yes,,,,,,Have appliances,,,,,,,Solar Lighting product,60,Yes,2,01,Paid,2600,Yes,Yes,4,,Reseller,261300902,Kigeme Camp,21.6071434
113,10,,Southern Province,Nyamagabe,Rural,Refugee HH,First,Yes,Electric lamp,,,Recurrent cost related to solar device is too expensive,Duration of service too short,,Solar home system,Yes,International brands,No,3,No,,,,,,Have appliances,,,,,,,Solar Home System,60,Yes,2,0102,Paid,2900,Yes,Yes,4,,Reseller,261301002,Kigeme Camp,21.6071434
113,11,,Southern Province,Nyamagabe,Rural,Refugee HH,First,Yes,Electric lamp,,,Recurrent cost related to solar device is too expensive,No other problem,,Solar home system,Yes,International brands,Yes,3,No,,,,,,Have appliances,,,,,,,Solar Lighting product,60,Yes,2,01,Paid,2900,Yes,Yes,Don't know,,Reseller,261301102,Kigeme Camp,21.6071434
113,12,,Southern Province,Nyamagabe,Rural,Refugee HH,First,Yes,Electric lamp,Local private organizations (NGO),,No problems,No other problem,,Solar home system,Yes,International brands,Yes,3,No,,,,,,Have appliances,,,,,,,Solar Lighting product,60,Yes,1,01,For free,,,No,Don't know,,"Other, specify",261301202,Kigeme Camp,21.6071434
114,5,277.370968,Southern Province,Ruhango,Rural,Ordinary HH,First,,,,,No problems,No other problem,,Solar home system,Yes,International brands,Yes,3,No,,,,,Yes,Don't have appliances,,,,,Yes,,Solar Lighting product,12,Yes,3,01,Paid,90000,No,No,3,,"Other, specify",271400502,,
115,7,47.3494546,Southern Province,Ruhango,Urban,Ordinary HH,First,Yes,Electric lamp,,,No problems,No other problem,,Solar home system,Yes,International brands,Yes,4,Yes,,,,,,Have appliances,,,,,,,Solar Lighting product,120,Yes,5,01,Paid,140000,Yes,Yes,12,,Reseller,271500702,,
118,12,1072.9039,Southern Province,Ruhango,Rural,Ordinary HH,First,Yes,Electric lamp,,,Duration of service too short,Breaks down too often,,Solar home system,Yes,Component-based/Local,Yes,3,Yes,,,,,,Have appliances,,,,,,,Solar Lighting product,12,Yes,1,01,Paid,30000,No,No,Don't know,No,Reseller,271801202,,
120,7,466.49658,Southern Province,Muhanga,Urban,Ordinary HH,First,,,,,No problems,No other problem,,Solar lantern,Yes,Component-based/Local,Yes,1,No,,,,,Yes,Don't have appliances,,,,,Yes,,Solar Lantern,,,1,02,Paid,25000,Yes,No,3,,Relative/friend,282000702,,
120,15,466.49658,Southern Province,Muhanga,Urban,Ordinary HH,First,,,Relative/Friend,,No problems,No other problem,,Solar home system,Yes,International brands,Yes,9,No,Yes,,,,,Have appliances,,,,,,,Solar Home System,888,Yes,1,01,For free,,,No,12,,Owner,282001502,,
121,9,1083.059,Southern Province,Muhanga,Rural,Ordinary HH,First,,,,,Cannot power large appliances,No other problem,,Solar home system,Yes,International brands,Yes,5,Yes,,,,,Yes,Don't have appliances,,,,,Yes,,Solar Lighting product,888,Yes,2,01,Paid,35000,Yes,No,4,,Relative/friend,282100902,,
121,11,1083.059,Southern Province,Muhanga,Rural,Ordinary HH,First,,,,,No problems,No other problem,,Solar lantern,Yes,International brands,No,1,No,,,,,Yes,Don't have appliances,,,,,Yes,,Solar Lantern,,,2,02,Paid,25000,Yes,Yes,3,,"Other, specify",282101102,,
121,12,1083.059,Southern Province,Muhanga,Rural,Ordinary HH,First,,,,,No problems,No other problem,,Solar lighting system,Yes,International brands,Yes,4,Yes,Yes,,,,,Have appliances,,,,,,,Solar Home System,100,Yes,8,01,Paid,466800,Yes,Yes,12,,Reseller,282101202,,
122,3,1119.499429,Southern Province,Muhanga,Rural,Ordinary HH,First,Yes,Electric lamp,,,Breaks down too often,Cannot power large appliances,,Solar home system,Yes,International brands,Yes,3,No,,,,,,Have appliances,,,,,,,Solar Lighting product,25,Yes,2,01,Paid,30000,Yes,Yes,5,Yes,Reseller,282200302,,
122,18,1119.499429,Southern Province,Muhanga,Rural,Ordinary HH,First,,,,,No problems,No other problem,,Solar lantern,Yes,International brands,Yes,1,Yes,Yes,,,,,Have appliances,,,,,,,Solar Home System,888,Yes,3,01,Paid,2750,Yes,Yes,4,,"Other, specify",282201802,,
124,5,52.301571,Southern Province,Muhanga,Urban,Ordinary HH,First,,,Relative/Friend,,No problems,No other problem,,Solar home system,Yes,International brands,Yes,2,Yes,,,,,Yes,Don't have appliances,,,,,Yes,,Solar Lighting product,12,Yes,1,0102,For free,,,No,12,,Relative/friend,282400502,,
124,12,249.0551,Southern Province,Muhanga,Urban,Ordinary HH,First,,,,,No problems,No other problem,,Solar home system,Yes,International brands,Yes,4,Yes,,,,,Yes,Don't have appliances,,,,,Yes,,Solar Lighting product,12,Yes,4,02,Paid,5000,Yes,Yes,2,,Reseller,282401202,,
125,10,1360.235111,Southern Province,Muhanga,Rural,Ordinary HH,First,Yes,Electric lamp,Local private organizations (NGO),,No problems,No other problem,,Solar home system,Yes,International brands,Yes,3,Yes,,,,,,Have appliances,,,,,,,Solar Lighting product,50,Yes,1,01,For free,,,Yes,5,,Owner,282501002,,
125,12,1360.235111,Southern Province,Muhanga,Rural,Ordinary HH,First,Yes,Electric lamp,Local private organizations (NGO),,No problems,No other problem,,Solar home system,Yes,International brands,Yes,3,Yes,,,,,,Have appliances,,,,,,,Solar Lighting product,50,Yes,1,01,For free,,,Yes,4,,Owner,282501202,,
125,13,1360.235111,Southern Province,Muhanga,Rural,Ordinary HH,First,Yes,Telephone,,,Breaks down too often,Duration of service too short,,Solar home system,Yes,International brands,Yes,3,No,,,,,,Have appliances,,,,,,,Solar Lighting product,50,Yes,5,0102,Paid,145000,Yes,Yes,5,No,Reseller,282501302,,
125,15,1360.235111,Southern Province,Muhanga,Rural,Ordinary HH,First,,,,,No problems,No other problem,,Solar home system,Yes,International brands,Yes,6,Yes,Yes,,,,,Have appliances,,,,,,,Solar Home System,100,Yes,1,01,Paid,580000,No,No,12,,Other technician,282501502,,
125,16,1360.235111,Southern Province,Muhanga,Rural,Ordinary HH,second,,,Relative/Friend,,No problems,No other problem,,Solar lantern,No,International brands,No,2,Yes,Yes,,,,,Have appliances,,,,,,,Solar Home System,100,Yes,2,0102,For free,,,No,Don't know,,Owner,282501602,,
125,16,1360.235111,Southern Province,Muhanga,Rural,Ordinary HH,First,,,,,Recurrent cost related to solar device is too expensive,Breaks down too often,,Solar home system,Yes,International brands,Yes,2,Yes,Yes,,,,,Have appliances,,,,,,,Solar Home System,100,Yes,6,0102,Paid,250000,Yes,No,10,No,Reseller,282501602,,
127,4,1240.291813,Southern Province,Kamonyi,Rural,Ordinary HH,First,Yes,RADIO,Local government,,Quality of light,Maintenance and availability of spare parts,,Solar lighting system,Yes,International brands,Yes,2,Yes,,,,,,Have appliances,,,,,,,Solar Lighting product,888,No,2,01,For free,,,No,6,Yes,Owner,292700402,,
127,4,1240.291813,Southern Province,Kamonyi,Rural,Ordinary HH,second,,,,,No problems,No other problem,,Solar lantern,No,International brands,No,1,No,,,,,Yes,Don't have appliances,,,,,Yes,,Solar Lantern,,,2,01,Paid,15000,Yes,No,2,,Reseller,292700402,,
127,13,1500.353,Southern Province,Kamonyi,Rural,Ordinary HH,First,Yes,RADIO and telePhone,,,Breaks down too often,Quality of light,,Solar lighting system,Yes,International brands,Yes,3,Yes,,,,,,Have appliances,,,,,,,Solar Lighting product,12,No,2,0102,Paid,2500,No,No,1,Yes,Owner,292701302,,
127,13,1500.353,Southern Province,Kamonyi,Rural,Ordinary HH,second,,,Relative/Friend,,No problems,No other problem,,Solar lighting system,No,International brands,Yes,1,No,,,,,Yes,Don't have appliances,,,,,Yes,,Solar Lantern,,,2,01,For free,,,No,3,,Relative/friend,292701302,,
127,15,1240.291813,Southern Province,Kamonyi,Rural,Ordinary HH,First,,,Local government,,Cannot power large appliances,Breaks down too often,,Solar lighting system,Yes,International brands,No,3,No,,,,,Yes,Don't have appliances,,,,,Yes,,Solar Lighting product,10,No,5,0102,For free,,,Yes,5,No,Other technician,292701502,,
127,18,1240.291813,Southern Province,Kamonyi,Rural,Ordinary HH,First,,,,,Battery problems,Duration of service too short,,Solar home system,Yes,International brands,No,3,No,,,,,Yes,Don't have appliances,,,,,Yes,,Solar Home System,888,Yes,4,01,Paid,30000,Yes,No,4,No,Reseller,292701802,,
128,5,343.7113792,Southern Province,Kamonyi,Urban,Ordinary HH,First,,,,,Cannot power large appliances,Quality of light,,Solar lantern,Yes,International brands,No,1,No,,,,,Yes,Don't have appliances,,,,,Yes,,Solar Lantern,,,1,02,Paid,5000,No,No,3,,"Other, specify",292800502,,
128,11,343.7113792,Southern Province,Kamonyi,Urban,Ordinary HH,First,,,,,Duration of service too short,Quality of light,,Solar lighting system,Yes,International brands,Yes,3,Yes,,,,,Yes,Don't have appliances,,,,,Yes,,Solar Lighting product,70,No,3,01,Paid,90000,Yes,Yes,4,,Other technician,292801102,,
128,13,343.7113792,Southern Province,Kamonyi,Urban,Ordinary HH,First,,,Local private organizations (NGO),,"Other, specify",No other problem,Doesn't work well in rainy season,Solar lantern,No,International brands,No,1,No,,,,,Yes,Don't have appliances,,,,,Yes,,Solar Lantern,,,2,02,For free,,,No,7,,"Other, specify",292801302,,
128,13,343.7113792,Southern Province,Kamonyi,Urban,Ordinary HH,second,,,Local private organizations (NGO),,Cannot power large appliances,No other problem,,Solar lantern,Yes,International brands,No,1,No,,,,,Yes,Don't have appliances,,,,,Yes,,Solar Lantern,,,5,0304,For free,,,No,7,,"Other, specify",292801302,,
129,3,892.101,Southern Province,Kamonyi,Rural,Ordinary HH,First,Yes,Telephone,,,Breaks down too often,Duration of service too short,,Solar lantern,Yes,International brands,Yes,1,No,,,,,,Have appliances,,,,,,,Solar Lantern,,,1,01,Paid,5000,Yes,No,3,No,Reseller,292900302,,
129,3,892.101,Southern Province,Kamonyi,Rural,Ordinary HH,second,,,Local private organizations (NGO),,Duration of service too short,Cannot power large appliances,,Solar home system,No,International brands,Yes,1,No,,,,,Yes,Don't have appliances,,,,,Yes,,Solar Lantern,,,1,01,For free,,,No,2,,Other technician,292900302,,
129,4,892.101,Southern Province,Kamonyi,Rural,Ordinary HH,First,,,,,Duration of service too short,Cannot power large appliances,,Solar lantern,Yes,Component-based/Local,No,1,No,,,,,Yes,Don't have appliances,,,,,Yes,,Solar Lantern,,,1,01,Paid,2000,No,No,3,,Owner,292900402,,
129,9,892.101,Southern Province,Kamonyi,Rural,Ordinary HH,First,Yes,Not possible to connect on it,Local private organizations (NGO),,Duration of service too short,Cannot power large appliances,,Solar lantern,Yes,Component-based/Local,No,1,No,,,,,,Have appliances,,,,,,,Solar Lantern,,,2,01,For free,,,No,1,,Other technician,292900902,,
129,10,892.101,Southern Province,Kamonyi,Rural,Ordinary HH,First,Yes,Telephone,,,Battery problems,No other problem,,Solar home system,Yes,International brands,Yes,3,No,,,,,,Have appliances,,,,,,,Solar Lighting product,50,No,2,01,Paid,30000,Yes,Yes,3,No,Reseller,292901002,,
129,10,892.101,Southern Province,Kamonyi,Rural,Ordinary HH,second,,,Local private organizations (NGO),,No problems,No other problem,,Solar lantern,No,International brands,No,1,No,,,,,Yes,Don't have appliances,,,,,Yes,,Solar Lantern,,,1,04,For free,,,No,1,,Relative/friend,292901002,,
129,10,892.101,Southern Province,Kamonyi,Rural,Ordinary HH,third,,,,,Battery problems,No other problem,,Solar home system,No,International brands,Yes,3,No,,,,,Yes,Don't have appliances,,,,,Yes,,Solar Lighting product,50,No,2,01,Paid,243600,Yes,No,3,No,Reseller,292901002,,
129,12,892.101,Southern Province,Kamonyi,Rural,Ordinary HH,second,,,,,Duration of service too short,Breaks down too often,,Solar lighting system,Yes,International brands,Yes,3,Yes,,,,,Yes,Don't have appliances,,,,,Yes,,Solar Lighting product,888,No,2,0102,Paid,84000,Yes,Yes,4,,Reseller,292901202,,
129,12,892.101,Southern Province,Kamonyi,Rural,Ordinary HH,First,,,,,Duration of service too short,No other problem,,Solar lantern,No,International brands,No,1,No,,,,,Yes,Don't have appliances,,,,,Yes,,Solar Lantern,,,4,0102,Paid,5000,No,No,3,No,Reseller,292901202,,
129,14,892.101,Southern Province,Kamonyi,Rural,Ordinary HH,First,Yes,Telephone,,,Recurrent cost related to solar device is too expensive,Cannot power large appliances,,Solar lighting system,No,International brands,Yes,3,No,,,,,,Have appliances,,,,,,,Solar Lighting product,24,No,3,01,Paid,80000,Yes,No,12,,Reseller,292901402,,
129,14,892.101,Southern Province,Kamonyi,Rural,Ordinary HH,second,Yes,Telephone,,,Recurrent cost related to solar device is too expensive,Cannot power large appliances,,Solar lighting system,Yes,International brands,Yes,3,No,,,,,,Have appliances,,,,,,,Solar Lighting product,24,No,3,0102,Paid,80000,Yes,No,12,,Reseller,292901402,,
129,14,892.101,Southern Province,Kamonyi,Rural,Ordinary HH,third,,,,,Recurrent cost related to solar device is too expensive,Cannot power large appliances,,Solar lighting system,No,International brands,Yes,3,No,,,,,Yes,Don't have appliances,,,,,Yes,,Solar Lighting product,24,No,3,0102,Paid,80000,Yes,No,12,,Reseller,292901402,,
129,17,892.101,Southern Province,Kamonyi,Rural,Ordinary HH,First,,,Humanitarian agencies,,No problems,No other problem,,Solar lantern,Yes,International brands,No,1,Yes,,,,,Yes,Don't have appliances,,,,,Yes,,Solar Lantern,,,2,01,For free,,,No,2,,Owner,292901702,,
130,1,229.0288,Southern Province,Kamonyi,Urban,Ordinary HH,First,,,Local private organizations (NGO),,Duration of service too short,Breaks down too often,,Solar lantern,Yes,International brands,No,1,No,,,,,Yes,Don't have appliances,,,,,Yes,,Solar Lantern,,,1,01,For free,,,No,2,No,"Other, specify",293000102,,
130,3,229.0288,Southern Province,Kamonyi,Urban,Ordinary HH,First,,,Local government,,Quality of light,No other problem,,Solar lantern,Yes,International brands,No,1,No,,,,,Yes,Don't have appliances,,,,,Yes,,Solar Lantern,,,2,02,For free,,,Yes,4,,"Other, specify",293000302,,
130,5,229.0288,Southern Province,Kamonyi,Urban,Ordinary HH,First,,,,,Recurrent cost related to solar device is too expensive,Maintenance and availability of spare parts,,Solar lighting system,Yes,International brands,Yes,3,Yes,,,,,Yes,Don't have appliances,,,,,Yes,,Solar Lighting product,888,No,2,01,Paid,85000,Yes,No,12,No,Relative/friend,293000502,,
130,8,229.0288,Southern Province,Kamonyi,Urban,Ordinary HH,First,,,Humanitarian agencies,,Quality of light,Battery problems,,Solar lantern,Yes,International brands,No,1,No,,,,,Yes,Don't have appliances,,,,,Yes,,Solar Lantern,,,3,01,For free,,,No,4,No,Owner,293000802,,
130,10,229.0288,Southern Province,Kamonyi,Urban,Ordinary HH,First,,,,,Recurrent cost related to solar device is too expensive,Breaks down too often,,Solar lighting system,Yes,International brands,Yes,3,Yes,,,,,Yes,Don't have appliances,,,,,Yes,,Solar Lighting product,17,No,3,0102,Paid,180000,Yes,Yes,24,Yes,Reseller,293001002,,
130,11,229.0288,Southern Province,Kamonyi,Urban,Ordinary HH,First,,,,,No problems,No other problem,,Solar lighting system,No,International brands,No,3,No,,,,,Yes,Don't have appliances,,,,,Yes,,Solar Lantern,,,7,01,Paid,8000,Yes,No,3,,Reseller,293001102,,
130,11,229.0288,Southern Province,Kamonyi,Urban,Ordinary HH,third,,,,,No problems,No other problem,,Solar lighting system,No,International brands,No,2,No,,,,,Yes,Don't have appliances,,,,,Yes,,Solar Home System,50,No,7,01,Paid,14000,Yes,No,3,,Reseller,293001102,,
130,11,229.0288,Southern Province,Kamonyi,Urban,Ordinary HH,second,,,,,No problems,No other problem,,Solar lantern,Yes,Component-based/Local,Yes,3,No,Yes,,,,,Have appliances,,,,,,,Solar Home System,50,No,7,01,Paid,14000,Yes,No,4,,Reseller,293001102,,
130,12,229.0288,Southern Province,Kamonyi,Urban,Ordinary HH,First,,,Local private organizations (NGO),,Recurrent cost related to solar device is too expensive,No other problem,,Solar home system,Yes,International brands,Yes,4,Yes,Yes,,,Yes,,Have appliances,,,,,,,Solar Home System,50,No,1,02,For free,,,No,24,,Reseller,293001202,,
130,14,229.0288,Southern Province,Kamonyi,Urban,Ordinary HH,First,,,,,Cannot power large appliances,Battery problems,,Solar lighting system,Yes,International brands,Yes,4,No,,,,,Yes,Don't have appliances,,,,,Yes,,Solar Lighting product,17,Yes,4,01,Paid,4800,Yes,Yes,4,No,Reseller,293001402,,
130,15,229.0288,Southern Province,Kamonyi,Urban,Ordinary HH,First,,,Local government,,No problems,No other problem,,Solar lighting system,Yes,International brands,Yes,2,No,,,,,Yes,Don't have appliances,,,,,Yes,,Solar Lighting product,60,No,2,01,For free,,,No,8,,Owner,293001502,,
130,18,229.0288,Southern Province,Kamonyi,Urban,Ordinary HH,First,,,,,Recurrent cost related to solar device is too expensive,No other problem,,Solar home system,No,International brands,Yes,5,No,Yes,,,Yes,,Have appliances,,,,,,,Solar Home System,50,No,5,01,Paid,26000,Yes,No,24,,Reseller,293001802,,
130,18,229.0288,Southern Province,Kamonyi,Urban,Ordinary HH,second,,,,,Recurrent cost related to solar device is too expensive,No other problem,,Solar home system,Yes,International brands,Yes,5,Yes,Yes,,,Yes,,Have appliances,,,,,,,Solar Home System,50,No,5,0102,Paid,26000,Yes,No,24,,Reseller,293001802,,
130,20,229.0288,Southern Province,Kamonyi,Urban,Ordinary HH,second,Yes,Electric lamp,,,Breaks down too often,Battery problems,,Solar lantern,No,International brands,No,3,No,,,,,,Have appliances,,,,,,,Solar Lantern,,,2,0102,Paid,37000,Yes,No,3,No,Reseller,293002002,,
130,20,229.0288,Southern Province,Kamonyi,Urban,Ordinary HH,First,Yes,No one,,,Cannot power large appliances,Quality of light,,Solar home system,Yes,International brands,Yes,3,No,,,,,,Have appliances,,,,,,,Solar Lighting product,32,No,2,0102,Paid,37000,Yes,No,4,,Reseller,293002002,,
130,20,229.0288,Southern Province,Kamonyi,Urban,Ordinary HH,third,,,,,No problems,No other problem,,Solar lantern,No,International brands,No,1,No,,,,,Yes,Don't have appliances,,,,,Yes,,Solar Lantern,,,2,0102,Paid,5000,No,No,3,,Reseller,293002002,,
130,21,229.0288,Southern Province,Kamonyi,Urban,Ordinary HH,First,Yes,No one,Humanitarian agencies,,Duration of service too short,Battery problems,,Solar lighting system,Yes,International brands,Yes,3,No,,,,,,Have appliances,,,,,,,Solar Lighting product,32,No,1,0102,For free,,,No,4,No,Owner,293002102,,
131,10,1149.957151,Southern Province,Kamonyi,Rural,Ordinary HH,First,Yes,Telephone,,,No problems,No other problem,,Solar home system,Yes,International brands,Yes,3,Yes,,,,,,Have appliances,,,,,,,Solar Lighting product,50,No,1,01,Paid,7200,Yes,No,4,,Reseller,293101002,,
131,11,1149.957151,Southern Province,Kamonyi,Rural,Ordinary HH,First,,,Local government,,Duration of service too short,Cannot power large appliances,,Solar home system,Yes,International brands,No,2,No,,,,,Yes,Don't have appliances,,,,,Yes,,Solar Home System,888,No,2,01,For free,,,No,1,,Reseller,293101102,,
131,12,1149.957151,Southern Province,Kamonyi,Rural,Ordinary HH,First,,,,,Recurrent cost related to solar device is too expensive,Breaks down too often,,Solar lighting system,Yes,Component-based/Local,Yes,4,No,,,,,Yes,Don't have appliances,,,,,Yes,,Solar Lighting product,5,No,5,01,Paid,220000,Yes,Yes,6,No,Reseller,293101202,,
131,13,1149.957151,Southern Province,Kamonyi,Rural,Ordinary HH,First,,,Local private organizations (NGO),,Duration of service too short,Quality of light,,Solar lantern,Yes,International brands,No,1,No,,,,,Yes,Don't have appliances,,,,,Yes,,Solar Lantern,,,4,030405,For free,,,No,2,,Owner,293101302,,
131,13,1149.957151,Southern Province,Kamonyi,Rural,Ordinary HH,second,,,,,Recurrent cost related to solar device is too expensive,Breaks down too often,,Solar home system,No,Component-based/Local,Yes,3,No,,,,,Yes,Don't have appliances,,,,,Yes,,Solar Lighting product,12,No,1,01,Paid,100000,Yes,Yes,3,No,Reseller,293101302,,
131,15,1149.957151,Southern Province,Kamonyi,Rural,Ordinary HH,fourth,,,"Other, specify",His/her child,No problems,No other problem,,Solar lantern,No,International brands,No,1,Yes,,,,,Yes,Don't have appliances,,,,,Yes,,Solar Lantern,,,2,0102,For free,,,Yes,2,,Relative/friend,293101502,,
131,15,1149.957151,Southern Province,Kamonyi,Rural,Ordinary HH,fifth,,,,,Quality of light,Battery problems,,Solar lighting system,No,Component-based/Local,No,1,No,,,,,Yes,Don't have appliances,,,,,Yes,,Solar Lantern,,,2,01,Paid,15000,No,No,1,,Owner,293101502,,
131,15,1149.957151,Southern Province,Kamonyi,Rural,Ordinary HH,First,,,,,No problems,No other problem,,Solar home system,Yes,International brands,Yes,3,Yes,,,,,Yes,Don't have appliances,,,,,Yes,,Solar Lighting product,888,No,3,0102,Paid,6000,Yes,Yes,9,,Reseller,293101502,,
131,15,1149.957151,Southern Province,Kamonyi,Rural,Ordinary HH,second,,,,,No problems,No other problem,,Solar lantern,No,International brands,No,1,No,,,,,Yes,Don't have appliances,,,,,Yes,,Solar Lantern,,,1,01,Paid,2000,Yes,Yes,2,,Owner,293101502,,
131,15,1149.957151,Southern Province,Kamonyi,Rural,Ordinary HH,third,,,,,No problems,No other problem,,Solar lantern,No,International brands,No,1,No,,,,,Yes,Don't have appliances,,,,,Yes,,Solar Lantern,,,2,01,Paid,20000,No,Yes,3,No,Reseller,293101502,,
131,17,1149.957151,Southern Province,Kamonyi,Rural,Ordinary HH,First,,,,,No problems,No other problem,,Solar lighting system,Yes,International brands,No,2,No,,,,,Yes,Don't have appliances,,,,,Yes,,Solar Lighting product,20,No,1,01,Paid,10000,Yes,No,3,,Reseller,293101702,,
132,10,1520.222,Southern Province,Kamonyi,Rural,Ordinary HH,second,,,,,Duration of service too short,No other problem,,Solar home system,Yes,International brands,Yes,3,Yes,,,,,Yes,Don't have appliances,,,,,Yes,,Solar Lighting product,14,No,2,01,Paid,80000,Yes,No,4,No,Reseller,293201002,,
132,10,1520.222,Southern Province,Kamonyi,Rural,Ordinary HH,First,,,,,Quality of light,Breaks down too often,,Solar lantern,No,International brands,No,1,No,,,,,Yes,Don't have appliances,,,,,Yes,,Solar Lantern,,,2,01,Paid,7000,Yes,No,2,,"Other, specify",293201002,,
132,12,1520.222,Southern Province,Kamonyi,Rural,Ordinary HH,second,,,Relative/Friend,,No problems,No other problem,,Solar home system,No,International brands,No,2,No,,,,,Yes,Don't have appliances,,,,,Yes,,Solar Home System,888,No,6,01,For free,,,No,1,,Relative/friend,293201202,,
132,12,1520.222,Southern Province,Kamonyi,Rural,Ordinary HH,First,,,,,Quality of light,No other problem,,Solar lighting system,Yes,International brands,Yes,2,Yes,,,,,Yes,Don't have appliances,,,,,Yes,,Solar Lighting product,17,No,6,01,Paid,2000,Yes,No,5,,Reseller,293201202,,
132,16,1520.222,Southern Province,Kamonyi,Rural,Ordinary HH,First,Yes,RADIO,,,Breaks down too often,No other problem,,Solar home system,Yes,International brands,Yes,3,Yes,,,,,,Have appliances,,,,,,,Solar Lighting product,50,No,1,01,Paid,5700,Yes,No,Don't know,No,Reseller,293201602,,
133,1,239.0984751,Southern Province,Kamonyi,Urban,Ordinary HH,First,Yes,RADIO and telePhone,,,Cannot power large appliances,No other problem,,Solar home system,Yes,International brands,Yes,3,Yes,,,,,,Have appliances,,,,,,,Solar Lighting product,12,Yes,3,0102,Paid,75000,Yes,Yes,4,,Reseller,293300102,,
133,20,239.0984751,Southern Province,Kamonyi,Urban,Ordinary HH,First,Yes,RADIO,,,Breaks down too often,Duration of service too short,,Solar lighting system,Yes,International brands,No,3,No,,,,,,Have appliances,,,,,,,Solar Lighting product,17,Yes,3,01,Paid,10000,Yes,Yes,6,No,Reseller,293302002,,
134,2,13.97709853,Southern Province,Kamonyi,Urban,Ordinary HH,second,,,,,No problems,No other problem,,Solar home system,Yes,International brands,Yes,4,Yes,Yes,,,,,Have appliances,,,,,,,Solar Home System,888,Yes,2,01,Paid,5700,Yes,Yes,12,,Reseller,293400202,,
134,2,13.97709853,Southern Province,Kamonyi,Urban,Ordinary HH,First,,,,,Cannot power large appliances,No other problem,,Solar lantern,No,International brands,No,1,No,,,,,Yes,Don't have appliances,,,,,Yes,,Solar Lantern,,,3,02,Paid,7000,No,Yes,8,,Owner,293400202,,
135,1,69.04373227,Western Province,Karongi,Rural,HH Surrounding Camp,First,,,,,No problems,No other problem,,Solar home system,Yes,International brands,No,3,No,,,,,Yes,Don't have appliances,,,,,Yes,,Solar Home System,888,No,1,02,Paid,20000,No,No,12,,Owner,323500103,,
135,2,69.04373227,Western Province,Karongi,Rural,HH Surrounding Camp,First,,,,,No problems,No other problem,,Solar home system,Yes,International brands,Yes,1,No,,,,,Yes,Don't have appliances,,,,,Yes,,Solar Lantern,,,3,0102,Paid,4500,No,No,6,,Owner,323500203,,
135,3,69.04373227,Western Province,Karongi,Rural,HH Surrounding Camp,second,Yes,Telephone,,,No problems,No other problem,,Solar home system,No,International brands,Yes,2,Yes,,,,,,Have appliances,,,,,,,Solar Lighting product,15,No,1,01,Paid,12000,No,No,Don't know,,"Other, specify",323500303,,
135,3,69.04373227,Western Province,Karongi,Rural,HH Surrounding Camp,First,,,,,Battery problems,Cannot power large appliances,,Solar lighting system,Yes,International brands,No,3,No,,,,,Yes,Don't have appliances,,,,,Yes,,Solar Lighting product,15,No,1,01,Paid,25000,No,No,20,No,Reseller,323500303,,
135,15,69.04373227,Western Province,Karongi,Rural,HH Surrounding Camp,First,,,Local private organizations (NGO),,Cannot power large appliances,Duration of service too short,,Solar lighting system,Yes,International brands,Yes,3,Yes,,,,,Yes,Don't have appliances,,,,,Yes,,Solar Lighting product,888,No,6,01,For free,,,No,3,,Reseller,323501503,,
135,16,69.04373227,Western Province,Karongi,Rural,HH Surrounding Camp,First,,,Local government,,Duration of service too short,Cannot power large appliances,,Solar lighting system,Yes,International brands,Yes,3,Yes,,,,,Yes,Don't have appliances,,,,,Yes,,Solar Lighting product,50,No,3,01,For free,,,No,2,,Reseller,323501603,,
136,1,55.98943,Western Province,Karongi,Rural,HH Surrounding Camp,second,Yes,RADIO and telePhone,Local private organizations (NGO),,No problems,No other problem,,Solar lantern,No,International brands,No,3,No,,,,,,Have appliances,,,,,,,,888,No,1,01,For free,,,No,3,,Reseller,323600103,,
136,1,55.98943,Western Province,Karongi,Rural,HH Surrounding Camp,First,,,,,Cannot power large appliances,Maintenance and availability of spare parts,,Solar lighting system,Yes,Component-based/Local,Yes,3,Yes,,,,,Yes,Don't have appliances,,,,,Yes,,Solar Lighting product,888,No,1,01,Paid,10000,Yes,Yes,2,Yes,Reseller,323600103,,
136,3,55.98943,Western Province,Karongi,Rural,HH Surrounding Camp,First,Yes,No one,,,No problems,No other problem,,Solar home system,Yes,International brands,Yes,6,Yes,,,,,,Have appliances,,,,,,,Solar Lighting product,12,No,7,0102,Paid,30000,Yes,No,24,,Owner,323600303,,
136,3,55.98943,Western Province,Karongi,Rural,HH Surrounding Camp,second,Yes,No one,,,No problems,No other problem,,Solar home system,No,International brands,Yes,3,Yes,,,,,,Have appliances,,,,,,,Solar Lighting product,12,No,5,0102,Paid,43000,Yes,No,12,,Owner,323600303,,
136,8,55.98943,Western Province,Karongi,Rural,HH Surrounding Camp,First,,,,,Duration of service too short,Cannot power large appliances,,Solar lighting system,Yes,International brands,No,3,No,,,,,Yes,Don't have appliances,,,,,Yes,,Solar Lighting product,50,No,5,01,Paid,80000,Yes,No,7,,Reseller,323600803,,
136,14,55.98943,Western Province,Karongi,Rural,HH Surrounding Camp,First,,,,,No problems,No other problem,,Solar lantern,Yes,International brands,Yes,1,Yes,,,,,Yes,Don't have appliances,,,,,Yes,,Solar Lantern,,,1,01,Paid,2500,No,No,2,,"Other, specify",323601403,,
137,9,185.2749,Western Province,Karongi,Urban,Ordinary HH,First,,,,,No problems,No other problem,,Solar home system,Yes,International brands,Yes,3,Yes,,,,Yes,,Have appliances,,,,,,,Solar Home System,888,No,1,01,Paid,24000,Yes,No,4,,Reseller,323700903,,
138,9,67.64816,Western Province,Karongi,Rural,HH Surrounding Camp,First,,,,,Duration of service too short,Quality of light,,Solar lighting system,Yes,International brands,No,2,No,,,,,Yes,Don't have appliances,,,,,Yes,,Solar Lighting product,888,No,2,02,Paid,30000,No,Yes,3,,Relative/friend,323800903,,
138,10,67.64816,Western Province,Karongi,Rural,HH Surrounding Camp,First,Yes,RADIO and telePhone,,,No problems,No other problem,,Solar lantern,Yes,International brands,Yes,1,Yes,,,,,,Have appliances,,,,,,,Solar Lantern,,,20,01,Paid,28000,Yes,Yes,12,,Owner,323801003,,
138,16,67.64816,Western Province,Karongi,Rural,HH Surrounding Camp,First,Yes,No one,Local government,,Quality of light,No other problem,,Solar lighting system,Yes,International brands,Yes,3,Yes,,,,,,Have appliances,,,,,,,Solar Lighting product,60,No,5,0102,For free,,,Yes,12,,Relative/friend,323801603,,
138,17,67.64816,Western Province,Karongi,Rural,HH Surrounding Camp,First,,,Local government,,No problems,No other problem,,Solar lighting system,Yes,International brands,Yes,3,No,,,,,Yes,Don't have appliances,,,,,Yes,,Solar Lighting product,888,No,20,01,For free,,,Yes,12,,Other technician,323801703,,
138,18,67.64816,Western Province,Karongi,Rural,HH Surrounding Camp,First,,,,,No problems,No other problem,,Solar home system,Yes,International brands,Yes,4,No,,,,,Yes,Don't have appliances,,,,,Yes,,Solar Lighting product,888,No,6,01,Paid,130000,Yes,Yes,4,,Reseller,323801803,,
138,19,67.64816,Western Province,Karongi,Rural,HH Surrounding Camp,First,Yes,Telephone,,,Quality of light,Duration of service too short,,Solar lantern,Yes,International brands,No,1,No,,,,,,Have appliances,,,,,,,Solar Lantern,,,1,02,Paid,15000,No,Yes,2,,Relative/friend,323801903,,
139,5,24.57363068,Western Province,Karongi,Rural,HH Surrounding Camp,First,Yes,No place to connect on it,,,Breaks down too often,Cannot power large appliances,,Solar lantern,Yes,Component-based/Local,No,1,No,,,,,,Have appliances,,,,,,,Solar Lantern,,,1,02,Paid,25000,No,No,4,No,Reseller,323900503,,
139,7,24.57363068,Western Province,Karongi,Rural,HH Surrounding Camp,First,,,Humanitarian agencies,,Duration of service too short,No other problem,,Solar lighting system,Yes,International brands,Yes,3,Yes,,,,,Yes,Don't have appliances,,,,,Yes,,Solar Lighting product,20,No,1,01,For free,,,Yes,6,,"Other, specify",323900703,,
139,9,24.57363068,Western Province,Karongi,Rural,HH Surrounding Camp,First,,,,,Battery problems,Quality of light,,Solar lantern,Yes,International brands,No,1,No,,,,,Yes,Don't have appliances,,,,,Yes,,Solar Lantern,,,7,01,Paid,29000,Yes,Yes,4,No,"Other, specify",323900903,,
139,11,24.57363068,Western Province,Karongi,Rural,HH Surrounding Camp,First,,,,,Breaks down too often,Battery problems,,Solar lantern,Yes,International brands,Yes,1,Yes,,,,,Yes,Don't have appliances,,,,,Yes,,Solar Lantern,,,3,01,Paid,18000,Yes,Yes,2,No,Relative/friend,323901103,,
140,1,84.85616584,Western Province,Karongi,Rural,HH Surrounding Camp,First,,,,,No problems,No other problem,,Solar lantern,Yes,International brands,No,1,No,,,,,Yes,Don't have appliances,,,,,Yes,,Solar Lantern,,,3,01,Paid,27500,Yes,No,4,,"Other, specify",324000103,,
141,8,65.05402,Western Province,Karongi,Rural,HH Surrounding Camp,First,,,,,Duration of service too short,No other problem,,Solar lantern,Yes,International brands,No,1,No,,,,,Yes,Don't have appliances,,,,,Yes,,Solar Lantern,,,7,01,Paid,31000,Yes,Yes,3,,Owner,324100803,,
141,9,65.05402,Western Province,Karongi,Rural,HH Surrounding Camp,First,,,,,No problems,No other problem,,Solar lantern,Yes,International brands,Yes,1,No,,,,,Yes,Don't have appliances,,,,,Yes,,Solar Lantern,,,1,01,Paid,25000,Yes,Yes,12,,Owner,324100903,,
141,14,65.05402,Western Province,Karongi,Rural,HH Surrounding Camp,First,Yes,No one,,,Cannot power large appliances,Breaks down too often,,Solar lighting system,Yes,International brands,Yes,4,No,,,,,,Have appliances,,,,,,,Solar Lighting product,50,No,6,02,Paid,130000,Yes,Yes,12,Yes,Other technician,324101403,,
141,15,65.05402,Western Province,Karongi,Rural,HH Surrounding Camp,First,,,,,Duration of service too short,Cannot power large appliances,,Solar home system,Yes,International brands,Yes,4,Yes,Yes,,,,,Have appliances,,,,,,,Solar Home System,50,No,2,01,Paid,402000,Yes,Yes,6,,Reseller,324101503,,
141,16,65.05402,Western Province,Karongi,Rural,HH Surrounding Camp,First,,,,,Duration of service too short,Quality of light,,Solar lighting system,Yes,International brands,Yes,3,Yes,,,,,Yes,Don't have appliances,,,,,Yes,,Solar Lighting product,888,No,1,01,Paid,260000,Yes,Yes,5,,Reseller,324101603,,
141,17,65.05402,Western Province,Karongi,Rural,HH Surrounding Camp,First,,,,,Duration of service too short,Breaks down too often,,Solar lantern,Yes,International brands,No,1,No,,,,,Yes,Don't have appliances,,,,,Yes,,Solar Lantern,,,5,01,Paid,30000,Yes,Yes,4,Yes,Other technician,324101703,,
141,18,65.05402,Western Province,Karongi,Rural,HH Surrounding Camp,First,Yes,Electric lamp,,,Quality of light,Duration of service too short,,Solar lantern,Yes,International brands,No,1,No,,,,,,Have appliances,,,,,,,Solar Lantern,,,3,02,Paid,30000,Yes,Yes,12,,"Other, specify",324101803,,
142,3,56.9154581,Western Province,Karongi,Rural,HH Surrounding Camp,First,Yes,Electric lamp,,,Breaks down too often,No other problem,,Solar lantern,Yes,International brands,No,1,No,,,,,,Have appliances,,,,,,,Solar Lantern,,,2,01,Paid,20000,No,No,Don't know,No,Reseller,324200303,,
142,7,56.9154581,Western Province,Karongi,Rural,HH Surrounding Camp,First,,,,,Recurrent cost related to solar device is too expensive,Quality of light,,Solar lantern,Yes,International brands,No,1,No,,,,,Yes,Don't have appliances,,,,,Yes,,Solar Lantern,,,2,01,Paid,29500,Yes,No,3,,Relative/friend,324200703,,
142,9,75.33537,Western Province,Karongi,Rural,HH Surrounding Camp,First,,,,,No problems,No other problem,,Solar home system,Yes,International brands,Yes,6,Yes,Yes,,,,,Have appliances,,,,,,,Solar Home System,55,Yes,5,01,Paid,764000,Yes,Yes,24,,Other technician,324200903,,
142,13,75.33537,Western Province,Karongi,Rural,HH Surrounding Camp,First,,,,,"Other, specify",No other problem,Doesn't work well in rainy season,Solar home system,Yes,International brands,Yes,5,Yes,Yes,,,,,Have appliances,,,,,,,Solar Home System,55,Yes,7,01,Paid,720000,No,Yes,24,,Other technician,324201303,,
142,16,56.9154581,Western Province,Karongi,Rural,HH Surrounding Camp,First,Yes,Electric lamp,,,Cannot power large appliances,Recurrent cost related to solar device is too expensive,,Solar lantern,Yes,International brands,Yes,1,No,,,,,,Have appliances,,,,,,,Solar Lantern,,,2,01,Paid,20000,Yes,No,4,,"Other, specify",324201603,,
142,17,75.33537,Western Province,Karongi,Rural,HH Surrounding Camp,First,Yes,No place to connect on it,,,Cannot power large appliances,Recurrent cost related to solar device is too expensive,,Solar lighting system,Yes,International brands,Yes,3,No,,,,,,Have appliances,,,,,,,Solar Lighting product,20,No,4,01,Paid,450000,Yes,Yes,3,,Reseller,324201703,,
143,4,2033.974527,Western Province,Karongi,Rural,Ordinary HH,First,,,Relative/Friend,,Cannot power large appliances,No other problem,,Solar lighting system,Yes,International brands,No,3,No,,,,,Yes,Don't have appliances,,,,,Yes,,Solar Lighting product,888,No,1,02,For free,,,No,12,,Relative/friend,324300403,,
143,8,2033.974527,Western Province,Karongi,Rural,Ordinary HH,First,,,,,No problems,No other problem,,Solar lantern,Yes,International brands,No,1,No,,,,,Yes,Don't have appliances,,,,,Yes,,Solar Lantern,,,5,01,Paid,31000,Yes,Yes,6,,Owner,324300803,,
143,10,2033.974527,Western Province,Karongi,Rural,Ordinary HH,First,,,,,No problems,No other problem,,Solar lantern,Yes,International brands,No,1,No,,,,,Yes,Don't have appliances,,,,,Yes,,Solar Lantern,,,3,01,Paid,29000,Yes,Yes,5,,Owner,324301003,,
144,8,85.58895242,Western Province,Karongi,Rural,HH Surrounding Camp,First,Yes,No place to connect on it,,,Duration of service too short,Quality of light,,Solar lantern,Yes,International brands,No,1,No,,,,,,Have appliances,,,,,,,Solar Lantern,,,7,01,Paid,16000,Yes,No,5,,Reseller,324400803,,
144,16,85.58895242,Western Province,Karongi,Rural,HH Surrounding Camp,First,Yes,Telephone,,,No problems,No other problem,,Solar lantern,Yes,International brands,Yes,1,No,,,,,,Have appliances,,,,,,,Solar Lantern,,,2,04,Paid,18000,No,No,5,,Owner,324401603,,
145,5,1774.622,Western Province,Karongi,Rural,Ordinary HH,First,,,,,No problems,No other problem,,Solar lantern,Yes,International brands,Yes,1,No,,,,,Yes,Don't have appliances,,,,,Yes,,Solar Lantern,,,7,01,Paid,19000,Yes,Yes,5,,Owner,324500503,,
146,6,259.8435,Western Province,Karongi,Urban,Ordinary HH,First,Yes,Electric lamp,,,No problems,No other problem,,Solar home system,No,International brands,No,3,Yes,,,,,,Have appliances,,,,,,,Solar Home System,888,No,2,01,Paid,95000,No,No,5,,Other technician,324600603,,
146,6,259.8435,Western Province,Karongi,Urban,Ordinary HH,second,Yes,RADIO and telePhone,,,No problems,No other problem,,Solar home system,Yes,International brands,No,4,Yes,,,,,,Have appliances,,,,,,,Solar Home System,888,No,1,01,Paid,80000,Yes,No,4,,Other technician,324600603,,
146,10,259.8435,Western Province,Karongi,Urban,Ordinary HH,First,Yes,Telephone,,,No problems,No other problem,,Solar home system,Yes,International brands,Yes,2,Yes,,,,,,Have appliances,,,,,,,Solar Lighting product,888,Yes,1,01,Paid,95000,Yes,Yes,4,,Reseller,324601003,,
146,13,259.8435,Western Province,Karongi,Urban,Ordinary HH,third,,,Local private organizations (NGO),,No problems,No other problem,,Solar lighting system,No,International brands,No,1,Yes,,,,,Yes,Don't have appliances,,,,,Yes,,Solar Lantern,,,1,01,For free,,,No,3,,Reseller,324601303,,
146,13,259.8435,Western Province,Karongi,Urban,Ordinary HH,First,,,,,Duration of service too short,No other problem,,Solar lighting system,No,International brands,Yes,6,Yes,Yes,,,,,Have appliances,,,,,,,Solar Home System,888,No,4,01,Paid,10000,No,Yes,12,,Reseller,324601303,,
146,13,259.8435,Western Province,Karongi,Urban,Ordinary HH,second,,,,,Duration of service too short,No other problem,,Solar lighting system,Yes,International brands,Yes,13,Yes,Yes,,,,,Have appliances,,,,,,,Solar Home System,888,Yes,5,01,Paid,10000,No,Yes,12,,Reseller,324601303,,
147,2,58.42857,Western Province,Karongi,Rural,HH Surrounding Camp,First,Yes,No,,,Breaks down too often,Quality of light,,Solar lantern,Yes,International brands,No,1,No,,,,,,Have appliances,,,,,,,Solar Lantern,,,3,01,Paid,20000,No,No,2,No,Other technician,324700203,,
147,7,58.42857,Western Province,Karongi,Rural,HH Surrounding Camp,First,Yes,Electric lamp,,,Quality of light,Duration of service too short,,Solar lantern,Yes,International brands,No,3,No,,,,,,Have appliances,,,,,,,Solar Lantern,,,3,01,Paid,30000,Yes,No,4,,Reseller,324700703,,
147,8,58.42857,Western Province,Karongi,Rural,HH Surrounding Camp,First,Yes,Electric lamp,,,Duration of service too short,Breaks down too often,,Solar lantern,Yes,International brands,No,1,No,,,,,,Have appliances,,,,,,,Solar Lantern,,,5,01,Paid,15000,Yes,No,10,No,Reseller,324700803,,
147,9,58.42857,Western Province,Karongi,Rural,HH Surrounding Camp,First,Yes,Electric lamp,,,Quality of light,Breaks down too often,,Solar lantern,Yes,International brands,No,3,No,,,,,,Have appliances,,,,,,,Solar Lantern,,,1,01,Paid,8000,Yes,No,4,No,Reseller,324700903,,
147,15,58.42857,Western Province,Karongi,Rural,HH Surrounding Camp,First,,,,,No problems,No other problem,,Solar home system,Yes,International brands,Yes,4,Yes,,,,Yes,,Have appliances,,,,,,,Solar Home System,888,No,2,01,Paid,150000,Yes,Yes,4,,Relative/friend,324701503,,
147,16,58.42857,Western Province,Karongi,Rural,HH Surrounding Camp,First,,,,,No problems,No other problem,,Solar home system,Yes,International brands,Yes,3,No,,,,Yes,,Have appliances,,,,,,,Solar Home System,220,No,1,02,Paid,8000,Yes,No,4,,Owner,324701603,,
147,18,58.42857,Western Province,Karongi,Rural,HH Surrounding Camp,First,,,,,No problems,No other problem,,Solar home system,Yes,International brands,Yes,3,No,,,,Yes,,Have appliances,,,,,,,Solar Home System,888,No,2,02,Paid,85000,Yes,Yes,3,,Owner,324701803,,
149,2,19.84271,Western Province,Karongi,Rural,HH Surrounding Camp,First,,,,,No problems,No other problem,,Solar lantern,Yes,International brands,No,1,No,,,,,Yes,Don't have appliances,,,,,Yes,,Solar Lantern,,,4,01,Paid,72000,Yes,Yes,4,,Reseller,324900203,,
149,5,19.84271,Western Province,Karongi,Rural,HH Surrounding Camp,First,Yes,No one,,,No problems,No other problem,,Solar lantern,Yes,International brands,Yes,3,No,,,,,,Have appliances,,,,,,,Solar Lighting product,10,No,5,0102,Paid,74500,Yes,Yes,4,,Reseller,324900503,,
149,7,19.84271,Western Province,Karongi,Rural,HH Surrounding Camp,First,,,,,Cannot power large appliances,Quality of light,,Solar lighting system,Yes,International brands,Yes,3,No,,,,,Yes,Don't have appliances,,,,,Yes,,Solar Lighting product,888,No,1,0102,Paid,95000,Yes,No,12,,Owner,324900703,,
149,14,19.84271,Western Province,Karongi,Rural,HH Surrounding Camp,First,,,,,No problems,No other problem,,Solar lighting system,Yes,International brands,No,3,No,,,,,Yes,Don't have appliances,,,,,Yes,,Solar Lighting product,888,Yes,1,01,Paid,75000,Yes,No,3,,Reseller,324901403,,
150,4,1244.887,Western Province,Karongi,Rural,Ordinary HH,First,,,Relative/Friend,,No problems,No other problem,,Solar home system,Yes,International brands,No,3,No,,,,,Yes,Don't have appliances,,,,,Yes,,Solar Home System,888,No,3,01,For free,,,No,8,,Other technician,325000403,,
150,9,1244.887,Western Province,Karongi,Rural,Ordinary HH,First,Yes,RADIO,,,No problems,No other problem,,Solar home system,Yes,International brands,Yes,3,No,,,,,,Have appliances,,,,,,,Solar Lighting product,11,No,1,01,Paid,45000,No,Yes,12,,Owner,325000903,,
150,9,1244.887,Western Province,Karongi,Rural,Ordinary HH,second,Yes,RADIO,,,No problems,No other problem,,Solar lighting system,No,International brands,Yes,2,Yes,,,,,,Have appliances,,,,,,,Solar Lighting product,888,No,5,01,Paid,25000,Yes,Yes,4,,Owner,325000903,,
150,10,1244.887,Western Province,Karongi,Rural,Ordinary HH,First,Yes,No place to connect on it,,,"Other, specify","Other, specify",Rainy season,Solar lantern,Yes,International brands,No,1,No,,,,,,Have appliances,,,,,,,Solar Lantern,,,5,01,Paid,74000,Yes,Yes,12,,Reseller,325001003,,
150,11,1244.887,Western Province,Karongi,Rural,Ordinary HH,third,,,,,Quality of light,No other problem,,Solar lighting system,No,International brands,Yes,4,Yes,,,,,Yes,Don't have appliances,,,,,Yes,,Solar Lighting product,888,Yes,2,01,Paid,100000,No,No,4,,Reseller,325001103,,
150,11,1244.887,Western Province,Karongi,Rural,Ordinary HH,fourth,,,,,Quality of light,No other problem,,Solar lighting system,No,International brands,Yes,3,Yes,,,,,Yes,Don't have appliances,,,,,Yes,,Solar Lighting product,888,Yes,2,01,Paid,100000,No,No,3,,Reseller,325001103,,
150,11,1244.887,Western Province,Karongi,Rural,Ordinary HH,fifth,,,,,No problems,No other problem,,Solar lighting system,No,International brands,Yes,3,Yes,,,,,Yes,Don't have appliances,,,,,Yes,,Solar Lighting product,888,Yes,2,01,Paid,100000,No,No,4,,Reseller,325001103,,
150,11,1244.887,Western Province,Karongi,Rural,Ordinary HH,second,,,,,No problems,No other problem,,Solar lighting system,No,International brands,Yes,3,Yes,,,,,Yes,Don't have appliances,,,,,Yes,,Solar Lighting product,888,No,2,01,Paid,100000,No,No,4,,Reseller,325001103,,
150,11,1244.887,Western Province,Karongi,Rural,Ordinary HH,First,,,,,Quality of light,No other problem,,Solar lighting system,Yes,International brands,Yes,4,Yes,,,,,Yes,Don't have appliances,,,,,Yes,,Solar Lighting product,888,Yes,2,01,Paid,100000,No,Yes,3,,Reseller,325001103,,
150,13,1244.887,Western Province,Karongi,Rural,Ordinary HH,First,,,,,No problems,No other problem,,Solar lantern,Yes,International brands,No,1,No,,,,,Yes,Don't have appliances,,,,,Yes,,Solar Lantern,,,1,0102,Paid,30000,Yes,No,4,,Reseller,325001303,,
150,14,1244.887,Western Province,Karongi,Rural,Ordinary HH,First,,,,,No problems,No other problem,,Solar home system,Yes,International brands,Yes,2,Yes,,,,,Yes,Don't have appliances,,,,,Yes,,Solar Lighting product,15,No,1,01,Paid,200000,Yes,Yes,10,,Reseller,325001403,,
150,15,1244.887,Western Province,Karongi,Rural,Ordinary HH,First,,,,,No problems,No other problem,,Solar lantern,Yes,International brands,No,1,No,,,,,Yes,Don't have appliances,,,,,Yes,,Solar Lantern,,,5,01,Paid,22000,Yes,Yes,3,,Reseller,325001503,,
150,20,1244.887,Western Province,Karongi,Rural,Ordinary HH,First,,,,,Duration of service too short,Cannot power large appliances,,Solar lighting system,Yes,International brands,Yes,3,Yes,,,,,Yes,Don't have appliances,,,,,Yes,,Solar Lighting product,72,No,2,01,Paid,85000,Yes,Yes,3,,Other technician,325002003,,
151,1,,Western Province,Karongi,Rural,Refugee HH,First,Yes,Not possible to connect on it,,,Quality of light,Duration of service too short,,Solar lantern,Yes,International brands,No,1,No,,,,,,Have appliances,,,,,,,Solar Lantern,,,1,01,Paid,15000,No,No,3,,Owner,325100103,Kiziba Camp,22.38194466
151,3,,Western Province,Karongi,Rural,Refugee HH,second,Yes,Not possible to connect on it,,,Duration of service too short,Battery problems,,Solar lantern,Yes,Component-based/Local,No,4,No,,,,,,Have appliances,,,,,,,Solar Lantern,,,1,0102,Paid,30000,Yes,No,4,,Reseller,325100303,Kiziba Camp,22.38194466
151,3,,Western Province,Karongi,Rural,Refugee HH,First,Yes,Not possible to connect on it,,,Quality of light,Duration of service too short,,Solar home system,No,International brands,No,1,No,,,,,,Have appliances,,,,,,,Solar Home System,888,No,1,01,Paid,25000,No,Yes,4,No,Reseller,325100303,Kiziba Camp,22.38194466
151,9,,Western Province,Karongi,Rural,Refugee HH,First,Yes,Electric lamp,,,No problems,No other problem,,Solar home system,Yes,International brands,No,2,No,,,,,,Have appliances,,,,,,,Solar Home System,888,No,1,01,Paid,10000,No,Yes,2,,Owner,325100903,Kiziba Camp,22.38194466
151,10,,Western Province,Karongi,Rural,Refugee HH,First,,,,,Battery problems,No other problem,,Solar home system,Yes,International brands,No,3,Yes,Yes,,,,,Have appliances,,,,,,,Solar Home System,888,No,3,01,Paid,85000,Yes,No,2,No,Reseller,325101003,Kiziba Camp,22.38194466
151,11,,Western Province,Karongi,Rural,Refugee HH,First,Yes,Electric lamp,,,No problems,No other problem,,Solar home system,Yes,International brands,No,1,No,,,,,,Have appliances,,,,,,,Solar Home System,888,No,1,01,Paid,8000,Yes,No,2,,Owner,325101103,Kiziba Camp,22.38194466
151,14,,Western Province,Karongi,Rural,Refugee HH,First,Yes,No place to connect on it,,,Recurrent cost related to solar device is too expensive,No other problem,,Solar lighting system,Yes,International brands,Yes,4,Yes,,,,,,Have appliances,,,,,,,Solar Lighting product,20,No,5,01,Paid,95000,Yes,Yes,12,,Reseller,325101403,Kiziba Camp,22.38194466
151,15,,Western Province,Karongi,Rural,Refugee HH,First,,,,,Duration of service too short,Quality of light,,Solar lighting system,Yes,International brands,No,2,No,,,,,Yes,Don't have appliances,,,,,Yes,,Solar Lighting product,6,No,4,01,Paid,33500,Yes,Yes,3,,Reseller,325101503,Kiziba Camp,22.38194466
152,8,,Western Province,Karongi,Rural,Refugee HH,First,,,,,No problems,No other problem,,Solar home system,Yes,International brands,No,4,No,,,,,Yes,Don't have appliances,,,,,Yes,,Solar Home System,888,No,3,02,Paid,95000,Yes,Yes,4,,Owner,325200803,Kiziba Camp,22.38194466
152,9,,Western Province,Karongi,Rural,Refugee HH,First,,,,,Duration of service too short,No other problem,,Solar lantern,Yes,International brands,No,1,No,,,,,Yes,Don't have appliances,,,,,Yes,,Solar Lantern,,,1,01,Paid,3000,Yes,No,2,,"Other, specify",325200903,Kiziba Camp,22.38194466
152,12,,Western Province,Karongi,Rural,Refugee HH,First,,,,,Duration of service too short,No other problem,,Solar home system,Yes,International brands,No,3,No,,,,,Yes,Don't have appliances,,,,,Yes,,Solar Home System,888,No,1,01,Paid,30000,Yes,Yes,3,,Owner,325201203,Kiziba Camp,22.38194466
152,15,,Western Province,Karongi,Rural,Refugee HH,First,Yes,Electric lamp,Local government,,Duration of service too short,Cannot power large appliances,,Solar home system,Yes,International brands,No,3,No,,,,,,Have appliances,,,,,,,Solar Home System,888,No,3,01,For free,,,No,3,,Relative/friend,325201503,Kiziba Camp,22.38194466
152,16,,Western Province,Karongi,Rural,Refugee HH,First,,,Relative/Friend,,No problems,No other problem,,Solar home system,Yes,International brands,No,3,No,,,,,Yes,Don't have appliances,,,,,Yes,,Solar Home System,60,No,1,02,For free,,,No,3,,Other technician,325201603,Kiziba Camp,22.38194466
152,17,,Western Province,Karongi,Rural,Refugee HH,First,,,,,No problems,No other problem,,Solar home system,Yes,International brands,Yes,4,No,,,,,Yes,Don't have appliances,,,,,Yes,,Solar Lighting product,888,No,1,01,Paid,30000,Yes,No,4,,Other technician,325201703,Kiziba Camp,22.38194466
153,1,,Western Province,Karongi,Rural,Refugee HH,First,Yes,Electric lamp,,,Quality of light,Breaks down too often,,Solar lighting system,Yes,International brands,No,3,No,,,,,,Have appliances,,,,,,,Solar Lighting product,12,No,1,04,Paid,10000,No,No,3,No,Reseller,325300103,Kiziba Camp,22.38194466
153,2,,Western Province,Karongi,Rural,Refugee HH,First,Yes,Electric lamp,,,Breaks down too often,Recurrent cost related to solar device is too expensive,,Solar lighting system,Yes,International brands,No,3,No,,,,,,Have appliances,,,,,,,Solar Lighting product,20,No,2,02,Paid,50000,Yes,Yes,6,No,Reseller,325300203,Kiziba Camp,22.38194466
153,4,,Western Province,Karongi,Rural,Refugee HH,First,,,,,Recurrent cost related to solar device is too expensive,Breaks down too often,,Solar lighting system,Yes,International brands,No,3,No,,,,,Yes,Don't have appliances,,,,,Yes,,Solar Lighting product,20,No,5,03,Paid,10000,No,No,24,Yes,Reseller,325300403,Kiziba Camp,22.38194466
153,7,,Western Province,Karongi,Rural,Refugee HH,First,Yes,Not possible to connect on it,,,Breaks down too often,Duration of service too short,,Solar lantern,Yes,International brands,No,1,No,,,,,,Have appliances,,,,,,,Solar Lantern,,,1,01,Paid,10000,No,No,6,No,Reseller,325300703,Kiziba Camp,22.38194466
153,8,,Western Province,Karongi,Rural,Refugee HH,First,Yes,Electric lamp,Relative/Friend,,Quality of light,Breaks down too often,,Solar lantern,Yes,International brands,No,1,No,,,,,,Have appliances,,,,,,,Solar Lantern,,,5,01,For free,,,No,5,No,Relative/friend,325300803,Kiziba Camp,22.38194466
153,9,,Western Province,Karongi,Rural,Refugee HH,First,Yes,No place to connect on it,,,Breaks down too often,No other problem,,Solar lantern,Yes,International brands,No,3,No,,,,,,Have appliances,,,,,,,Solar Lantern,,,2,01,Paid,30000,Yes,No,Don't know,No,Reseller,325300903,Kiziba Camp,22.38194466
153,10,,Western Province,Karongi,Rural,Refugee HH,First,Yes,Electric lamp,,,Breaks down too often,No other problem,,Solar lantern,Yes,International brands,No,1,No,,,,,,Have appliances,,,,,,,Solar Lantern,,,1,01,Paid,10000,Yes,No,Don't know,No,Reseller,325301003,Kiziba Camp,22.38194466
153,11,,Western Province,Karongi,Rural,Refugee HH,First,Yes,No one,Relative/Friend,,Quality of light,Duration of service too short,,Solar lantern,Yes,International brands,No,1,No,,,,,,Have appliances,,,,,,,Solar Lantern,,,5,01,For free,,,No,15,,Relative/friend,325301103,Kiziba Camp,22.38194466
153,12,,Western Province,Karongi,Rural,Refugee HH,First,Yes,Electric lamp,Relative/Friend,,Breaks down too often,Quality of light,,Solar lantern,Yes,International brands,No,1,No,,,,,,Have appliances,,,,,,,Solar Lantern,,,5,01,For free,,,No,3,No,Relative/friend,325301203,Kiziba Camp,22.38194466
153,15,,Western Province,Karongi,Rural,Refugee HH,First,Yes,Electric lamp,Relative/Friend,,"Other, specify",No other problem,Rainy season,Solar home system,Yes,International brands,No,2,No,,,,,,Have appliances,,,,,,,Solar Home System,888,No,2,01,For free,,,No,2,,Owner,325301503,Kiziba Camp,22.38194466
154,1,,Western Province,Karongi,Rural,Refugee HH,First,,,Relative/Friend,,Duration of service too short,No other problem,,Solar home system,Yes,International brands,Yes,2,No,,,,,Yes,Don't have appliances,,,,,Yes,,Solar Lighting product,888,No,2,02,For free,,,No,3,,Relative/friend,325400103,Kiziba Camp,22.38194466
154,3,,Western Province,Karongi,Rural,Refugee HH,First,,,Local private organizations (NGO),,Duration of service too short,No other problem,,Solar lantern,Yes,International brands,No,1,No,,,,,Yes,Don't have appliances,,,,,Yes,,Solar Lantern,,,8,01,For free,,,Yes,4,,Owner,325400303,Kiziba Camp,22.38194466
155,1,,Western Province,Karongi,Rural,Refugee HH,First,,,,,Duration of service too short,Breaks down too often,,Solar lighting system,Yes,International brands,No,2,No,,,,,Yes,Don't have appliances,,,,,Yes,,Solar Lighting product,888,No,1,01,Paid,30000,Yes,No,2,No,Reseller,325500103,Kiziba Camp,22.38194466
155,2,,Western Province,Karongi,Rural,Refugee HH,First,,,Relative/Friend,,No problems,No other problem,,Solar lantern,Yes,International brands,No,1,No,,,,,Yes,Don't have appliances,,,,,Yes,,Solar Lantern,,,2,01,For free,,,No,3,,Owner,325500203,Kiziba Camp,22.38194466
155,4,,Western Province,Karongi,Rural,Refugee HH,First,,,Relative/Friend,,Breaks down too often,No other problem,,Solar lighting system,Yes,International brands,Yes,6,Yes,,,,,Yes,Don't have appliances,,,,,Yes,,Solar Lighting product,888,No,1,01,For free,,,No,6,No,Owner,325500403,Kiziba Camp,22.38194466
155,5,,Western Province,Karongi,Rural,Refugee HH,First,,,,,Breaks down too often,Duration of service too short,,Solar lighting system,Yes,International brands,No,2,No,,,,,Yes,Don't have appliances,,,,,Yes,,Solar Lighting product,888,No,1,01,Paid,25000,Yes,No,2,No,Relative/friend,325500503,Kiziba Camp,22.38194466
155,6,,Western Province,Karongi,Rural,Refugee HH,First,,,,,No problems,No other problem,,Solar lighting system,Yes,International brands,Yes,3,Yes,,,,,Yes,Don't have appliances,,,,,Yes,,Solar Lighting product,888,No,2,01,Paid,30100,No,No,6,,Reseller,325500603,Kiziba Camp,22.38194466
155,9,,Western Province,Karongi,Rural,Refugee HH,First,Yes,No place to connect on it,Local private organizations (NGO),,No problems,No other problem,,Solar lantern,Yes,International brands,No,1,No,,,,,,Have appliances,,,,,,,Solar Lantern,,,2,0102,For free,,,No,3,,Relative/friend,325500903,Kiziba Camp,22.38194466
155,12,,Western Province,Karongi,Rural,Refugee HH,First,Yes,No place to connect on it,,,Duration of service too short,Quality of light,,Solar lantern,Yes,International brands,No,1,No,,,,,,Have appliances,,,,,,,Solar Lantern,,,2,01,Paid,30000,No,No,4,,Reseller,325501203,Kiziba Camp,22.38194466
155,14,,Western Province,Karongi,Rural,Refugee HH,First,,,,,Duration of service too short,No other problem,,Solar lantern,Yes,International brands,No,1,No,,,,,Yes,Don't have appliances,,,,,Yes,,Solar Lantern,,,3,01,Paid,5000,No,No,1,,Owner,325501403,Kiziba Camp,22.38194466
155,15,,Western Province,Karongi,Rural,Refugee HH,First,,,Local private organizations (NGO),,No problems,No other problem,,Solar lantern,Yes,International brands,No,1,No,,,,,Yes,Don't have appliances,,,,,Yes,,Solar Lantern,,,8,01,For free,,,No,3,,Owner,325501503,Kiziba Camp,22.38194466
155,16,,Western Province,Karongi,Rural,Refugee HH,First,,,,,No problems,No other problem,,Solar home system,Yes,International brands,Yes,3,No,,,,,Yes,Don't have appliances,,,,,Yes,,Solar Lighting product,888,No,3,01,Paid,110000,No,No,4,,Owner,325501603,Kiziba Camp,22.38194466
155,18,,Western Province,Karongi,Rural,Refugee HH,First,,,Relative/Friend,,Duration of service too short,No other problem,,Solar lantern,Yes,International brands,No,1,No,,,,,Yes,Don't have appliances,,,,,Yes,,Solar Lantern,,,1,01,For free,,,No,2,,Owner,325501803,Kiziba Camp,22.38194466
156,7,,Western Province,Karongi,Rural,Refugee HH,First,Yes,Telephone,,,No problems,No other problem,,Solar home system,Yes,International brands,Yes,5,Yes,,,,Yes,,Have appliances,,,,,,,Solar Home System,888,Yes,4,01,Paid,85000,No,Yes,6,,Other technician,325600703,Kiziba Camp,22.38194466
156,8,,Western Province,Karongi,Rural,Refugee HH,First,Yes,RADIO,,,Battery problems,No other problem,,Solar home system,Yes,International brands,Yes,4,Yes,,,,,,Have appliances,,,,,,,Solar Lighting product,17,Yes,2,02,Paid,85000,No,Yes,6,No,Reseller,325600803,Kiziba Camp,22.38194466
156,9,,Western Province,Karongi,Rural,Refugee HH,First,Yes,RADIO,,,Battery problems,No other problem,,Solar home system,Yes,International brands,Yes,2,No,,,,,,Have appliances,,,,,,,Solar Lighting product,888,Yes,2,01,Paid,40000,Yes,Yes,5,No,Reseller,325600903,Kiziba Camp,22.38194466
156,11,,Western Province,Karongi,Rural,Refugee HH,First,Yes,Electric lamp,Relative/Friend,,Battery problems,No other problem,,Solar home system,Yes,International brands,No,3,No,,,,,,Have appliances,,,,,,,Solar Home System,888,No,1,01,For free,,,No,3,No,Reseller,325601103,Kiziba Camp,22.38194466
156,12,,Western Province,Karongi,Rural,Refugee HH,First,Yes,Electric lamp,,,Battery problems,No other problem,,Solar home system,Yes,International brands,No,2,No,,,,,,Have appliances,,,,,,,Solar Home System,888,No,1,01,Paid,9000,No,No,3,No,Reseller,325601203,Kiziba Camp,22.38194466
156,17,,Western Province,Karongi,Rural,Refugee HH,First,,,,,No problems,No other problem,,Solar lighting system,Yes,International brands,Yes,3,Yes,,,,,Yes,Don't have appliances,,,,,Yes,,Solar Lighting product,20,No,1,01,Paid,30000,Yes,Yes,24,,Reseller,325601703,Kiziba Camp,22.38194466
156,18,,Western Province,Karongi,Rural,Refugee HH,First,Yes,Electric lamp,,,Cannot power large appliances,Quality of light,,Solar lighting system,Yes,International brands,No,2,No,,,,,,Have appliances,,,,,,,Solar Lighting product,12,No,1,01,Paid,10000,No,No,2,,Reseller,325601803,Kiziba Camp,22.38194466
157,1,,Western Province,Karongi,Rural,Refugee HH,First,Yes,Electric lamp,,,Duration of service too short,Recurrent cost related to solar device is too expensive,,Solar lighting system,Yes,International brands,No,3,No,,,,,,Have appliances,,,,,,,Solar Lighting product,20,No,2,01,Paid,120000,Yes,Yes,12,,Reseller,325700103,Kiziba Camp,22.38194466
157,2,,Western Province,Karongi,Rural,Refugee HH,First,Yes,No place to connect on it,,,Breaks down too often,Quality of light,,Solar lighting system,Yes,International brands,Yes,5,Yes,,,,,,Have appliances,,,,,,,Solar Lighting product,20,No,3,02,Paid,10000,Yes,Yes,6,Yes,Reseller,325700203,Kiziba Camp,22.38194466
157,3,,Western Province,Karongi,Rural,Refugee HH,First,Yes,Not possible to connect on it,,,Quality of light,Breaks down too often,,Solar lighting system,Yes,International brands,No,2,No,,,,,,Have appliances,,,,,,,Solar Lighting product,12,No,3,02,Paid,50000,Yes,Yes,3,Yes,Reseller,325700303,Kiziba Camp,22.38194466
157,4,,Western Province,Karongi,Rural,Refugee HH,First,Yes,Electric lamp,,,Recurrent cost related to solar device is too expensive,Breaks down too often,,Solar lantern,Yes,International brands,No,3,No,,,,,,Have appliances,,,,,,,Solar Lantern,,,3,01,Paid,100000,Yes,Yes,12,Yes,Reseller,325700403,Kiziba Camp,22.38194466
157,6,,Western Province,Karongi,Rural,Refugee HH,First,,,,,Cannot power large appliances,Quality of light,,Solar lantern,Yes,International brands,No,1,No,,,,,Yes,Don't have appliances,,,,,Yes,,Solar Lantern,,,4,01,Paid,30000,No,No,3,,"Other, specify",325700603,Kiziba Camp,22.38194466
157,8,,Western Province,Karongi,Rural,Refugee HH,First,Yes,Electric lamp,,,No problems,No other problem,,Solar lantern,Yes,International brands,No,2,No,,,,,,Have appliances,,,,,,,Solar Lantern,,,3,0102,Paid,50000,Yes,No,23,,Reseller,325700803,Kiziba Camp,22.38194466
157,9,,Western Province,Karongi,Rural,Refugee HH,First,Yes,Electric lamp,Relative/Friend,,No problems,No other problem,,Solar lantern,Yes,International brands,Yes,3,No,,,,,,Have appliances,,,,,,,Solar Lighting product,888,No,4,01,For free,,,No,6,,Relative/friend,325700903,Kiziba Camp,22.38194466
157,11,,Western Province,Karongi,Rural,Refugee HH,First,Yes,No one,Relative/Friend,,No problems,No other problem,,Solar lantern,Yes,International brands,No,2,No,,,,,,Have appliances,,,,,,,Solar Lantern,,,1,01,For free,,,No,24,,Relative/friend,325701103,Kiziba Camp,22.38194466
157,12,,Western Province,Karongi,Rural,Refugee HH,First,Yes,No place to connect on it,,,Quality of light,Duration of service too short,,Solar lantern,Yes,International brands,No,1,No,,,,,,Have appliances,,,,,,,Solar Lantern,,,1,01,Paid,8000,No,No,4,,Reseller,325701203,Kiziba Camp,22.38194466
157,14,,Western Province,Karongi,Rural,Refugee HH,First,Yes,Electric lamp,Relative/Friend,,Battery problems,No other problem,,Solar lighting system,Yes,International brands,No,3,No,,,,,,Have appliances,,,,,,,Solar Lantern,,,3,01,For free,,,No,5,No,Relative/friend,325701403,Kiziba Camp,22.38194466
157,15,,Western Province,Karongi,Rural,Refugee HH,First,,,,,No problems,No other problem,,Solar home system,Yes,International brands,Yes,4,No,,,,Yes,,Have appliances,,,,,,,Solar Home System,888,Yes,4,01,Paid,85000,Yes,Yes,6,,Other technician,325701503,Kiziba Camp,22.38194466
157,16,,Western Province,Karongi,Rural,Refugee HH,First,,,,,Battery problems,Breaks down too often,,Solar home system,Yes,International brands,Yes,3,Yes,,,,Yes,,Have appliances,,,,,,,Solar Home System,888,No,1,01,Paid,85000,No,No,6,No,Reseller,325701603,Kiziba Camp,22.38194466
158,1,,Western Province,Karongi,Rural,Refugee HH,First,Yes,No place to connect on it,,,Duration of service too short,No other problem,,Solar lantern,Yes,International brands,No,1,No,,,,,,Have appliances,,,,,,,Solar Lantern,,,2,01,Paid,10000,No,No,1,,Relative/friend,325800103,Kiziba Camp,22.38194466
158,7,,Western Province,Karongi,Rural,Refugee HH,First,Yes,No place to connect on it,Local private organizations (NGO),,Duration of service too short,No other problem,,Solar lantern,Yes,International brands,No,1,No,,,,,,Have appliances,,,,,,,Solar Lantern,,,6,01,For free,,,No,3,,"Other, specify",325800703,Kiziba Camp,22.38194466
158,8,,Western Province,Karongi,Rural,Refugee HH,First,,,,,Breaks down too often,Duration of service too short,,Solar lantern,Yes,International brands,No,1,No,,,,,Yes,Don't have appliances,,,,,Yes,,Solar Lantern,,,4,01,Paid,3000,No,No,2,No,"Other, specify",325800803,Kiziba Camp,22.38194466
158,10,,Western Province,Karongi,Rural,Refugee HH,First,Yes,Telephone,Local private organizations (NGO),,Duration of service too short,Breaks down too often,,Solar lantern,Yes,International brands,Yes,3,No,,,,,,Have appliances,,,,,,,Solar Lighting product,888,No,4,02,For free,,,No,3,No,Other technician,325801003,Kiziba Camp,22.38194466
158,12,,Western Province,Karongi,Rural,Refugee HH,First,,,,,No problems,No other problem,,Solar lighting system,Yes,International brands,No,3,No,,,,,Yes,Don't have appliances,,,,,Yes,,Solar Lighting product,888,No,1,03,Paid,30000,No,No,4,,Relative/friend,325801203,Kiziba Camp,22.38194466
158,17,,Western Province,Karongi,Rural,Refugee HH,First,Yes,RADIO and telePhone,,,No problems,No other problem,,Solar home system,Yes,International brands,Yes,3,Yes,,,,,,Have appliances,,,,,,,Solar Lighting product,888,No,2,01,Paid,30000,Yes,Yes,12,,Reseller,325801703,Kiziba Camp,22.38194466
158,18,,Western Province,Karongi,Rural,Refugee HH,First,,,,,Duration of service too short,No other problem,,Solar lantern,Yes,International brands,No,1,No,,,,,Yes,Don't have appliances,,,,,Yes,,Solar Lantern,,,2,01,Paid,3000,No,No,2,,Owner,325801803,Kiziba Camp,22.38194466
161,1,1397.906422,Western Province,Rutsiro,Rural,Ordinary HH,First,,,Local government,,No problems,No other problem,,Solar home system,Yes,International brands,Yes,3,Yes,Yes,,,,,Have appliances,,,,,,,Solar Home System,50,No,1,0102,For free,,,No,12,,Other technician,336100103,,
161,3,331.0831,Western Province,Rutsiro,Rural,Ordinary HH,First,,,Local government,,Cannot power large appliances,Duration of service too short,,Solar lighting system,Yes,International brands,No,3,No,,,,,Yes,Don't have appliances,,,,,Yes,,Solar Lighting product,10,No,1,01,For free,,,No,5,,Relative/friend,336100303,,
161,12,1397.906422,Western Province,Rutsiro,Rural,Ordinary HH,First,,,Local government,,Breaks down too often,No other problem,,Solar home system,Yes,International brands,Yes,3,Yes,,,,,Yes,Don't have appliances,,,,,Yes,,Solar Lighting product,50,No,1,0102,For free,,,No,4,No,Reseller,336101203,,
161,13,331.0831,Western Province,Rutsiro,Rural,Ordinary HH,First,,,,,No problems,No other problem,,Solar lighting system,Yes,International brands,Yes,4,Yes,,,,,Yes,Don't have appliances,,,,,Yes,,Solar Lighting product,120,No,3,01,Paid,170000,Yes,Yes,24,,Relative/friend,336101303,,
161,17,1397.906422,Western Province,Rutsiro,Rural,Ordinary HH,First,,,,,No problems,No other problem,,Solar lighting system,Yes,International brands,Yes,3,Yes,,,,,Yes,Don't have appliances,,,,,Yes,,Solar Lighting product,20,No,1,0102,Paid,25000,No,No,6,,Reseller,336101703,,
162,14,1184.278065,Western Province,Rubavu,Rural,Ordinary HH,First,,,,,No problems,No other problem,,Solar home system,Yes,International brands,Yes,3,Yes,Yes,,,,,Have appliances,,,,,,,Solar Home System,50,No,1,0102,Paid,243000,Yes,Yes,4,,Reseller,346201403,,
162,15,1184.278065,Western Province,Rubavu,Rural,Ordinary HH,First,,,,,Duration of service too short,Cannot power large appliances,,Solar home system,Yes,International brands,Yes,3,Yes,Yes,,,,,Have appliances,,,,,,,Solar Home System,50,No,2,0102,Paid,243600,Yes,Yes,6,,Reseller,346201503,,
163,10,39.26535,Western Province,Rubavu,Urban,Ordinary HH,First,,,,,No problems,No other problem,,Solar home system,Yes,International brands,Yes,5,Yes,,,,,Yes,Don't have appliances,,,,,Yes,,Solar Lighting product,125,Yes,2,01,Paid,45000,No,No,1,,Other technician,346301003,,
165,7,303.6827,Western Province,Rubavu,Urban,Ordinary HH,First,,,,,No problems,No other problem,,Solar lighting system,Yes,International brands,Yes,5,Yes,Yes,,,,,Have appliances,,,,,,,Solar Home System,50,No,2,0102,Paid,52000,Yes,Yes,12,,Reseller,346500703,,
167,1,1067.159951,Western Province,Rubavu,Rural,Ordinary HH,First,,,Local government,,No problems,No other problem,,Solar lighting system,Yes,International brands,Yes,3,Yes,,,,,Yes,Don't have appliances,,,,,Yes,,Solar Lighting product,10,No,3,01,For free,,,No,3,,Reseller,346700103,,
167,2,1067.159951,Western Province,Rubavu,Rural,Ordinary HH,First,Yes,Electric lamp,,,Cannot power large appliances,Duration of service too short,,Solar lighting system,Yes,International brands,No,1,No,,,,,,Have appliances,,,,,,,Solar Lighting product,5,No,1,01,Paid,20000,No,No,1,,Relative/friend,346700203,,
167,5,1067.159951,Western Province,Rubavu,Rural,Ordinary HH,First,,,,,Quality of light,No other problem,,Solar lighting system,Yes,International brands,Yes,4,No,,,,,Yes,Don't have appliances,,,,,Yes,,Solar Lighting product,10,No,4,01,Paid,148000,No,Yes,5,,Reseller,346700503,,
167,9,1067.159951,Western Province,Rubavu,Rural,Ordinary HH,First,Yes,No one,Local government,,No problems,No other problem,,Solar lighting system,Yes,International brands,Yes,3,Yes,,,,,,Have appliances,,,,,,,Solar Lighting product,888,No,2,01,For free,,,No,3,,Reseller,346700903,,
167,11,1067.159951,Western Province,Rubavu,Rural,Ordinary HH,First,,,,,No problems,No other problem,,Solar lighting system,Yes,International brands,Yes,3,Yes,Yes,,,,,Have appliances,,,,,,,Solar Home System,888,No,1,0102,Paid,450000,Yes,No,4,,Reseller,346701103,,
167,14,1067.159951,Western Province,Rubavu,Rural,Ordinary HH,First,,,,,Quality of light,Duration of service too short,,Solar lighting system,Yes,International brands,Yes,3,No,,,,,Yes,Don't have appliances,,,,,Yes,,Solar Lighting product,10,No,3,02,Paid,138000,Yes,Yes,4,,Reseller,346701403,,
167,15,1067.159951,Western Province,Rubavu,Rural,Ordinary HH,First,Yes,No one,Local government,,Duration of service too short,No other problem,,Solar lighting system,Yes,International brands,Yes,3,Yes,,,,,,Have appliances,,,,,,,Solar Lighting product,888,No,2,02,For free,,,No,3,,Reseller,346701503,,
167,16,1067.159951,Western Province,Rubavu,Rural,Ordinary HH,First,,,,,Breaks down too often,No other problem,,Solar home system,Yes,International brands,Yes,3,Yes,Yes,,,,,Have appliances,,,,,,,Solar Home System,888,No,3,02,Paid,223000,Yes,Yes,12,Yes,Reseller,346701603,,
167,17,1067.159951,Western Province,Rubavu,Rural,Ordinary HH,First,,,,,Quality of light,Duration of service too short,,Solar lighting system,Yes,International brands,Yes,3,No,,,,,Yes,Don't have appliances,,,,,Yes,,Solar Lighting product,10,No,2,02,Paid,138000,Yes,Yes,2,,Reseller,346701703,,
170,3,1065.687,Western Province,Rubavu,Rural,Ordinary HH,First,Yes,Telephone,,,Duration of service too short,Cannot power large appliances,,Solar lighting system,Yes,International brands,Yes,2,Yes,,,,,,Have appliances,,,,,,,Solar Lighting product,5,No,1,01,Paid,20000,Yes,Yes,4,,Owner,347000303,,
170,13,1375.08,Western Province,Rubavu,Rural,Ordinary HH,First,,,,,No problems,No other problem,,Solar lighting system,Yes,International brands,Yes,4,Yes,,,,Yes,,Have appliances,,,,,,,Solar Home System,888,No,3,0102,Paid,225000,Yes,Yes,3,,Reseller,347001303,,
172,6,451.5992,Western Province,Rubavu,Urban,Ordinary HH,First,,,,,Recurrent cost related to solar device is too expensive,Battery problems,,Solar home system,Yes,International brands,Yes,3,Yes,Yes,,,,,Have appliances,,,,,,,Solar Home System,888,Yes,5,0102,Paid,460000,Yes,Yes,12,No,Reseller,347200603,,
173,15,681.81784,Western Province,Rubavu,Urban,Ordinary HH,First,,,,,Quality of light,No other problem,,Solar lighting system,Yes,International brands,Yes,3,No,,,,,Yes,Don't have appliances,,,,,Yes,,Solar Lighting product,10,No,10,01,Paid,218000,Yes,Yes,12,,Reseller,347301503,,
175,1,148.1571,Western Province,Rubavu,Urban,Ordinary HH,First,,,Local government,,No problems,No other problem,,Solar lighting system,Yes,International brands,Yes,3,No,,,,,Yes,Don't have appliances,,,,,Yes,,Solar Lighting product,15,No,10,0102,For free,,,No,6,,Reseller,347500103,,
178,5,308.4487415,Western Province,Nyabihu,Urban,Ordinary HH,First,,,,,Duration of service too short,Battery problems,,Solar lighting system,Yes,International brands,Yes,3,No,,,,,Yes,Don't have appliances,,,,,Yes,,Solar Lighting product,10,No,1,0102,Paid,120000,No,Yes,4,No,Reseller,357800503,,
178,7,308.4487415,Western Province,Nyabihu,Urban,Ordinary HH,First,,,"Other, specify",Ministry of Health,Duration of service too short,Cannot power large appliances,,Solar lighting system,Yes,International brands,Yes,3,No,,,,,Yes,Don't have appliances,,,,,Yes,,Solar Lighting product,12,No,3,01,For free,,,No,24,,Other technician,357800703,,
178,15,308.4487415,Western Province,Nyabihu,Urban,Ordinary HH,First,,,,,Quality of light,No other problem,,Solar lighting system,Yes,International brands,Yes,3,Yes,,,,,Yes,Don't have appliances,,,,,Yes,,Solar Lighting product,10,No,4,01,Paid,10000,Yes,Yes,4,,Reseller,357801503,,
178,16,308.4487415,Western Province,Nyabihu,Urban,Ordinary HH,First,Yes,RADIO,,,Recurrent cost related to solar device is too expensive,No other problem,,Solar lighting system,Yes,International brands,Yes,3,Yes,,,,,,Have appliances,,,,,,,Solar Lighting product,6,Yes,1,01,Paid,36000,Yes,No,6,,Reseller,357801603,,
178,22,308.4487415,Western Province,Nyabihu,Urban,Ordinary HH,First,Yes,Telephone,,,Duration of service too short,No other problem,,Solar lighting system,Yes,International brands,Yes,3,No,,,,,,Have appliances,,,,,,,Solar Lighting product,888,Yes,1,01,Paid,6000,Yes,Yes,3,,Reseller,357802203,,
179,2,1415.746006,Western Province,Nyabihu,Rural,Ordinary HH,First,Yes,Electric lamp,,,Cannot power large appliances,No other problem,,Solar lighting system,Yes,International brands,No,3,No,,,,,,Have appliances,,,,,,,Solar Lighting product,30,Yes,5,01,Paid,100000,Yes,No,4,,Reseller,357900203,,
179,6,1415.746006,Western Province,Nyabihu,Rural,Ordinary HH,First,,,,,Quality of light,No other problem,,Solar lighting system,Yes,International brands,Yes,3,Yes,,,,,Yes,Don't have appliances,,,,,Yes,,Solar Lighting product,120,No,3,01,Paid,130000,Yes,Yes,12,,Reseller,357900603,,
179,7,1415.746006,Western Province,Nyabihu,Rural,Ordinary HH,First,,,,,Breaks down too often,Battery problems,,Solar lighting system,Yes,International brands,Yes,3,Yes,,,,,Yes,Don't have appliances,,,,,Yes,,Solar Lighting product,17,No,2,0102,Paid,26200,Yes,Yes,12,No,Reseller,357900703,,
179,12,729.3237,Western Province,Nyabihu,Rural,Ordinary HH,First,,,,,Recurrent cost related to solar device is too expensive,Duration of service too short,,Solar lantern,No,International brands,Yes,1,No,,,,,Yes,Don't have appliances,,,,,Yes,,Solar Lantern,,,8,01,Paid,10000,Yes,No,5,,Other technician,357901203,,
179,12,729.3237,Western Province,Nyabihu,Rural,Ordinary HH,second,,,,,Duration of service too short,No other problem,,Solar home system,No,International brands,Yes,5,No,,,,,Yes,Don't have appliances,,,,,Yes,,Solar Lighting product,17,No,1,01,Paid,20000,Yes,No,2,,Other technician,357901203,,
179,12,729.3237,Western Province,Nyabihu,Rural,Ordinary HH,third,,,,,No problems,No other problem,,Solar home system,Yes,International brands,Yes,7,Yes,Yes,,,,,Have appliances,,,,,,,Solar Home System,234,Yes,8,01,Paid,900000,Yes,No,16,,Reseller,357901203,,
179,13,1415.746006,Western Province,Nyabihu,Rural,Ordinary HH,First,Yes,Electric lamp,,,Duration of service too short,Cannot power large appliances,,Solar lighting system,Yes,International brands,Yes,4,No,,,,,,Have appliances,,,,,,,Solar Lighting product,12,No,1,01,Paid,60000,No,Yes,2,,Reseller,357901303,,
179,15,1415.746006,Western Province,Nyabihu,Rural,Ordinary HH,First,,,,,Recurrent cost related to solar device is too expensive,Quality of light,,Solar home system,Yes,International brands,Yes,5,Yes,Yes,,,,,Have appliances,,,,,,,Solar Home System,888,Yes,5,0102,Paid,774000,Yes,Yes,5,,Reseller,357901503,,
179,16,1415.746006,Western Province,Nyabihu,Rural,Ordinary HH,First,,,,,Recurrent cost related to solar device is too expensive,Duration of service too short,,Solar home system,Yes,International brands,Yes,5,Yes,Yes,,,,,Have appliances,,,,,,,Solar Home System,888,Yes,7,01,Paid,774000,Yes,Yes,3,,Reseller,357901603,,
179,17,1415.746006,Western Province,Nyabihu,Rural,Ordinary HH,First,Yes,Electric lamp,,,Duration of service too short,"Other, specify",Doesn't work well in rainy season,Solar lighting system,Yes,International brands,Yes,3,No,,,,,,Have appliances,,,,,,,Solar Lighting product,12,No,3,01,Paid,120000,Yes,Yes,24,,Reseller,357901703,,
179,18,1415.746006,Western Province,Nyabihu,Rural,Ordinary HH,First,Yes,Electric lamp,,,Cannot power large appliances,Recurrent cost related to solar device is too expensive,,Solar lighting system,Yes,International brands,No,3,No,,,,,,Have appliances,,,,,,,Solar Lighting product,12,Yes,1,0102,Paid,22000,Yes,Yes,6,,Reseller,357901803,,
179,21,1415.746006,Western Province,Nyabihu,Rural,Ordinary HH,First,Yes,Electric lamp,,,Duration of service too short,"Other, specify",Doesn't work well in rainy season,Solar lighting system,Yes,International brands,Yes,3,No,,,,,,Have appliances,,,,,,,Solar Lighting product,12,No,1,0102,Paid,120000,Yes,Yes,4,,Reseller,357902103,,
180,5,76.20366292,Western Province,Nyabihu,Urban,Ordinary HH,First,,,,,Cannot power large appliances,No other problem,,Solar lighting system,Yes,International brands,Yes,4,Yes,,,,Yes,,Have appliances,,,,,,,Solar Home System,888,No,5,0102,Paid,120000,Yes,Yes,24,,Reseller,358000503,,
180,7,76.20366292,Western Province,Nyabihu,Urban,Ordinary HH,First,Yes,Telephone,,,Cannot power large appliances,Duration of service too short,,Solar lighting system,Yes,International brands,Yes,3,No,,,,,,Have appliances,,,,,,,Solar Lighting product,888,Yes,5,0102,Paid,130000,Yes,Yes,3,,Reseller,358000703,,
180,20,76.20366292,Western Province,Nyabihu,Urban,Ordinary HH,First,Yes,RADIO,,,Duration of service too short,Cannot power large appliances,,Solar lighting system,Yes,International brands,Yes,4,Yes,,,,,,Have appliances,,,,,,,Solar Lighting product,888,Yes,3,0102,Paid,130000,Yes,Yes,3,,Reseller,358002003,,
181,7,1090.555,Western Province,Nyabihu,Rural,Ordinary HH,First,,,,,Breaks down too often,Maintenance and availability of spare parts,,Solar lighting system,Yes,International brands,Yes,3,Yes,,,,Yes,,Have appliances,,,,,,,Solar Home System,888,No,1,0102,Paid,11700,Yes,Yes,3,No,Reseller,358100703,,
181,10,1090.555,Western Province,Nyabihu,Rural,Ordinary HH,First,Yes,Telephone,,,Quality of light,No other problem,,Solar lighting system,Yes,International brands,Yes,3,No,,,,,,Have appliances,,,,,,,Solar Lighting product,10,No,1,0102,Paid,97200,Yes,Yes,4,,Reseller,358101003,,
181,14,1090.555,Western Province,Nyabihu,Rural,Ordinary HH,First,Yes,Electric lamp,,,Duration of service too short,Recurrent cost related to solar device is too expensive,,Solar lighting system,Yes,International brands,Yes,3,No,,,,,,Have appliances,,,,,,,Solar Lighting product,12,No,1,01,Paid,172000,Yes,Yes,24,,Reseller,358101403,,
181,17,1090.555,Western Province,Nyabihu,Rural,Ordinary HH,First,Yes,RADIO,,,Recurrent cost related to solar device is too expensive,No other problem,,Solar lighting system,Yes,International brands,Yes,3,Yes,,,,,,Have appliances,,,,,,,Solar Lighting product,17,Yes,1,02,Paid,1700,Yes,Yes,12,,Reseller,358101703,,
181,18,1090.555,Western Province,Nyabihu,Rural,Ordinary HH,First,Yes,RADIO,,,Duration of service too short,Cannot power large appliances,,Solar lighting system,Yes,International brands,Yes,3,Yes,,,,,,Have appliances,,,,,,,Solar Lighting product,17,Yes,3,0102,Paid,57600,Yes,Yes,3,,Reseller,358101803,,
181,22,1090.555,Western Province,Nyabihu,Rural,Ordinary HH,First,Yes,Telephone,,,Duration of service too short,No other problem,,Solar lighting system,Yes,International brands,Yes,3,No,,,,,,Have appliances,,,,,,,Solar Lighting product,17,Yes,1,0102,Paid,50000,Yes,No,3,,Reseller,358102203,,
182,3,1370.709236,Western Province,Ngororero,Rural,Ordinary HH,First,,,,,"Other, specify",No other problem,On a not sunny day,Solar home system,Yes,International brands,No,2,No,,,,,Yes,Don't have appliances,,,,,Yes,,Solar Home System,888,No,2,01,Paid,5000,No,No,2,,Owner,368200303,,
182,6,1370.709236,Western Province,Ngororero,Rural,Ordinary HH,third,,,Local private organizations (NGO),,No problems,No other problem,,Solar lighting system,No,International brands,No,1,No,,,,,Yes,Don't have appliances,,,,,Yes,,Solar Lantern,,,1,01,For free,,,No,3,,Reseller,368200603,,
182,6,1370.709236,Western Province,Ngororero,Rural,Ordinary HH,First,,,,,No problems,No other problem,,Solar lighting system,Yes,International brands,Yes,4,Yes,,,,,Yes,Don't have appliances,,,,,Yes,,Solar Lighting product,888,Yes,1,0102,Paid,20000,Yes,Yes,18,,Reseller,368200603,,
182,6,1370.709236,Western Province,Ngororero,Rural,Ordinary HH,second,,,,,No problems,No other problem,,Solar lighting system,No,International brands,Yes,4,Yes,,,,,Yes,Don't have appliances,,,,,Yes,,Solar Lighting product,888,No,1,0102,Paid,20000,No,No,Don't know,,Reseller,368200603,,
182,8,1370.709236,Western Province,Ngororero,Rural,Ordinary HH,First,,,,,No problems,No other problem,,Solar lantern,Yes,International brands,Yes,1,No,,,,,Yes,Don't have appliances,,,,,Yes,,Solar Lantern,,,3,01,Paid,70000,Yes,Yes,4,,Owner,368200803,,
182,13,897.1915,Western Province,Ngororero,Rural,Ordinary HH,First,,,Local government,,Duration of service too short,Breaks down too often,,Solar lighting system,Yes,International brands,Yes,3,No,,,,,Yes,Don't have appliances,,,,,Yes,,Solar Lighting product,9,Yes,5,01,For free,,,No,4,No,Owner,368201303,,
183,1,162.5009,Western Province,Ngororero,Rural,Ordinary HH,First,,,,,"Other, specify","Other, specify",On a not sunny day,Solar home system,Yes,International brands,Yes,3,Yes,,,,,Yes,Don't have appliances,,,,,Yes,,Solar Lighting product,15,No,2,01,Paid,20000,No,Yes,3,,Owner,368300103,,
183,1,162.5009,Western Province,Ngororero,Rural,Ordinary HH,second,,,,,No problems,No other problem,,Solar home system,No,International brands,No,3,No,,,,,Yes,Don't have appliances,,,,,Yes,,Solar Home System,888,No,1,01,Paid,20000,No,No,3,,"Other, specify",368300103,,
184,7,1540.114,Western Province,Ngororero,Rural,Ordinary HH,First,,,Relative/Friend,,Quality of light,Breaks down too often,,Solar home system,Yes,International brands,No,2,No,,,,,Yes,Don't have appliances,,,,,Yes,,Solar Home System,888,No,1,01,For free,,,No,2,No,Reseller,368400703,,
184,14,1540.114,Western Province,Ngororero,Rural,Ordinary HH,First,,,,,Cannot power large appliances,No other problem,,Solar lighting system,Yes,International brands,Yes,3,Yes,,,,,Yes,Don't have appliances,,,,,Yes,,Solar Lighting product,72,No,4,0102,Paid,172800,Yes,Yes,12,,Reseller,368401403,,
184,17,1540.114,Western Province,Ngororero,Rural,Ordinary HH,First,,,,,Duration of service too short,Cannot power large appliances,,Solar lighting system,Yes,International brands,Yes,3,Yes,,,,,Yes,Don't have appliances,,,,,Yes,,Solar Lighting product,72,No,3,01,Paid,172800,Yes,Yes,8,,Reseller,368401703,,
186,4,743.5219492,Western Province,Ngororero,Rural,Ordinary HH,First,,,,,No problems,No other problem,,Solar lantern,Yes,International brands,Yes,1,Yes,,,,,Yes,Don't have appliances,,,,,Yes,,Solar Lantern,,,4,02,Paid,37000,Yes,No,3,,Relative/friend,368600403,,
186,5,743.5219492,Western Province,Ngororero,Rural,Ordinary HH,second,,,Relative/Friend,,No problems,No other problem,,Solar lighting system,No,International brands,No,1,No,,,,,Yes,Don't have appliances,,,,,Yes,,Solar Lantern,,,1,01,For free,,,No,Don't know,,Other technician,368600503,,
186,5,743.5219492,Western Province,Ngororero,Rural,Ordinary HH,fourth,,,Relative/Friend,,No problems,No other problem,,Solar lighting system,No,International brands,No,1,No,,,,,Yes,Don't have appliances,,,,,Yes,,Solar Lantern,,,1,01,For free,,,No,Don't know,,Other technician,368600503,,
186,5,743.5219492,Western Province,Ngororero,Rural,Ordinary HH,third,,,Relative/Friend,,No problems,No other problem,,Solar lighting system,Yes,International brands,Yes,4,No,,,,,Yes,Don't have appliances,,,,,Yes,,Solar Lighting product,888,No,4,01,For free,,,No,3,Yes,Reseller,368600503,,
186,5,743.5219492,Western Province,Ngororero,Rural,Ordinary HH,First,,,Relative/Friend,,Cannot power large appliances,Maintenance and availability of spare parts,,Solar lighting system,No,International brands,No,1,No,,,,,Yes,Don't have appliances,,,,,Yes,,Solar Lantern,,,1,01,For free,,,No,Don't know,,Other technician,368600503,,
188,3,1563.485938,Western Province,Rusizi,Rural,Ordinary HH,First,,,,,Recurrent cost related to solar device is too expensive,No other problem,,Solar lighting system,Yes,International brands,Yes,3,No,,,,,Yes,Don't have appliances,,,,,Yes,,Solar Lighting product,888,No,2,01,Paid,19200,Yes,No,6,,Owner,378800303,,
188,6,1563.485938,Western Province,Rusizi,Rural,Ordinary HH,First,Yes,Electric lamp,Relative/Friend,,"Other, specify",No other problem,Rainy season,Solar home system,Yes,International brands,Yes,3,Yes,,,,,,Have appliances,,,,,,,Solar Lighting product,888,No,2,01,For free,,,Yes,4,,Other technician,378800603,,
188,6,1563.485938,Western Province,Rusizi,Rural,Ordinary HH,fifth,,,Relative/Friend,,No problems,No other problem,,Solar lantern,No,International brands,No,1,No,,,,,Yes,Don't have appliances,,,,,Yes,,Solar Lantern,,,1,01,For free,,,No,3,,Other technician,378800603,,
188,6,1563.485938,Western Province,Rusizi,Rural,Ordinary HH,fourth,,,Relative/Friend,,No problems,No other problem,,Solar home system,No,International brands,No,1,Yes,,,,,Yes,Don't have appliances,,,,,Yes,,Solar Lantern,,,1,01,For free,,,No,3,,Relative/friend,378800603,,
188,6,1563.485938,Western Province,Rusizi,Rural,Ordinary HH,third,,,"Other, specify",Nothing,No problems,No other problem,,Solar lantern,No,Component-based/Local,No,1,No,,,,,Yes,Don't have appliances,,,,,Yes,,Solar Lantern,,,1,01,For free,,,No,3,,"Other, specify",378800603,,
188,6,1563.485938,Western Province,Rusizi,Rural,Ordinary HH,second,,,,,Battery problems,No other problem,,Solar lantern,No,International brands,No,1,Yes,,,,,Yes,Don't have appliances,,,,,Yes,,Solar Lantern,,,4,01,Paid,30000,Yes,No,4,No,Other technician,378800603,,
188,7,1563.485938,Western Province,Rusizi,Rural,Ordinary HH,First,Yes,Electric lamp,,,Breaks down too often,Duration of service too short,,Solar lantern,Yes,International brands,Yes,1,No,,,,,,Have appliances,,,,,,,Solar Lantern,,,7,01,Paid,29000,Yes,No,5,No,"Other, specify",378800703,,
188,10,1563.485938,Western Province,Rusizi,Rural,Ordinary HH,First,,,,,Cannot power large appliances,Quality of light,,Solar lantern,Yes,International brands,No,1,No,,,,,Yes,Don't have appliances,,,,,Yes,,Solar Lantern,,,10,01,Paid,30000,No,No,3,,"Other, specify",378801003,,
188,18,1563.485938,Western Province,Rusizi,Rural,Ordinary HH,First,Yes,Electric lamp,,,Recurrent cost related to solar device is too expensive,Quality of light,,Solar home system,Yes,Component-based/Local,No,3,No,,,,,,Have appliances,,,,,,,Solar Home System,888,No,3,01,Paid,7200,Yes,Yes,4,,Reseller,378801803,,
189,10,255.983,Western Province,Rusizi,Urban,Ordinary HH,First,Yes,Electric lamp,,,Battery problems,No other problem,,Solar lantern,Yes,International brands,No,3,No,,,,,,Have appliances,,,,,,,Solar Lantern,,,10,01,Paid,30000,No,Yes,Don't know,No,"Other, specify",378901003,,
192,2,107.9484507,Western Province,Rusizi,Urban,Ordinary HH,First,,,,,"Other, specify","Other, specify",Low power,Solar home system,Yes,International brands,No,1,No,,,,,Yes,Don't have appliances,,,,,Yes,,Solar Lantern,,,1,03,Paid,4000,No,No,2,,Reseller,379200203,,
193,5,2612.025216,Western Province,Rusizi,Rural,Ordinary HH,First,Yes,greenlight plan,,,Recurrent cost related to solar device is too expensive,Breaks down too often,,Solar lantern,Yes,International brands,No,1,No,,,,,,Have appliances,,,,,,,Solar Lantern,,,6,01,Paid,30000,Yes,Yes,3,Yes,Other technician,379300503,,
194,2,1837.83892,Western Province,Rusizi,Rural,Ordinary HH,second,Yes,RADIO,,,Cannot power large appliances,No other problem,,Solar lighting system,No,International brands,No,1,No,,,,,,Have appliances,,,,,,,Solar Lighting product,25,No,1,01,Paid,1500,No,No,1,,Reseller,379400203,,
194,2,1837.83892,Western Province,Rusizi,Rural,Ordinary HH,First,,,,,No problems,No other problem,,Solar lighting system,Yes,International brands,No,3,No,,,,,Yes,Don't have appliances,,,,,Yes,,Solar Lighting product,25,No,2,01,Paid,10000,Yes,No,2,,Reseller,379400203,,
196,9,1899.352575,Western Province,Nyamasheke,Rural,Ordinary HH,First,,,,,Duration of service too short,Cannot power large appliances,,Solar home system,Yes,International brands,No,2,No,,,,,Yes,Don't have appliances,,,,,Yes,,Solar Home System,888,Yes,1,01,Paid,15000,No,No,3,,Relative/friend,389600903,,
196,10,2665.758,Western Province,Nyamasheke,Rural,Ordinary HH,First,Yes,Electric lamp,,,No problems,No other problem,,Solar home system,Yes,International brands,Yes,3,Yes,,,,,,Have appliances,,,,,,,Solar Lighting product,20,No,1,01,Paid,15000,No,Yes,2,,Owner,389601003,,
196,15,2665.758,Western Province,Nyamasheke,Rural,Ordinary HH,First,Yes,Electric lamp,,,No problems,No other problem,,Solar lantern,Yes,International brands,No,1,No,,,,,,Have appliances,,,,,,,Solar Lantern,,,10,01,Paid,26000,Yes,No,1,,"Other, specify",389601503,,
197,2,1118.390646,Western Province,Nyamasheke,Rural,Ordinary HH,First,Yes,No one,,,Cannot power large appliances,Battery problems,,Solar lighting system,Yes,International brands,No,3,No,,,,,,Have appliances,,,,,,,Solar Lighting product,50,No,3,01,Paid,170000,Yes,No,3,Yes,Reseller,389700203,,
197,2,1118.390646,Western Province,Nyamasheke,Rural,Ordinary HH,second,,,Local private organizations (NGO),,Cannot power large appliances,Battery problems,,Solar lantern,No,International brands,Yes,1,Yes,,,,,Yes,Don't have appliances,,,,,Yes,,Solar Lighting product,50,No,3,01,For free,,,No,Don't know,Yes,Reseller,389700203,,
197,3,1118.390646,Western Province,Nyamasheke,Rural,Ordinary HH,First,Yes,Electric lamp,,,Duration of service too short,Breaks down too often,,Solar lantern,Yes,International brands,Yes,1,No,,,,,,Have appliances,,,,,,,Solar Lantern,,,6,01,Paid,30000,Yes,No,1,Yes,Relative/friend,389700303,,
197,15,1118.390646,Western Province,Nyamasheke,Rural,Ordinary HH,First,,,,,No problems,No other problem,,Solar home system,Yes,International brands,Yes,3,Yes,,,,,Yes,Don't have appliances,,,,,Yes,,Solar Lighting product,20,No,1,01,Paid,10000,No,Yes,11,,Reseller,389701503,,
198,2,821.3362,Western Province,Nyamasheke,Rural,Ordinary HH,second,Yes,Electric lamp,,,Recurrent cost related to solar device is too expensive,No other problem,,Solar lighting system,No,International brands,No,3,No,,,,,,Have appliances,,,,,,,Solar Home System,320,No,1,01,Paid,20800,Yes,Yes,3,,Reseller,389800203,,
198,2,821.3362,Western Province,Nyamasheke,Rural,Ordinary HH,third,Yes,No one,,,No problems,No other problem,,Solar lighting system,No,International brands,No,3,No,,,,,,Have appliances,,,,,,,Solar Home System,320,No,1,01,Paid,20800,Yes,No,3,,Reseller,389800203,,
198,2,821.3362,Western Province,Nyamasheke,Rural,Ordinary HH,fourth,,,,,No problems,No other problem,,Solar home system,No,Component-based/Local,Yes,3,Yes,,,,,Yes,Don't have appliances,,,,,Yes,,Solar Lighting product,888,No,1,01,Paid,20800,Yes,Yes,3,,Reseller,389800203,,
198,2,821.3362,Western Province,Nyamasheke,Rural,Ordinary HH,First,,,,,Recurrent cost related to solar device is too expensive,No other problem,,Solar home system,Yes,International brands,Yes,3,Yes,,,,,Yes,Don't have appliances,,,,,Yes,,Solar Lighting product,888,No,1,01,Paid,20800,Yes,Yes,3,,Reseller,389800203,,
198,10,821.3362,Western Province,Nyamasheke,Rural,Ordinary HH,First,Yes,No one,,,Recurrent cost related to solar device is too expensive,No other problem,,Solar lantern,Yes,International brands,No,1,No,,,,,,Have appliances,,,,,,,Solar Lantern,,,2,01,Paid,31000,Yes,No,1,,"Other, specify",389801003,,
198,12,821.3362,Western Province,Nyamasheke,Rural,Ordinary HH,First,,,,,No problems,No other problem,,Solar lantern,Yes,International brands,No,1,No,,,,,Yes,Don't have appliances,,,,,Yes,,Solar Lantern,,,1,01,Paid,30000,Yes,No,3,,"Other, specify",389801203,,
199,1,1265.783775,Northern Province,Rulindo,Rural,Ordinary HH,First,,,Local government,,Breaks down too often,Quality of light,,Solar lantern,Yes,International brands,No,1,No,,,,,Yes,Don't have appliances,,,,,Yes,,Solar Lantern,,,1,01,For free,,,No,1,No,Other technician,429900104,,
199,12,1265.783775,Northern Province,Rulindo,Rural,Ordinary HH,First,Yes,RADIO,,,No problems,No other problem,,Solar home system,Yes,Component-based/Local,Yes,3,Yes,,,,,,Have appliances,,,,,,,Solar Lighting product,32,Yes,2,0102,Paid,100000,Yes,Yes,10,,Reseller,429901204,,
200,13,2302.376582,Northern Province,Rulindo,Rural,Ordinary HH,First,Yes,RADIO and telePhone,,,No problems,No other problem,,Solar lighting system,Yes,International brands,Yes,3,Yes,,,,,,Have appliances,,,,,,,Solar Lighting product,888,No,11,01,Paid,10000,Yes,Yes,12,,Reseller,430001304,,
201,8,297.5741478,Northern Province,Rulindo,Rural,Ordinary HH,fourth,Yes,No device four,,,No problems,No other problem,,Solar home system,No,International brands,No,1,No,,,,,,Have appliances,,,,,,,Solar Home System,888,No,1,01,Paid,27100,No,No,3,,Owner,430100804,,
201,8,297.5741478,Northern Province,Rulindo,Rural,Ordinary HH,First,Yes,RADIO,,,Cannot power large appliances,No other problem,,Solar home system,No,International brands,No,1,No,,,,,,Have appliances,,,,,,,Solar Home System,888,No,1,01,Paid,27100,No,No,3,,Owner,430100804,,
201,8,297.5741478,Northern Province,Rulindo,Rural,Ordinary HH,fifth,Yes,Not possible to connect on it,,,No problems,No other problem,,Solar home system,No,International brands,No,1,No,,,,,,Have appliances,,,,,,,Solar Home System,888,No,1,01,Paid,27100,No,No,3,,Owner,430100804,,
201,8,297.5741478,Northern Province,Rulindo,Rural,Ordinary HH,third,Yes,No one,,,No problems,No other problem,,Solar home system,No,International brands,No,1,No,,,,,,Have appliances,,,,,,,Solar Home System,888,No,1,01,Paid,27100,No,No,3,,Owner,430100804,,
201,8,297.5741478,Northern Province,Rulindo,Rural,Ordinary HH,second,Yes,No one,,,No problems,No other problem,,Solar lighting system,Yes,International brands,Yes,5,Yes,,,,,,Have appliances,,,,,,,Solar Lighting product,17,No,2,0102,Paid,27100,No,No,4,,Owner,430100804,,
201,10,297.5741478,Northern Province,Rulindo,Rural,Ordinary HH,First,Yes,RADIO,,,Quality of light,No other problem,,Solar home system,No,International brands,Yes,4,Yes,,,,,,Have appliances,,,,,,,Solar Lighting product,888,Yes,5,01,Paid,50000,No,Yes,4,,Reseller,430101004,,
201,10,297.5741478,Northern Province,Rulindo,Rural,Ordinary HH,fourth,Yes,RADIO,,,No problems,No other problem,,Solar home system,No,International brands,Yes,4,Yes,,,,,,Have appliances,,,,,,,Solar Lighting product,888,Yes,5,01,Paid,50000,No,Yes,4,,Reseller,430101004,,
201,10,297.5741478,Northern Province,Rulindo,Rural,Ordinary HH,third,Yes,Telephone,,,Duration of service too short,Quality of light,,Solar lighting system,Yes,International brands,Yes,4,Yes,,,,,,Have appliances,,,,,,,Solar Lighting product,17,Yes,5,01,Paid,50000,No,Yes,4,,Reseller,430101004,,
201,10,297.5741478,Northern Province,Rulindo,Rural,Ordinary HH,second,Yes,Telephone,,,Quality of light,Duration of service too short,,Solar home system,No,International brands,Yes,4,Yes,,,,,,Have appliances,,,,,,,Solar Lighting product,888,Yes,5,01,Paid,30000,No,Yes,4,,Reseller,430101004,,
201,11,297.5741478,Northern Province,Rulindo,Rural,Ordinary HH,First,Yes,RADIO,,,Breaks down too often,Quality of light,,Solar lighting system,Yes,International brands,No,3,Yes,,,,,,Have appliances,,,,,,,Solar Lighting product,17,No,2,02,Paid,40000,No,No,4,No,Relative/friend,430101104,,
201,14,297.5741478,Northern Province,Rulindo,Rural,Ordinary HH,fourth,Yes,No device four,,,No problems,No other problem,,Solar home system,No,International brands,No,3,No,,,,,,Have appliances,,,,,,,Solar Home System,888,No,1,01,Paid,27100,No,No,3,,Owner,430101404,,
201,14,297.5741478,Northern Province,Rulindo,Rural,Ordinary HH,First,Yes,RADIO,,,Cannot power large appliances,No other problem,,Solar lighting system,Yes,International brands,Yes,3,Yes,,,,,,Have appliances,,,,,,,Solar Lighting product,17,No,2,0102,Paid,27100,Yes,Yes,4,,Owner,430101404,,
201,14,297.5741478,Northern Province,Rulindo,Rural,Ordinary HH,second,,,,,Battery problems,No other problem,,Solar home system,No,International brands,Yes,2,Yes,,,,,Yes,Don't have appliances,,,,,Yes,,Solar Lighting product,50,No,1,0102,Paid,27100,No,Yes,3,Yes,Owner,430101404,,
201,14,297.5741478,Northern Province,Rulindo,Rural,Ordinary HH,third,,,,,No problems,No other problem,,Solar home system,No,International brands,No,3,No,,,,,Yes,Don't have appliances,,,,,Yes,,Solar Home System,888,No,1,01,Paid,27100,No,No,3,,Owner,430101404,,
201,16,297.5741478,Northern Province,Rulindo,Rural,Ordinary HH,First,Yes,No place to connect on it,,,Duration of service too short,Battery problems,,Solar lantern,Yes,International brands,No,3,No,,,,,,Have appliances,,,,,,,Solar Lantern,,,4,0102,Paid,60000,No,No,3,No,Reseller,430101604,,
202,2,192.8980305,Northern Province,Rulindo,Urban,Ordinary HH,First,Yes,RADIO and telePhone,,,Duration of service too short,"Other, specify",Low power,Solar lighting system,Yes,International brands,Yes,3,Yes,,,,,,Have appliances,,,,,,,Solar Lighting product,12,No,2,01,Paid,80000,Yes,Yes,2,,Reseller,430200204,,
202,12,192.8980305,Northern Province,Rulindo,Urban,Ordinary HH,First,,,,,Breaks down too often,Quality of light,,Solar lighting system,Yes,International brands,No,4,No,,,,,Yes,Don't have appliances,,,,,Yes,,Solar Lighting product,60,No,3,01,Paid,55000,No,No,12,No,Relative/friend,430201204,,
202,14,140.3869,Northern Province,Rulindo,Urban,Ordinary HH,second,,,,,Battery problems,Duration of service too short,,Solar lantern,No,International brands,No,1,No,,,,,Yes,Don't have appliances,,,,,Yes,,Solar Lantern,,,1,01,Paid,24000,No,No,3,No,Owner,430201404,,
202,14,140.3869,Northern Province,Rulindo,Urban,Ordinary HH,First,,,,,Duration of service too short,Battery problems,,Solar lantern,Yes,International brands,No,1,No,,,,,Yes,Don't have appliances,,,,,Yes,,Solar Lantern,,,1,01,Paid,24000,No,No,3,No,Owner,430201404,,
202,15,192.8980305,Northern Province,Rulindo,Urban,Ordinary HH,fourth,Yes,Telephone,,,Duration of service too short,Recurrent cost related to solar device is too expensive,,Solar lighting system,No,International brands,Yes,3,Yes,,,,,,Have appliances,,,,,,,Solar Lighting product,888,No,2,01,Paid,50000,No,No,4,,Owner,430201504,,
202,15,192.8980305,Northern Province,Rulindo,Urban,Ordinary HH,second,Yes,Telephone,,,Duration of service too short,Cannot power large appliances,,Solar lighting system,No,International brands,Yes,3,Yes,,,,,,Have appliances,,,,,,,Solar Lighting product,888,No,2,01,Paid,50000,No,No,4,,Owner,430201504,,
202,15,192.8980305,Northern Province,Rulindo,Urban,Ordinary HH,third,Yes,RADIO,,,Duration of service too short,Cannot power large appliances,,Solar lighting system,No,International brands,Yes,3,Yes,,,,,,Have appliances,,,,,,,Solar Lighting product,888,No,2,01,Paid,50000,No,No,4,,Owner,430201504,,
202,15,192.8980305,Northern Province,Rulindo,Urban,Ordinary HH,First,Yes,RADIO,,,Duration of service too short,Cannot power large appliances,,Solar lighting system,Yes,International brands,Yes,3,Yes,,,,,,Have appliances,,,,,,,Solar Lighting product,888,No,2,01,Paid,50000,No,No,4,,Owner,430201504,,
203,4,741.4690084,Northern Province,Rulindo,Rural,Ordinary HH,First,Yes,RADIO,,,Quality of light,Cannot power large appliances,,Solar lighting system,Yes,International brands,No,2,No,,,,,,Have appliances,,,,,,,Solar Lighting product,17,No,1,0102,Paid,15000,No,No,8,,Owner,430300404,,
203,10,741.4690084,Northern Province,Rulindo,Rural,Ordinary HH,First,,,,,No problems,No other problem,,Solar home system,Yes,International brands,Yes,3,Yes,,,,,Yes,Don't have appliances,,,,,Yes,,Solar Lighting product,17,No,1,01,Paid,180000,Yes,Yes,5,,Reseller,430301004,,
203,11,741.4690084,Northern Province,Rulindo,Rural,Ordinary HH,First,Yes,Electric lamp,,,Duration of service too short,Breaks down too often,,Solar lighting system,Yes,International brands,No,2,No,,,,,,Have appliances,,,,,,,Solar Lighting product,888,No,1,01,Paid,3000,No,No,2,No,Owner,430301104,,
203,12,741.4690084,Northern Province,Rulindo,Rural,Ordinary HH,First,Yes,No one,Local government,,Battery problems,Duration of service too short,,Solar lighting system,Yes,International brands,Yes,3,Yes,,,,,,Have appliances,,,,,,,Solar Lighting product,10,No,1,01,For free,,,No,12,No,Reseller,430301204,,
203,14,741.4690084,Northern Province,Rulindo,Rural,Ordinary HH,First,,,Local government,,Cannot power large appliances,No other problem,,Solar lighting system,Yes,International brands,Yes,3,Yes,,,,Yes,,Have appliances,,,,,,,Solar Home System,888,No,1,01,For free,,,No,24,,Other technician,430301404,,
203,15,741.4690084,Northern Province,Rulindo,Rural,Ordinary HH,second,Yes,Electric lamp,,,Duration of service too short,No other problem,,Solar lantern,No,International brands,No,1,No,,,,,,Have appliances,,,,,,,Solar Lantern,,,2,0102,Paid,6000,No,No,1,,Owner,430301504,,
203,15,741.4690084,Northern Province,Rulindo,Rural,Ordinary HH,First,Yes,Telephone,,,Quality of light,No other problem,,Solar lighting system,Yes,International brands,Yes,2,No,,,,,,Have appliances,,,,,,,Solar Lighting product,17,Yes,2,0102,Paid,90000,No,Yes,4,,Other technician,430301504,,
203,17,741.4690084,Northern Province,Rulindo,Rural,Ordinary HH,First,,,,,No problems,No other problem,,Solar lighting system,Yes,International brands,Yes,4,Yes,,,,,Yes,Don't have appliances,,,,,Yes,,Solar Lighting product,10,No,2,0102,Paid,135000,Yes,No,4,,Reseller,430301704,,
203,18,741.4690084,Northern Province,Rulindo,Rural,Ordinary HH,First,,,Local government,,No problems,No other problem,,Solar lighting system,Yes,International brands,Yes,3,Yes,,,,,Yes,Don't have appliances,,,,,Yes,,Solar Lighting product,10,No,1,02,For free,,,Yes,3,,Reseller,430301804,,
205,14,1266.853,Northern Province,Gakenke,Rural,Ordinary HH,First,Yes,RADIO,,,Cannot power large appliances,No other problem,,Solar lighting system,Yes,International brands,Yes,3,Yes,,,,,,Have appliances,,,,,,,Solar Lighting product,6,No,1,01,Paid,85000,Yes,Yes,4,,Reseller,440501404,,
205,15,1266.853,Northern Province,Gakenke,Rural,Ordinary HH,First,,,,,Duration of service too short,Breaks down too often,,Solar lighting system,Yes,Component-based/Local,No,3,No,,,,,Yes,Don't have appliances,,,,,Yes,,Solar Lighting product,60,No,2,02,Paid,45000,No,Yes,3,No,Other technician,440501504,,
205,17,1266.853,Northern Province,Gakenke,Rural,Ordinary HH,First,Yes,Telephone,,,Duration of service too short,Cannot power large appliances,,Solar home system,Yes,International brands,Yes,3,No,,,,,,Have appliances,,,,,,,Solar Lighting product,34,No,1,01,Paid,3500,Yes,Yes,3,,Reseller,440501704,,
205,18,1266.853,Northern Province,Gakenke,Rural,Ordinary HH,First,Yes,RADIO,,,Duration of service too short,No other problem,,Solar lighting system,Yes,International brands,Yes,3,Yes,,,,,,Have appliances,,,,,,,Solar Lighting product,6,No,2,01,Paid,31500,No,Yes,3,,Reseller,440501804,,
206,10,811.818,Northern Province,Gakenke,Rural,Ordinary HH,First,,,,,Duration of service too short,Cannot power large appliances,,Solar lantern,Yes,International brands,Yes,1,No,,,,,Yes,Don't have appliances,,,,,Yes,,Solar Lantern,,,2,01,Paid,25000,Yes,No,2,,Owner,440601004,,
208,7,17.43883636,Northern Province,Gakenke,Urban,Ordinary HH,second,Yes,RADIO,,,No problems,No other problem,,Solar lighting system,Yes,International brands,Yes,3,Yes,,,,,,Have appliances,,,,,,,Solar Lighting product,13,No,4,01,Paid,90000,Yes,Yes,4,,Reseller,440800704,,
208,7,17.43883636,Northern Province,Gakenke,Urban,Ordinary HH,First,Yes,RADIO,,,No problems,No other problem,,Solar lighting system,No,International brands,Yes,3,Yes,,,,,,Have appliances,,,,,,,Solar Lighting product,13,No,4,01,Paid,90000,Yes,Yes,4,,Reseller,440800704,,
208,14,17.43883636,Northern Province,Gakenke,Urban,Ordinary HH,First,,,,,Cannot power large appliances,No other problem,,Solar home system,Yes,International brands,Yes,3,Yes,,,,,Yes,Don't have appliances,,,,,Yes,,Solar Lighting product,70,No,1,01,Paid,80000,Yes,Yes,3,,Reseller,440801404,,
210,8,1820.559,Northern Province,Musanze,Rural,Ordinary HH,First,,,Relative/Friend,,No problems,No other problem,,Solar lighting system,Yes,International brands,Yes,2,No,,,,,Yes,Don't have appliances,,,,,Yes,,Solar Lighting product,12,No,3,01,For free,,,No,2,,Relative/friend,451000804,,
214,6,77.81240847,Northern Province,Musanze,Urban,Ordinary HH,First,,,,,No problems,No other problem,,Solar lantern,Yes,International brands,No,1,No,,,,,Yes,Don't have appliances,,,,,Yes,,Solar Lantern,,,1,01,Paid,50000,No,No,1,,Other technician,451400604,,
219,11,1401.212,Northern Province,Musanze,Rural,Ordinary HH,First,,,,,No problems,No other problem,,Solar home system,Yes,International brands,Yes,5,Yes,Yes,,,,,Have appliances,,,,,,,Solar Home System,888,Yes,3,01,Paid,90000,No,Yes,24,,Reseller,451901104,,
219,15,1401.212,Northern Province,Musanze,Rural,Ordinary HH,second,,,Local government,,No problems,No other problem,,Solar lighting system,Yes,International brands,No,3,No,,,,,Yes,Don't have appliances,,,,,Yes,,Solar Lighting product,19,Yes,3,02,For free,,,No,3,,Other technician,451901504,,
219,15,1401.212,Northern Province,Musanze,Rural,Ordinary HH,third,,,Local government,,No problems,No other problem,,Solar lighting system,No,Component-based/Local,No,3,No,,,,Yes,,Have appliances,,,,,,,Solar Home System,888,Yes,3,02,For free,,,No,3,,Other technician,451901504,,
219,15,1401.212,Northern Province,Musanze,Rural,Ordinary HH,First,,,Local government,,No problems,No other problem,,Solar lighting system,No,International brands,No,3,No,,,,Yes,,Have appliances,,,,,,,Solar Home System,888,Yes,3,01,For free,,,No,3,,Other technician,451901504,,
219,16,1401.212,Northern Province,Musanze,Rural,Ordinary HH,First,,,,,No problems,No other problem,,Solar home system,Yes,International brands,Yes,5,Yes,Yes,,,,,Have appliances,,,,,,,Solar Home System,888,Yes,2,01,Paid,240000,No,Yes,24,,Reseller,451901604,,
219,17,1401.212,Northern Province,Musanze,Rural,Ordinary HH,First,,,,,Breaks down too often,Cannot power large appliances,,Solar lantern,Yes,International brands,Yes,3,Yes,Yes,,,,,Have appliances,,,,,,,Solar Home System,50,No,3,01,Paid,42000,No,No,11,No,Relative/friend,451901704,,
219,18,1401.212,Northern Province,Musanze,Rural,Ordinary HH,First,,,,,No problems,No other problem,,Solar lantern,Yes,International brands,No,1,No,,,,,Yes,Don't have appliances,,,,,Yes,,Solar Lantern,,,4,0102,Paid,120000,No,No,4,,Reseller,451901804,,
224,14,148.1425,Northern Province,Burera,Urban,Ordinary HH,First,,,,,Quality of light,Breaks down too often,,Solar home system,Yes,International brands,Yes,2,Yes,Yes,,,,,Have appliances,,,,,,,Solar Home System,888,No,3,01,Paid,5000,Yes,No,Don't know,No,Reseller,462401404,,
225,5,1044.116,Northern Province,Burera,Rural,Ordinary HH,First,,,,,Recurrent cost related to solar device is too expensive,No other problem,,Solar home system,Yes,International brands,Yes,3,Yes,,,,,Yes,Don't have appliances,,,,,Yes,,Solar Lighting product,888,Yes,1,02,Paid,80000,Yes,No,Don't know,,Other technician,462500504,,
225,14,1044.116,Northern Province,Burera,Rural,Ordinary HH,First,Yes,Telephone,,,"Other, specify",Quality of light,Rainy season,Solar home system,Yes,International brands,Yes,4,Yes,,,,,,Have appliances,,,,,,,Solar Lighting product,50,No,3,01,Paid,45000,Yes,No,Don't know,,Owner,462501404,,
225,14,1044.116,Northern Province,Burera,Rural,Ordinary HH,third,,,"Other, specify",We bought it,No problems,No other problem,,Solar home system,No,International brands,Yes,4,Yes,,,,Yes,,Have appliances,,,,,,,Solar Home System,50,No,3,01,For free,,,Yes,4,,Owner,462501404,,
225,14,1044.116,Northern Province,Burera,Rural,Ordinary HH,second,,,,,Quality of light,Duration of service too short,,Solar home system,No,International brands,Yes,4,Yes,,,,Yes,,Have appliances,,,,,,,Solar Home System,50,No,3,01,Paid,47000,Yes,No,5,,Owner,462501404,,
225,14,1044.116,Northern Province,Burera,Rural,Ordinary HH,fourth,,,,,No problems,No other problem,,Solar lantern,No,International brands,Yes,4,Yes,Yes,,,,,Have appliances,,,,,,,Solar Home System,50,No,5,01,Paid,10000,No,No,Don't know,,Owner,462501404,,
225,15,1044.116,Northern Province,Burera,Rural,Ordinary HH,First,Yes,Telephone,Relative/Friend,,No problems,No other problem,,Solar home system,Yes,International brands,Yes,2,No,,,,,,Have appliances,,,,,,,Solar Lighting product,100,Yes,3,02,For free,,,No,4,,Owner,462501504,,
225,16,1044.116,Northern Province,Burera,Rural,Ordinary HH,First,Yes,Telephone,,,No problems,No other problem,,Solar home system,Yes,International brands,Yes,3,No,,,,,,Have appliances,,,,,,,Solar Lighting product,15,Yes,2,02,Paid,12000,No,No,4,,Other technician,462501604,,
225,17,1044.116,Northern Province,Burera,Rural,Ordinary HH,First,,,,,Duration of service too short,No other problem,,Solar home system,Yes,International brands,Yes,3,No,,,,,Yes,Don't have appliances,,,,,Yes,,Solar Lighting product,60,No,3,01,Paid,65000,No,Yes,4,,Reseller,462501704,,
225,18,1044.116,Northern Province,Burera,Rural,Ordinary HH,second,,,Relative/Friend,,Duration of service too short,Battery problems,,Solar lantern,No,International brands,Yes,1,No,Yes,,,,,Have appliances,,,,,,,Solar Home System,60,Yes,4,01,For free,,,No,3,No,Relative/friend,462501804,,
225,18,1044.116,Northern Province,Burera,Rural,Ordinary HH,fourth,,,Relative/Friend,,Duration of service too short,No other problem,,Solar home system,No,International brands,No,3,No,Yes,,,,,Have appliances,,,,,,,Solar Home System,60,Yes,4,01,For free,,,No,3,,Relative/friend,462501804,,
225,18,1044.116,Northern Province,Burera,Rural,Ordinary HH,First,,,,,Cannot power large appliances,Battery problems,,Solar home system,Yes,International brands,Yes,7,No,Yes,,,,,Have appliances,,,,,,,Solar Home System,60,Yes,4,01,Paid,267500,No,No,3,No,Reseller,462501804,,
225,18,1044.116,Northern Province,Burera,Rural,Ordinary HH,third,,,,,No problems,No other problem,,Solar lantern,No,International brands,No,5,No,Yes,,,,,Have appliances,,,,,,,Solar Home System,888,No,4,01,Paid,56000,Yes,No,3,,Owner,462501804,,
225,18,1044.116,Northern Province,Burera,Rural,Ordinary HH,fifth,,,,,Duration of service too short,No other problem,,Solar lighting system,No,International brands,No,2,Yes,Yes,,,,,Have appliances,,,,,,,Solar Home System,60,No,4,0102,Paid,10000,Yes,No,3,,Reseller,462501804,,
229,5,28.85293684,Northern Province,Gicumbi,Urban,Ordinary HH,second,,,Local government,,Duration of service too short,Breaks down too often,,Solar lantern,No,International brands,No,1,No,,,,,Yes,Don't have appliances,,,,,Yes,,Solar Lantern,,,1,01,For free,,,No,2,,Owner,472900504,,
229,5,28.85293684,Northern Province,Gicumbi,Urban,Ordinary HH,third,,,Local government,,No problems,No other problem,,Solar lighting system,No,International brands,Yes,1,Yes,,,,,Yes,Don't have appliances,,,,,Yes,,Solar Lantern,,,2,01,For free,,,No,4,No,Owner,472900504,,
229,5,28.85293684,Northern Province,Gicumbi,Urban,Ordinary HH,fourth,,,,,No problems,No other problem,,Solar lighting system,Yes,Component-based/Local,Yes,3,Yes,,,,,Yes,Don't have appliances,,,,,Yes,,Solar Lighting product,12,No,2,01,Paid,85000,Yes,Yes,3,,Reseller,472900504,,
229,5,28.85293684,Northern Province,Gicumbi,Urban,Ordinary HH,First,,,,,No problems,No other problem,,Solar lantern,No,International brands,No,1,No,,,,,Yes,Don't have appliances,,,,,Yes,,Solar Lantern,,,1,01,Paid,1000,Yes,No,2,,Owner,472900504,,
233,14,1946.098,Northern Province,Gicumbi,Rural,Ordinary HH,First,,,,,No problems,No other problem,,Solar home system,Yes,International brands,Yes,3,Yes,,,,,Yes,Don't have appliances,,,,,Yes,,Solar Lighting product,60,No,1,0102,Paid,21000,Yes,Yes,4,,Owner,473301404,,
233,20,1946.098,Northern Province,Gicumbi,Rural,Ordinary HH,First,,,,,Breaks down too often,Duration of service too short,,Solar home system,Yes,International brands,Yes,3,No,,,,,Yes,Don't have appliances,,,,,Yes,,Solar Lighting product,60,No,1,01,Paid,80000,Yes,Yes,3,Yes,Reseller,473302004,,
234,2,1475.391,Northern Province,Gicumbi,Rural,Ordinary HH,First,Yes,Electric lamp,,,Duration of service too short,No other problem,,Solar lighting system,Yes,International brands,No,4,No,,,,,,Have appliances,,,,,,,Solar Lighting product,6,No,1,01,Paid,30000,Yes,Yes,2,,Reseller,473400204,,
234,4,1475.391,Northern Province,Gicumbi,Rural,Ordinary HH,First,Yes,Electric lamp,,,Duration of service too short,No other problem,,Solar lighting system,Yes,International brands,No,4,No,,,,,,Have appliances,,,,,,,Solar Lighting product,6,No,1,01,Paid,30000,Yes,Yes,3,,Reseller,473400404,,
234,8,1475.391,Northern Province,Gicumbi,Rural,Ordinary HH,First,Yes,Telephone,Relative/Friend,,Cannot power large appliances,Battery problems,,Solar home system,Yes,International brands,Yes,3,No,,,,,,Have appliances,,,,,,,Solar Lighting product,12,No,2,01,For free,,,No,4,No,Reseller,473400804,,
234,10,1475.391,Northern Province,Gicumbi,Rural,Ordinary HH,First,,,,,No problems,No other problem,,Solar home system,Yes,International brands,Yes,3,Yes,,,,,Yes,Don't have appliances,,,,,Yes,,Solar Lighting product,50,No,1,02,Paid,30000,Yes,Yes,5,,Reseller,473401004,,
234,14,1475.391,Northern Province,Gicumbi,Rural,Ordinary HH,First,,,,,Duration of service too short,Battery problems,,Solar home system,Yes,International brands,Yes,3,No,,,,,Yes,Don't have appliances,,,,,Yes,,Solar Lighting product,50,No,1,02,Paid,30000,Yes,Yes,3,No,Reseller,473401404,,
235,14,1095.941072,Northern Province,Gicumbi,Rural,Ordinary HH,First,,,Local government,,Duration of service too short,Cannot power large appliances,,Solar home system,Yes,International brands,No,3,No,,,,,Yes,Don't have appliances,,,,,Yes,,Solar Home System,50,No,4,02,For free,,,No,4,,Other technician,473501404,,
236,10,467.384331,Northern Province,Gicumbi,Rural,Ordinary HH,First,,,,,Cannot power large appliances,Duration of service too short,,Solar lantern,Yes,International brands,No,1,No,,,,,Yes,Don't have appliances,,,,,Yes,,Solar Lantern,,,3,0102,Paid,30000,Yes,Yes,5,,Owner,473601004,,
236,15,467.384331,Northern Province,Gicumbi,Rural,Ordinary HH,First,Yes,Electric lamp,,,Cannot power large appliances,No other problem,,Solar lighting system,Yes,International brands,No,1,No,,,,,,Have appliances,,,,,,,Solar Lantern,,,1,01,Paid,9000,No,No,3,,Relative/friend,473601504,,
237,4,464.1061443,Eastern Province,Rwamagana,Rural,Ordinary HH,First,Yes,RADIO and telePhone,,,Duration of service too short,"Other, specify",Doesn't work well in rainy season,Solar home system,Yes,International brands,Yes,4,Yes,,,,,,Have appliances,,,,,,,Solar Lighting product,888,No,1,02,Paid,95000,Yes,Yes,4,,Owner,533700405,,
237,4,464.1061443,Eastern Province,Rwamagana,Rural,Ordinary HH,third,,,Local private organizations (NGO),,No problems,No other problem,,Solar home system,No,International brands,No,1,No,,,,,Yes,Don't have appliances,,,,,Yes,,Solar Lantern,,,1,01,For free,,,No,3,,Reseller,533700405,,
237,4,464.1061443,Eastern Province,Rwamagana,Rural,Ordinary HH,second,,,Relative/Friend,,No problems,No other problem,,Solar lantern,No,International brands,No,1,No,,,,,Yes,Don't have appliances,,,,,Yes,,Solar Lantern,,,1,01,For free,,,No,2,,Owner,533700405,,
238,8,146.0346,Eastern Province,Rwamagana,Urban,Ordinary HH,First,Yes,Telephone,,,Quality of light,Duration of service too short,,Solar lighting system,Yes,International brands,Yes,1,No,,,,,,Have appliances,,,,,,,Solar Lighting product,888,No,1,01,Paid,65000,No,Yes,2,,Reseller,533800805,,
239,9,169.8891,Eastern Province,Rwamagana,Urban,Ordinary HH,fourth,Yes,Electric lamp,"Other, specify",Nothing,No problems,No other problem,,Solar lighting system,No,International brands,No,1,No,,,,,,Have appliances,,,,,,,Solar Home System,888,No,1,0102,For free,181400,,No,Don't know,,"Other, specify",533900905,,
239,9,169.8891,Eastern Province,Rwamagana,Urban,Ordinary HH,second,,,,,Quality of light,No other problem,,Solar home system,No,International brands,No,2,No,,,,,Yes,Don't have appliances,,,,,Yes,,Solar Home System,888,No,1,0102,Paid,181400,No,No,Don't know,,"Other, specify",533900905,,
239,9,169.8891,Eastern Province,Rwamagana,Urban,Ordinary HH,third,,,,,No problems,No other problem,,Solar home system,Yes,International brands,Yes,3,Yes,Yes,,,,,Have appliances,,,,,,,Solar Home System,888,No,2,0102,Paid,181400,Yes,Yes,4,,Reseller,533900905,,
239,9,169.8891,Eastern Province,Rwamagana,Urban,Ordinary HH,First,,,,,Recurrent cost related to solar device is too expensive,No other problem,,Solar lighting system,No,International brands,No,1,No,,,,,Yes,Don't have appliances,,,,,Yes,,Solar Lantern,,,2,0102,Paid,181400,No,No,2,,"Other, specify",533900905,,
239,18,169.8891,Eastern Province,Rwamagana,Urban,Ordinary HH,second,,,Humanitarian agencies,,No problems,No other problem,,Solar home system,No,Component-based/Local,No,2,No,,,,,Yes,Don't have appliances,,,,,Yes,,Solar Home System,888,No,1,02,For free,,,No,3,,"Other, specify",533901805,,
239,18,169.8891,Eastern Province,Rwamagana,Urban,Ordinary HH,third,,,"Other, specify",His/her child,No problems,No other problem,,Solar home system,No,Component-based/Local,No,1,No,,,,,Yes,Don't have appliances,,,,,Yes,,Solar Lantern,,,1,02,For free,,,No,Don't know,,"Other, specify",533901805,,
239,18,169.8891,Eastern Province,Rwamagana,Urban,Ordinary HH,First,,,,,Maintenance and availability of spare parts,No other problem,,Solar home system,Yes,International brands,Yes,4,No,,,,,Yes,Don't have appliances,,,,,Yes,,Solar Lighting product,888,No,2,02,Paid,160000,Yes,Yes,3,No,Reseller,533901805,,
240,2,133.1912766,Eastern Province,Rwamagana,Urban,Ordinary HH,First,Yes,RADIO,Local private organizations (NGO),,No problems,No other problem,,Solar lighting system,Yes,International brands,Yes,3,Yes,,,,,,Have appliances,,,,,,,Solar Lighting product,12,No,1,01,For free,,,No,Don't know,,Owner,534000205,,
240,2,133.1912766,Eastern Province,Rwamagana,Urban,Ordinary HH,second,,,Relative/Friend,,No problems,No other problem,,Solar lighting system,No,International brands,No,3,No,,,,,Yes,Don't have appliances,,,,,Yes,,Solar Lighting product,888,No,1,01,For free,,,No,2,,Owner,534000205,,
241,1,530.1122167,Eastern Province,Rwamagana,Rural,Ordinary HH,First,Yes,No place to connect on it,,,Duration of service too short,Quality of light,,Solar lantern,Yes,International brands,No,1,No,,,,,,Have appliances,,,,,,,Solar Lantern,,,1,01,Paid,5000,Yes,Yes,3,,Owner,534100105,,
241,9,1262.32,Eastern Province,Rwamagana,Rural,Ordinary HH,First,Yes,RADIO,,,No problems,No other problem,,Solar home system,Yes,International brands,Yes,3,Yes,,,,,,Have appliances,,,,,,,Solar Lighting product,888,No,1,01,Paid,80000,Yes,Yes,6,,Other technician,534100905,,
242,1,974.1809362,Eastern Province,Rwamagana,Rural,Ordinary HH,First,,,,,No problems,No other problem,,Solar home system,Yes,International brands,Yes,3,Yes,,,,,Yes,Don't have appliances,,,,,Yes,,Solar Lighting product,6,No,1,01,Paid,85000,Yes,Yes,3,,Relative/friend,534200105,,
242,4,974.1809362,Eastern Province,Rwamagana,Rural,Ordinary HH,First,Yes,Not possible to connect on it,,,Cannot power large appliances,Quality of light,,Solar lighting system,No,International brands,Yes,2,Yes,,,,,,Have appliances,,,,,,,Solar Lighting product,12,No,1,02,Paid,10000,Yes,Yes,2,,Reseller,534200405,,
242,4,974.1809362,Eastern Province,Rwamagana,Rural,Ordinary HH,second,Yes,Not possible to connect on it,,,Quality of light,Cannot power large appliances,,Solar lighting system,Yes,International brands,Yes,3,Yes,,,,,,Have appliances,,,,,,,Solar Lighting product,12,No,1,02,Paid,97000,Yes,Yes,2,,Reseller,534200405,,
242,8,974.1809362,Eastern Province,Rwamagana,Rural,Ordinary HH,third,Yes,No one,,,No problems,No other problem,,Solar lantern,No,International brands,No,1,No,,,,,,Have appliances,,,,,,,Solar Lantern,,,7,01,Paid,165100,Yes,Yes,2,,Reseller,534200805,,
242,8,974.1809362,Eastern Province,Rwamagana,Rural,Ordinary HH,First,Yes,Telephone,,,Recurrent cost related to solar device is too expensive,No other problem,,Solar home system,Yes,International brands,Yes,5,Yes,Yes,,,,,Have appliances,,,,,,,Solar Home System,120,Yes,7,01,Paid,165100,Yes,Yes,3,,Reseller,534200805,,
242,8,974.1809362,Eastern Province,Rwamagana,Rural,Ordinary HH,second,Yes,Electric lamp,,,No problems,No other problem,,Solar lighting system,No,International brands,No,3,No,,,,,,Have appliances,,,,,,,Solar Home System,120,Yes,7,01,Paid,165100,Yes,Yes,3,,Reseller,534200805,,
242,9,974.1809362,Eastern Province,Rwamagana,Rural,Ordinary HH,First,Yes,Not possible to connect on it,,,Duration of service too short,No other problem,,Solar home system,Yes,International brands,Yes,3,No,,,,,,Have appliances,,,,,,,Solar Lighting product,60,Yes,2,01,Paid,74000,Yes,Yes,3,,Reseller,534200905,,
242,11,974.1809362,Eastern Province,Rwamagana,Rural,Ordinary HH,First,,,,,Quality of light,No other problem,,Solar home system,Yes,International brands,Yes,3,Yes,,,,,Yes,Don't have appliances,,,,,Yes,,Solar Lighting product,60,Yes,2,01,Paid,950000,No,Yes,3,,Reseller,534201105,,
242,13,974.1809362,Eastern Province,Rwamagana,Rural,Ordinary HH,second,,,Local government,,Duration of service too short,Breaks down too often,,Solar lantern,No,International brands,No,1,No,,,,,Yes,Don't have appliances,,,,,Yes,,Solar Lantern,,,1,01,For free,,,Yes,2,No,Owner,534201305,,
242,13,974.1809362,Eastern Province,Rwamagana,Rural,Ordinary HH,First,,,,,No problems,No other problem,,Solar home system,Yes,International brands,Yes,4,Yes,,,,,Yes,Don't have appliances,,,,,Yes,,Solar Lighting product,100,Yes,5,01,Paid,230000,Yes,Yes,5,,Reseller,534201305,,
243,5,1062.523855,Eastern Province,Nyagatare,Rural,Ordinary HH,First,Yes,Telephone,,,No problems,No other problem,,Solar lighting system,Yes,International brands,Yes,3,No,,,,,,Have appliances,,,,,,,Solar Lighting product,888,No,1,01,Paid,25000,No,Yes,12,,Reseller,544300505,,
243,8,1062.523855,Eastern Province,Nyagatare,Rural,Ordinary HH,First,,,,,Duration of service too short,"Other, specify",On a not sunny day,Solar lantern,Yes,International brands,No,1,No,,,,,Yes,Don't have appliances,,,,,Yes,,Solar Lantern,,,2,01,Paid,8000,No,No,3,,Relative/friend,544300805,,
243,9,1062.523855,Eastern Province,Nyagatare,Rural,Ordinary HH,First,Yes,Electric lamp,,,Duration of service too short,Battery problems,,Solar lantern,Yes,International brands,No,1,No,,,,,,Have appliances,,,,,,,Solar Lantern,,,1,01,Paid,15000,No,No,3,No,Relative/friend,544300905,,
244,1,1700.2,Eastern Province,Nyagatare,Rural,Ordinary HH,First,,,,,"Other, specify",No other problem,Doesn't keep/retain power,Solar home system,Yes,International brands,Yes,3,Yes,,,,,Yes,Don't have appliances,,,,,Yes,,Solar Lighting product,7,Yes,3,01,Paid,30000,Yes,Yes,2,,Reseller,544400105,,
244,3,1700.2,Eastern Province,Nyagatare,Rural,Ordinary HH,First,,,,,Breaks down too often,Battery problems,,Solar home system,Yes,International brands,Yes,3,Yes,,,Yes,,,Have appliances,,,,,,,Solar Home System,888,Yes,2,02,Paid,30000,No,Yes,3,No,Reseller,544400305,,
244,6,1700.2,Eastern Province,Nyagatare,Rural,Ordinary HH,First,,,,,Cannot power large appliances,No other problem,,Solar home system,Yes,International brands,Yes,3,Yes,,,,Yes,,Have appliances,,,,,,,Solar Home System,888,No,2,02,Paid,178000,Yes,Yes,12,,Reseller,544400605,,
244,11,1700.2,Eastern Province,Nyagatare,Rural,Ordinary HH,First,,,,,Duration of service too short,No other problem,,Solar home system,Yes,International brands,Yes,3,Yes,Yes,,,,,Have appliances,,,,,,,Solar Home System,888,Yes,3,0102,Paid,172800,Yes,Yes,3,,Reseller,544401105,,
244,12,1700.2,Eastern Province,Nyagatare,Rural,Ordinary HH,First,,,,,Cannot power large appliances,No other problem,,Solar home system,Yes,International brands,Yes,8,Yes,Yes,,,,,Have appliances,,,,,,,Solar Home System,888,No,5,02,Paid,708000,Yes,Yes,12,,Reseller,544401205,,
244,13,1700.2,Eastern Province,Nyagatare,Rural,Ordinary HH,First,,,,,Recurrent cost related to solar device is too expensive,Quality of light,,Solar lighting system,Yes,International brands,Yes,3,No,Yes,,,,,Have appliances,,,,,,,Solar Home System,50,Yes,1,01,Paid,565500,Yes,Yes,4,,Reseller,544401305,,
244,14,1700.2,Eastern Province,Nyagatare,Rural,Ordinary HH,First,,,,,Duration of service too short,Recurrent cost related to solar device is too expensive,,Solar lighting system,Yes,International brands,Yes,3,Yes,Yes,,,,,Have appliances,,,,,,,Solar Home System,50,Yes,1,01,Paid,450000,Yes,Yes,16,,Reseller,544401405,,
244,15,1700.2,Eastern Province,Nyagatare,Rural,Ordinary HH,First,,,,,No problems,No other problem,,Solar home system,Yes,International brands,Yes,5,Yes,Yes,,,,,Have appliances,,,,,,,Solar Home System,888,Yes,2,02,Paid,70000,Yes,No,12,,Other technician,544401505,,
244,16,1700.2,Eastern Province,Nyagatare,Rural,Ordinary HH,First,Yes,Electric lamp,,,Duration of service too short,Quality of light,,Solar home system,Yes,International brands,No,6,Yes,,,,,,Have appliances,,,,,,,Solar Home System,888,No,11,01,Paid,50000,No,No,3,,Owner,544401605,,
244,17,1700.2,Eastern Province,Nyagatare,Rural,Ordinary HH,First,,,,,"Other, specify",No other problem,Rainy season,Solar home system,Yes,International brands,Yes,5,No,,,,,Yes,Don't have appliances,,,,,Yes,,Solar Lighting product,7,Yes,5,01,Paid,35000,Yes,Yes,12,,Reseller,544401705,,
244,18,1700.2,Eastern Province,Nyagatare,Rural,Ordinary HH,First,,,,,No problems,No other problem,,Solar home system,Yes,International brands,Yes,2,No,Yes,,,,,Have appliances,,,,,,,Solar Home System,888,No,1,02,Paid,560000,Yes,Yes,12,,Reseller,544401805,,
245,1,18.12001973,Eastern Province,Nyagatare,Urban,Ordinary HH,First,Yes,Not possible to connect on it,,,No problems,No other problem,,Solar lighting system,Yes,International brands,No,2,No,,,,,,Have appliances,,,,,,,Solar Lighting product,5,No,1,01,Paid,13000,No,Yes,12,,Relative/friend,544500105,,
245,3,18.12001973,Eastern Province,Nyagatare,Urban,Ordinary HH,First,,,,,Battery problems,No other problem,,Solar home system,Yes,International brands,Yes,3,No,,,,,Yes,Don't have appliances,,,,,Yes,,Solar Lighting product,6,No,2,0102,Paid,57000,Yes,No,3,No,Reseller,544500305,,
246,1,392.2749474,Eastern Province,Nyagatare,Rural,Ordinary HH,First,Yes,Electric lamp,,,Cannot power large appliances,Duration of service too short,,Solar home system,Yes,International brands,Yes,3,No,,,,,,Have appliances,,,,,,,Solar Lighting product,5,No,1,01,Paid,12000,Yes,Yes,4,,Reseller,544600105,,
246,3,392.2749474,Eastern Province,Nyagatare,Rural,Ordinary HH,second,,,,,No problems,No other problem,,Solar home system,Yes,International brands,Yes,4,Yes,,,,,Yes,Don't have appliances,,,,,Yes,,Solar Lighting product,15,No,2,01,Paid,130000,Yes,Yes,12,,Reseller,544600305,,
246,3,392.2749474,Eastern Province,Nyagatare,Rural,Ordinary HH,First,,,,,"Other, specify",No other problem,Doesn't keep/retain power,Solar home system,No,International brands,No,1,No,,,,,Yes,Don't have appliances,,,,,Yes,,Solar Lantern,,,1,01,Paid,130000,Yes,No,Don't know,,Reseller,544600305,,
246,10,392.2749474,Eastern Province,Nyagatare,Rural,Ordinary HH,First,,,Local government,,Quality of light,No other problem,,Solar home system,Yes,International brands,Yes,3,No,,,,,Yes,Don't have appliances,,,,,Yes,,Solar Lighting product,5,No,1,01,For free,,,No,3,,Reseller,544601005,,
247,5,70.58216358,Eastern Province,Nyagatare,Urban,Ordinary HH,First,,,,,Recurrent cost related to solar device is too expensive,Duration of service too short,,Solar lighting system,Yes,International brands,Yes,4,Yes,Yes,,,,,Have appliances,,,,,,,Solar Home System,888,Yes,1,01,Paid,350000,No,Yes,12,,Reseller,544700505,,
247,6,70.58216358,Eastern Province,Nyagatare,Urban,Ordinary HH,First,Yes,Telephone,,,Quality of light,Duration of service too short,,Solar lantern,Yes,International brands,No,3,No,,,,,,Have appliances,,,,,,,Solar Lighting product,888,Yes,1,01,Paid,2100,Yes,Yes,4,,Reseller,544700605,,
247,7,70.58216358,Eastern Province,Nyagatare,Urban,Ordinary HH,First,,,,,Battery problems,No other problem,,Solar lighting system,Yes,International brands,Yes,11,Yes,Yes,,,,,Have appliances,,,,,,,Solar Home System,888,Yes,6,01,Paid,42000,Yes,Yes,4,Yes,Reseller,544700705,,
247,13,70.58216358,Eastern Province,Nyagatare,Urban,Ordinary HH,First,,,,,Duration of service too short,Battery problems,,Solar lighting system,Yes,International brands,Yes,4,Yes,Yes,,,,,Have appliances,,,,,,,Solar Home System,888,Yes,1,01,Paid,24000,Yes,Yes,2,Yes,Reseller,544701305,,
248,4,1727.22825,Eastern Province,Nyagatare,Rural,Ordinary HH,First,Yes,Not possible to connect on it,,,Duration of service too short,No other problem,,Solar lantern,No,Component-based/Local,No,1,No,,,,,,Have appliances,,,,,,,Solar Lantern,,,1,01,Paid,43000,No,Yes,2,,Reseller,544800405,,
248,4,1727.22825,Eastern Province,Nyagatare,Rural,Ordinary HH,second,Yes,Not possible to connect on it,,,No problems,No other problem,,Solar lantern,Yes,Component-based/Local,No,1,No,,,,,,Have appliances,,,,,,,Solar Lantern,,,1,01,Paid,43000,No,Yes,2,,Reseller,544800405,,
248,5,1727.22825,Eastern Province,Nyagatare,Rural,Ordinary HH,First,,,,,Duration of service too short,Quality of light,,Solar lantern,Yes,International brands,No,1,No,,,,,Yes,Don't have appliances,,,,,Yes,,Solar Lantern,,,2,01,Paid,8000,No,No,3,,Reseller,544800505,,
248,6,1727.22825,Eastern Province,Nyagatare,Rural,Ordinary HH,second,,,,,No problems,No other problem,,Solar lighting system,No,Component-based/Local,No,1,No,,,,,Yes,Don't have appliances,,,,,Yes,,Solar Lantern,,,1,0102,Paid,60000,No,No,3,,Owner,544800605,,
248,6,1727.22825,Eastern Province,Nyagatare,Rural,Ordinary HH,First,,,,,Duration of service too short,Quality of light,,Solar home system,Yes,Component-based/Local,Yes,3,Yes,,,,,Yes,Don't have appliances,,,,,Yes,,Solar Lighting product,12,Yes,1,0102,Paid,60000,No,No,3,,Owner,544800605,,
248,6,1727.22825,Eastern Province,Nyagatare,Rural,Ordinary HH,third,,,,,No problems,No other problem,,Solar lantern,No,Component-based/Local,No,1,No,,,,,Yes,Don't have appliances,,,,,Yes,,Solar Lantern,,,1,01,Paid,1000,No,No,2,,Owner,544800605,,
248,7,1465.527,Eastern Province,Nyagatare,Rural,Ordinary HH,First,Yes,Electric lamp,,,No problems,No other problem,,Solar home system,Yes,International brands,No,4,No,,,,,,Have appliances,,,,,,,Solar Home System,888,No,2,01,Paid,75000,No,No,4,,Owner,544800705,,
248,8,1727.22825,Eastern Province,Nyagatare,Rural,Ordinary HH,First,Yes,Electric lamp,,,No problems,No other problem,,Solar home system,Yes,International brands,No,2,No,,,,,,Have appliances,,,,,,,Solar Home System,888,No,3,01,Paid,125000,Yes,Yes,12,,Other technician,544800805,,
248,18,1465.527,Eastern Province,Nyagatare,Rural,Ordinary HH,First,Yes,Electric lamp,Local private organizations (NGO),,No problems,No other problem,,Solar home system,Yes,International brands,No,2,No,,,,,,Have appliances,,,,,,,Solar Home System,888,No,1,01,For free,,,No,Don't know,,"Other, specify",544801805,,
250,1,1069.161,Eastern Province,Nyagatare,Rural,Ordinary HH,First,Yes,Not possible to connect on it,,,Battery problems,No other problem,,Solar lighting system,Yes,International brands,Yes,3,No,,,,,,Have appliances,,,,,,,Solar Lighting product,5,Yes,4,01,Paid,205000,Yes,Yes,12,Yes,Reseller,545000105,,
250,3,1069.161,Eastern Province,Nyagatare,Rural,Ordinary HH,First,,,,,Duration of service too short,No other problem,,Solar lighting system,Yes,International brands,Yes,3,No,,,,,Yes,Don't have appliances,,,,,Yes,,Solar Lighting product,888,Yes,1,01,Paid,45000,Yes,Yes,12,,Reseller,545000305,,
250,5,1069.161,Eastern Province,Nyagatare,Rural,Ordinary HH,First,,,,,Duration of service too short,Recurrent cost related to solar device is too expensive,,Solar lighting system,Yes,International brands,Yes,3,No,,,,,Yes,Don't have appliances,,,,,Yes,,Solar Lighting product,5,Yes,3,01,Paid,91000,Yes,Yes,4,,Reseller,545000505,,
250,6,1069.161,Eastern Province,Nyagatare,Rural,Ordinary HH,First,,,,,Duration of service too short,Recurrent cost related to solar device is too expensive,,Solar lighting system,Yes,International brands,Yes,3,No,,,,,Yes,Don't have appliances,,,,,Yes,,Solar Lighting product,888,Yes,1,01,Paid,33000,Yes,Yes,4,,Reseller,545000605,,
250,8,1069.161,Eastern Province,Nyagatare,Rural,Ordinary HH,First,Yes,Not possible to connect on it,Local private organizations (NGO),,Cannot power large appliances,Duration of service too short,,Solar lighting system,Yes,International brands,Yes,3,No,,,,,,Have appliances,,,,,,,Solar Lighting product,888,Yes,1,01,For free,,,Yes,5,,Relative/friend,545000805,,
250,11,1069.161,Eastern Province,Nyagatare,Rural,Ordinary HH,First,Yes,Not possible to connect on it,,,Cannot power large appliances,No other problem,,Solar lighting system,Yes,International brands,Yes,3,No,,,,,,Have appliances,,,,,,,Solar Lighting product,17,No,1,01,Paid,85000,Yes,Yes,12,,Relative/friend,545001105,,
250,14,1069.161,Eastern Province,Nyagatare,Rural,Ordinary HH,First,Yes,Not possible to connect on it,Local government,,Cannot power large appliances,No other problem,,Solar lighting system,Yes,International brands,Yes,3,No,,,,,,Have appliances,,,,,,,Solar Lighting product,5,Yes,1,02,For free,,,No,12,,Other technician,545001405,,
250,15,1069.161,Eastern Province,Nyagatare,Rural,Ordinary HH,First,,,,,Recurrent cost related to solar device is too expensive,Breaks down too often,,Solar home system,Yes,International brands,Yes,3,Yes,Yes,,,,,Have appliances,,,,,,,Solar Home System,888,Yes,4,0102,Paid,270000,Yes,Yes,12,Yes,Reseller,545001505,,
250,16,1069.161,Eastern Province,Nyagatare,Rural,Ordinary HH,First,,,,,Recurrent cost related to solar device is too expensive,No other problem,,Solar home system,Yes,International brands,Yes,10,Yes,Yes,,,Yes,,Have appliances,,,,,,,Solar Home System,888,Yes,2,01,Paid,250000,No,Yes,24,,Owner,545001605,,
250,17,1069.161,Eastern Province,Nyagatare,Rural,Ordinary HH,First,,,,,Duration of service too short,Recurrent cost related to solar device is too expensive,,Solar home system,Yes,International brands,Yes,3,Yes,Yes,,,,,Have appliances,,,,,,,Solar Home System,888,Yes,1,01,Paid,568000,Yes,Yes,12,,Reseller,545001705,,
250,18,1069.161,Eastern Province,Nyagatare,Rural,Ordinary HH,First,Yes,Not possible to connect on it,,,Battery problems,No other problem,,Solar lighting system,Yes,International brands,Yes,4,No,,,,,,Have appliances,,,,,,,Solar Lighting product,5,Yes,4,01,Paid,75000,Yes,Yes,12,Yes,Reseller,545001805,,
251,1,219.9266767,Eastern Province,Nyagatare,Urban,Ordinary HH,First,,,Local private organizations (NGO),,No problems,No other problem,,Solar home system,Yes,International brands,Yes,3,Yes,,,,,Yes,Don't have appliances,,,,,Yes,,Solar Lighting product,888,No,1,01,For free,,,No,3,,Reseller,545100105,,
251,9,219.9266767,Eastern Province,Nyagatare,Urban,Ordinary HH,First,Yes,Electric lamp,,,No problems,No other problem,,Solar home system,Yes,International brands,Yes,2,No,,,,,,Have appliances,,,,,,,Solar Lighting product,5,No,2,02,Paid,70000,No,No,14,,Reseller,545100905,,
251,10,219.9266767,Eastern Province,Nyagatare,Urban,Ordinary HH,First,,,,,No problems,No other problem,,Solar home system,Yes,International brands,Yes,2,Yes,,,,Yes,,Have appliances,,,,,,,Solar Home System,888,No,1,02,Paid,28000,No,No,12,,Owner,545101005,,
251,12,219.9266767,Eastern Province,Nyagatare,Urban,Ordinary HH,First,,,Local government,,No problems,No other problem,,Solar home system,Yes,International brands,Yes,3,Yes,,,,Yes,,Have appliances,,,,,,,Solar Home System,888,No,1,01,For free,,,Yes,12,,Other technician,545101205,,
251,13,219.9266767,Eastern Province,Nyagatare,Urban,Ordinary HH,First,Yes,Electric lamp,,,Duration of service too short,No other problem,,Solar home system,Yes,International brands,Yes,3,No,,,,,,Have appliances,,,,,,,Solar Lighting product,5,No,3,01,Paid,130000,Yes,No,15,,Reseller,545101305,,
252,2,73.21401023,Eastern Province,Nyagatare,Urban,Ordinary HH,First,Yes,No one,,,Breaks down too often,Battery problems,,Solar home system,Yes,International brands,No,3,No,,,,,,Have appliances,,,,,,,Solar Home System,888,No,11,01,Paid,85000,Yes,Yes,3,Yes,Reseller,545200205,,
252,16,73.21401023,Eastern Province,Nyagatare,Urban,Ordinary HH,First,Yes,Electric lamp,Local government,,Breaks down too often,Quality of light,,Solar home system,Yes,International brands,Yes,2,No,,,,,,Have appliances,,,,,,,Solar Lighting product,12,No,2,0102,For free,,,Yes,3,No,Reseller,545201605,,
253,2,16.84110089,Eastern Province,Gatsibo,Rural,HH Surrounding Camp,First,,,,,Cannot power large appliances,Duration of service too short,,Solar home system,Yes,International brands,Yes,3,Yes,Yes,,,,,Have appliances,,,,,,,Solar Home System,888,No,1,02,Paid,75000,Yes,No,9,,Reseller,555300205,,
253,4,16.84110089,Eastern Province,Gatsibo,Rural,HH Surrounding Camp,First,,,,,No problems,No other problem,,Solar home system,Yes,International brands,No,3,No,,,,,Yes,Don't have appliances,,,,,Yes,,Solar Home System,888,No,1,01,Paid,30000,No,No,3,,Reseller,555300405,,
253,7,16.84110089,Eastern Province,Gatsibo,Rural,HH Surrounding Camp,First,Yes,Electric lamp,,,Duration of service too short,Quality of light,,Solar lantern,Yes,International brands,No,1,No,,,,,,Have appliances,,,,,,,Solar Lantern,,,2,01,Paid,25000,No,No,8,,Owner,555300705,,
253,8,16.84110089,Eastern Province,Gatsibo,Rural,HH Surrounding Camp,First,,,,,Cannot power large appliances,Duration of service too short,,Solar home system,Yes,International brands,Yes,3,No,,,,Yes,,Have appliances,,,,,,,Solar Home System,888,No,1,01,Paid,31500,No,No,12,,Reseller,555300805,,
253,14,16.84110089,Eastern Province,Gatsibo,Rural,HH Surrounding Camp,First,,,,,Cannot power large appliances,No other problem,,Solar home system,Yes,International brands,Yes,3,No,Yes,,,,,Have appliances,,,,,,,Solar Home System,888,No,1,01,Paid,12500,No,No,12,,Reseller,555301405,,
253,16,16.84110089,Eastern Province,Gatsibo,Rural,HH Surrounding Camp,First,,,,,Quality of light,Battery problems,,Solar home system,Yes,International brands,Yes,3,No,,,,,Yes,Don't have appliances,,,,,Yes,,Solar Lighting product,5,No,1,01,Paid,30000,Yes,Yes,2,No,Reseller,555301605,,
254,1,17.51709519,Eastern Province,Gatsibo,Rural,HH Surrounding Camp,First,Yes,Not possible to connect on it,Local government,,Battery problems,Cannot power large appliances,,Solar lighting system,Yes,International brands,Yes,3,Yes,,,,,,Have appliances,,,,,,,Solar Lighting product,7,No,3,02,For free,,,No,12,Yes,"Other, specify",555400105,,
254,4,17.51709519,Eastern Province,Gatsibo,Rural,HH Surrounding Camp,First,Yes,Not possible to connect on it,,,Duration of service too short,Cannot power large appliances,,Solar lighting system,Yes,International brands,No,3,No,,,,,,Have appliances,,,,,,,Solar Lighting product,5,No,1,01,Paid,134400,Yes,Yes,3,,Reseller,555400405,,
254,7,17.51709519,Eastern Province,Gatsibo,Rural,HH Surrounding Camp,First,,,,,No problems,No other problem,,Solar home system,Yes,International brands,Yes,3,Yes,,,,,Yes,Don't have appliances,,,,,Yes,,Solar Lighting product,5,No,3,01,Paid,30000,Yes,Yes,3,,Reseller,555400705,,
254,9,17.51709519,Eastern Province,Gatsibo,Rural,HH Surrounding Camp,First,,,Local government,,Duration of service too short,No other problem,,Solar home system,Yes,International brands,No,3,No,,,,Yes,,Have appliances,,,,,,,Solar Home System,888,No,7,01,For free,,,No,4,,Owner,555400905,,
254,18,17.51709519,Eastern Province,Gatsibo,Rural,HH Surrounding Camp,First,,,Local government,,Duration of service too short,No other problem,,Solar home system,Yes,International brands,Yes,3,Yes,Yes,,,,,Have appliances,,,,,,,Solar Home System,888,No,4,01,For free,,,No,12,,Other technician,555401805,,
255,7,44.95459097,Eastern Province,Gatsibo,Rural,HH Surrounding Camp,First,,,,,Quality of light,Duration of service too short,,Solar lantern,Yes,International brands,Yes,1,No,,,,,Yes,Don't have appliances,,,,,Yes,,Solar Lantern,,,3,01,Paid,16000,No,No,1,,Owner,555500705,,
255,10,44.95459097,Eastern Province,Gatsibo,Rural,HH Surrounding Camp,First,Yes,No place to connect on it,,,Duration of service too short,No other problem,,Solar lantern,Yes,International brands,No,1,No,,,,,,Have appliances,,,,,,,Solar Lantern,,,5,0102,Paid,30000,Yes,No,4,,Reseller,555501005,,
255,18,44.95459097,Eastern Province,Gatsibo,Rural,HH Surrounding Camp,First,,,,,Duration of service too short,Quality of light,,Solar lantern,Yes,International brands,No,1,No,,,,,Yes,Don't have appliances,,,,,Yes,,Solar Lantern,,,2,02,Paid,16000,No,No,1,,Owner,555501805,,
256,12,29.97052188,Eastern Province,Gatsibo,Rural,HH Surrounding Camp,First,,,,,No problems,No other problem,,Solar lighting system,Yes,International brands,No,3,No,,,,Yes,,Have appliances,,,,,,,Solar Home System,888,No,4,0102,Paid,80000,Yes,Yes,5,,Owner,555601205,,
256,18,29.97052188,Eastern Province,Gatsibo,Rural,HH Surrounding Camp,First,,,Humanitarian agencies,,No problems,No other problem,,Solar lighting system,Yes,International brands,No,3,No,,,,,Yes,Don't have appliances,,,,,Yes,,Solar Lighting product,20,No,2,01,For free,,,No,4,,Owner,555601805,,
257,1,113.698288,Eastern Province,Gatsibo,Rural,HH Surrounding Camp,First,,,,,No problems,No other problem,,Solar lighting system,Yes,International brands,Yes,3,No,,,,,Yes,Don't have appliances,,,,,Yes,,Solar Lighting product,17,Yes,3,0102,Paid,75000,Yes,No,Don't know,,Other technician,555700105,,
257,5,113.698288,Eastern Province,Gatsibo,Rural,HH Surrounding Camp,First,,,,,Duration of service too short,Quality of light,,Solar lantern,Yes,International brands,No,1,No,,,,,Yes,Don't have appliances,,,,,Yes,,Solar Lantern,,,1,0102,Paid,9000,No,No,Don't know,,Owner,555700505,,
257,9,113.698288,Eastern Province,Gatsibo,Rural,HH Surrounding Camp,First,,,,,Quality of light,Duration of service too short,,Solar lantern,Yes,International brands,No,1,No,,,,,Yes,Don't have appliances,,,,,Yes,,Solar Lantern,,,3,0102,Paid,16000,No,No,4,,Owner,555700905,,
257,13,113.698288,Eastern Province,Gatsibo,Rural,HH Surrounding Camp,First,,,,,Breaks down too often,No other problem,,Solar lighting system,Yes,International brands,No,3,No,,,,,Yes,Don't have appliances,,,,,Yes,,Solar Lighting product,17,No,3,02,Paid,75000,Yes,No,3,Yes,"Other, specify",555701305,,
257,16,113.698288,Eastern Province,Gatsibo,Rural,HH Surrounding Camp,First,,,,,No problems,No other problem,,Solar lighting system,Yes,International brands,No,3,No,,,,,Yes,Don't have appliances,,,,,Yes,,Solar Lighting product,17,No,3,01,Paid,74000,Yes,No,3,,Relative/friend,555701605,,
259,3,127.7213,Eastern Province,Gatsibo,Rural,HH Surrounding Camp,First,,,,,No problems,No other problem,,Solar lighting system,Yes,International brands,Yes,3,Yes,,,,,Yes,Don't have appliances,,,,,Yes,,Solar Lighting product,16,No,4,01,Paid,80000,Yes,No,4,,"Other, specify",555900305,,
259,4,127.7213,Eastern Province,Gatsibo,Rural,HH Surrounding Camp,First,,,,,No problems,No other problem,,Solar lantern,Yes,International brands,No,1,Yes,,,,,Yes,Don't have appliances,,,,,Yes,,Solar Lantern,,,2,01,Paid,29000,Yes,No,3,,"Other, specify",555900405,,
259,7,127.7213,Eastern Province,Gatsibo,Rural,HH Surrounding Camp,First,,,,,No problems,No other problem,,Solar lighting system,Yes,International brands,Yes,3,No,,,,,Yes,Don't have appliances,,,,,Yes,,Solar Lighting product,9,No,3,01,Paid,72000,Yes,No,12,,Owner,555900705,,
259,14,127.7213,Eastern Province,Gatsibo,Rural,HH Surrounding Camp,First,,,,,Duration of service too short,Quality of light,,Solar lighting system,Yes,International brands,Yes,3,Yes,,,,,Yes,Don't have appliances,,,,,Yes,,Solar Lighting product,9,No,2,01,Paid,85000,Yes,Yes,12,,Reseller,555901405,,
259,15,127.7213,Eastern Province,Gatsibo,Rural,HH Surrounding Camp,First,,,,,Duration of service too short,Quality of light,,Solar lantern,Yes,International brands,Yes,3,No,,,,Yes,,Have appliances,,,,,,,Solar Home System,888,No,3,01,Paid,5000,Yes,No,Don't know,,Owner,555901505,,
259,16,127.7213,Eastern Province,Gatsibo,Rural,HH Surrounding Camp,First,,,,,Duration of service too short,Battery problems,,Solar lighting system,Yes,International brands,Yes,3,No,,,,,Yes,Don't have appliances,,,,,Yes,,Solar Lighting product,9,No,1,01,Paid,85000,Yes,Yes,12,No,Owner,555901605,,
260,4,85.58195,Eastern Province,Gatsibo,Rural,HH Surrounding Camp,First,,,,,Duration of service too short,No other problem,,Solar lantern,Yes,International brands,Yes,1,No,,,,,Yes,Don't have appliances,,,,,Yes,,Solar Lantern,,,1,01,Paid,25000,Yes,No,1,,Owner,556000405,,
260,5,85.58195,Eastern Province,Gatsibo,Rural,HH Surrounding Camp,First,,,,,Duration of service too short,Quality of light,,Solar lantern,Yes,International brands,No,1,No,,,,,Yes,Don't have appliances,,,,,Yes,,Solar Lantern,,,3,01,Paid,25000,No,No,3,,Reseller,556000505,,
260,8,85.58195,Eastern Province,Gatsibo,Rural,HH Surrounding Camp,First,,,,,Cannot power large appliances,Quality of light,,Solar lighting system,Yes,International brands,Yes,2,No,,,,,Yes,Don't have appliances,,,,,Yes,,Solar Lighting product,888,Yes,1,01,Paid,45000,No,No,Don't know,,Reseller,556000805,,
260,10,85.58195,Eastern Province,Gatsibo,Rural,HH Surrounding Camp,First,,,,,No problems,No other problem,,Solar lighting system,Yes,International brands,Yes,3,Yes,,,,,Yes,Don't have appliances,,,,,Yes,,Solar Lighting product,50,No,3,01,Paid,172000,Yes,Yes,24,,Reseller,556001005,,
260,14,85.58195,Eastern Province,Gatsibo,Rural,HH Surrounding Camp,First,,,,,Duration of service too short,No other problem,,Solar lantern,Yes,International brands,Yes,1,Yes,,,,,Yes,Don't have appliances,,,,,Yes,,Solar Lighting product,888,Yes,2,0102,Paid,30000,No,No,Don't know,,Reseller,556001405,,
261,7,51.72469991,Eastern Province,Gatsibo,Rural,HH Surrounding Camp,First,Yes,RADIO and telePhone,,,Cannot power large appliances,No other problem,,Solar lighting system,Yes,International brands,Yes,3,Yes,,,,,,Have appliances,,,,,,,Solar Lighting product,17,No,6,0102,Paid,26800,Yes,No,5,,Reseller,556100705,,
261,8,51.72469991,Eastern Province,Gatsibo,Rural,HH Surrounding Camp,First,,,,,Breaks down too often,Duration of service too short,,Solar home system,Yes,International brands,Yes,3,Yes,Yes,,,,,Have appliances,,,,,,,Solar Home System,40,Yes,2,02,Paid,45500,Yes,No,Don't know,No,Reseller,556100805,,
261,10,51.72469991,Eastern Province,Gatsibo,Rural,HH Surrounding Camp,First,Yes,RADIO and telePhone,Local government,,Cannot power large appliances,No other problem,,Solar lighting system,Yes,International brands,Yes,3,Yes,,,,,,Have appliances,,,,,,,Solar Lighting product,8,No,1,0102,For free,,,No,6,,Owner,556101005,,
261,11,51.72469991,Eastern Province,Gatsibo,Rural,HH Surrounding Camp,First,,,"Other, specify",Police authorities,No problems,No other problem,,Solar lighting system,Yes,International brands,Yes,3,No,,,,,Yes,Don't have appliances,,,,,Yes,,Solar Lighting product,11,No,1,02,For free,,,Yes,12,,Owner,556101105,,
261,14,51.72469991,Eastern Province,Gatsibo,Rural,HH Surrounding Camp,First,Yes,Electric lamp,Local government,,Cannot power large appliances,No other problem,,Solar lighting system,Yes,International brands,Yes,3,Yes,,,,,,Have appliances,,,,,,,Solar Lighting product,8,No,1,01,For free,,,No,5,,Relative/friend,556101405,,
261,16,51.72469991,Eastern Province,Gatsibo,Rural,HH Surrounding Camp,First,,,,,Battery problems,Breaks down too often,,Solar lighting system,Yes,International brands,Yes,4,No,,,,,Yes,Don't have appliances,,,,,Yes,,Solar Lighting product,20,No,7,01,Paid,100000,Yes,Yes,3,No,Owner,556101605,,
262,1,77.54134,Eastern Province,Gatsibo,Rural,HH Surrounding Camp,First,,,,,No problems,No other problem,,Solar lantern,Yes,International brands,No,1,No,,,,,Yes,Don't have appliances,,,,,Yes,,Solar Lantern,,,1,02,Paid,19000,Yes,No,Don't know,,Reseller,556200105,,
262,6,77.54134,Eastern Province,Gatsibo,Rural,HH Surrounding Camp,First,,,,,No problems,No other problem,,Solar lantern,Yes,International brands,Yes,1,Yes,,,,,Yes,Don't have appliances,,,,,Yes,,Solar Lantern,,,1,0102,Paid,25000,No,No,4,,"Other, specify",556200605,,
262,7,77.54134,Eastern Province,Gatsibo,Rural,HH Surrounding Camp,First,Yes,Electric lamp,,,Duration of service too short,Recurrent cost related to solar device is too expensive,,Solar lighting system,Yes,International brands,Yes,3,Yes,,,,,,Have appliances,,,,,,,Solar Lighting product,6,No,1,0102,Paid,3600,Yes,No,12,,Reseller,556200705,,
262,8,77.54134,Eastern Province,Gatsibo,Rural,HH Surrounding Camp,First,,,,,No problems,No other problem,,Solar lighting system,Yes,International brands,Yes,1,No,,,,,Yes,Don't have appliances,,,,,Yes,,Solar Lantern,,,1,0102,Paid,66600,Yes,No,8,,Relative/friend,556200805,,
262,17,77.54134,Eastern Province,Gatsibo,Rural,HH Surrounding Camp,First,,,,,Duration of service too short,Quality of light,,Solar lighting system,Yes,International brands,Yes,3,Yes,,,,,Yes,Don't have appliances,,,,,Yes,,Solar Lighting product,9,Yes,1,01,Paid,26000,No,No,4,,Owner,556201705,,
263,2,73.47207,Eastern Province,Gatsibo,Rural,HH Surrounding Camp,First,,,Local government,,No problems,No other problem,,Solar lighting system,Yes,International brands,Yes,3,Yes,,,,,Yes,Don't have appliances,,,,,Yes,,Solar Lighting product,8,No,1,01,For free,,,No,4,,Other technician,556300205,,
263,6,73.47207,Eastern Province,Gatsibo,Rural,HH Surrounding Camp,First,Yes,Telephone,Local government,,Cannot power large appliances,Quality of light,,Solar lighting system,Yes,International brands,Yes,3,No,,,,,,Have appliances,,,,,,,Solar Lighting product,20,Yes,1,01,For free,,,No,8,,Owner,556300605,,
263,10,73.47207,Eastern Province,Gatsibo,Rural,HH Surrounding Camp,First,Yes,No place to connect on it,,,No problems,No other problem,,Solar lighting system,Yes,International brands,Yes,3,Yes,,,,,,Have appliances,,,,,,,Solar Lighting product,10,No,2,01,Paid,10500,No,No,12,,Reseller,556301005,,
263,11,73.47207,Eastern Province,Gatsibo,Rural,HH Surrounding Camp,First,,,"Other, specify",Police authorities,Duration of service too short,No other problem,,Solar lighting system,Yes,International brands,Yes,3,Yes,,,,,Yes,Don't have appliances,,,,,Yes,,Solar Lighting product,17,No,1,0102,For free,,,Yes,4,,Owner,556301105,,
263,12,73.47207,Eastern Province,Gatsibo,Rural,HH Surrounding Camp,First,,,Relative/Friend,,Duration of service too short,No other problem,,Solar lantern,Yes,International brands,Yes,1,No,,,,,Yes,Don't have appliances,,,,,Yes,,Solar Lantern,,,1,01,For free,,,No,5,,Relative/friend,556301205,,
263,14,73.47207,Eastern Province,Gatsibo,Rural,HH Surrounding Camp,First,,,Relative/Friend,,No problems,No other problem,,Solar home system,Yes,International brands,Yes,3,No,,,,,Yes,Don't have appliances,,,,,Yes,,Solar Lighting product,20,No,1,01,For free,,,No,3,,Relative/friend,556301405,,
263,15,73.47207,Eastern Province,Gatsibo,Rural,HH Surrounding Camp,First,,,Local government,,Duration of service too short,Breaks down too often,,Solar home system,Yes,International brands,No,3,Yes,,,,,Yes,Don't have appliances,,,,,Yes,,Solar Home System,888,Yes,1,0102,For free,,,No,15,No,Reseller,556301505,,
264,4,58.91893077,Eastern Province,Gatsibo,Urban,Ordinary HH,First,,,,,No problems,No other problem,,Solar lighting system,Yes,International brands,Yes,1,No,,,,Yes,,Have appliances,,,,,,,Solar Home System,50,Yes,2,01,Paid,4500,Yes,Yes,24,,Owner,556400405,,
264,12,58.91893077,Eastern Province,Gatsibo,Urban,Ordinary HH,First,Yes,No one,,,No problems,No other problem,,Solar lantern,Yes,International brands,No,1,No,,,,,,Have appliances,,,,,,,Solar Lantern,,,1,01,Paid,7000,No,No,3,,Owner,556401205,,
266,2,1278.00606,Eastern Province,Gatsibo,Rural,Ordinary HH,First,,,,,Breaks down too often,No other problem,,Solar home system,Yes,International brands,Yes,5,Yes,,,,,Yes,Don't have appliances,,,,,Yes,,Solar Lighting product,12,Yes,5,01,Paid,150000,Yes,No,Don't know,No,Reseller,556600205,,
266,7,1278.00606,Eastern Province,Gatsibo,Rural,Ordinary HH,First,,,,,No problems,No other problem,,Solar lantern,Yes,International brands,No,1,No,,,,,Yes,Don't have appliances,,,,,Yes,,Solar Lantern,,,4,01,Paid,32000,Yes,No,Don't know,,Reseller,556600705,,
266,10,1278.00606,Eastern Province,Gatsibo,Rural,Ordinary HH,First,Yes,Telephone,,,Breaks down too often,No other problem,,Solar lantern,Yes,International brands,Yes,1,No,,,,,,Have appliances,,,,,,,Solar Lantern,,,4,0102,Paid,29500,Yes,No,4,No,Reseller,556601005,,
266,15,1278.00606,Eastern Province,Gatsibo,Rural,Ordinary HH,First,,,,,Duration of service too short,No other problem,,Solar home system,Yes,International brands,Yes,3,No,,,,,Yes,Don't have appliances,,,,,Yes,,Solar Lighting product,12,No,1,01,Paid,250000,Yes,Yes,8,,Reseller,556601505,,
269,6,71.40509,Eastern Province,Gatsibo,Rural,HH Surrounding Camp,First,Yes,Electric lamp,,,Duration of service too short,No other problem,,Solar lighting system,Yes,International brands,Yes,3,Yes,,,,,,Have appliances,,,,,,,Solar Lighting product,10,No,1,0102,Paid,75600,Yes,No,6,,Reseller,556900605,,
269,8,71.40509,Eastern Province,Gatsibo,Rural,HH Surrounding Camp,First,,,,,Duration of service too short,Cannot power large appliances,,Solar lighting system,Yes,International brands,Yes,1,No,,,,,Yes,Don't have appliances,,,,,Yes,,Solar Lantern,,,5,0102,Paid,31000,No,Yes,6,,Owner,556900805,,
269,9,71.40509,Eastern Province,Gatsibo,Rural,HH Surrounding Camp,First,Yes,Electric lamp,,,No problems,No other problem,,Solar lantern,Yes,International brands,No,1,No,,,,,,Have appliances,,,,,,,Solar Lantern,,,2,0102,Paid,10000,No,No,12,,Owner,556900905,,
269,11,71.40509,Eastern Province,Gatsibo,Rural,HH Surrounding Camp,First,Yes,Electric lamp,,,Cannot power large appliances,No other problem,,Solar lighting system,Yes,International brands,Yes,3,Yes,,,,,,Have appliances,,,,,,,Solar Lighting product,8,No,1,0102,Paid,10000,No,No,12,,Reseller,556901105,,
269,14,71.40509,Eastern Province,Gatsibo,Rural,HH Surrounding Camp,First,,,,,No problems,No other problem,,Solar home system,Yes,International brands,Yes,3,Yes,Yes,,,,,Have appliances,,,,,,,Solar Home System,40,Yes,1,0102,Paid,2000,Yes,Yes,12,,Reseller,556901405,,
269,18,71.40509,Eastern Province,Gatsibo,Rural,HH Surrounding Camp,First,,,,,Breaks down too often,No other problem,,Solar lighting system,Yes,International brands,Yes,3,Yes,,,,,Yes,Don't have appliances,,,,,Yes,,Solar Lighting product,12,Yes,1,0102,Paid,5000,Yes,No,3,No,Reseller,556901805,,
270,2,53.9244599,Eastern Province,Gatsibo,Rural,HH Surrounding Camp,First,Yes,Electric lamp,,,Duration of service too short,Cannot power large appliances,,Solar lantern,Yes,International brands,Yes,1,No,,,,,,Have appliances,,,,,,,Solar Lantern,,,2,0102,Paid,25000,Yes,No,4,,Owner,557000205,,
270,3,53.9244599,Eastern Province,Gatsibo,Rural,HH Surrounding Camp,First,Yes,Electric lamp,,,Cannot power large appliances,No other problem,,Solar lighting system,Yes,International brands,Yes,3,Yes,,,,,,Have appliances,,,,,,,Solar Lighting product,10,No,1,01,Paid,75600,Yes,No,5,,Reseller,557000305,,
270,6,53.9244599,Eastern Province,Gatsibo,Rural,HH Surrounding Camp,First,,,,,No problems,No other problem,,Solar lantern,Yes,International brands,No,1,No,,,,,Yes,Don't have appliances,,,,,Yes,,Solar Lantern,,,4,01,Paid,25000,No,No,6,,Reseller,557000605,,
270,8,53.9244599,Eastern Province,Gatsibo,Rural,HH Surrounding Camp,First,,,,,Breaks down too often,Quality of light,,Solar lighting system,Yes,International brands,No,1,No,,,,,Yes,Don't have appliances,,,,,Yes,,Solar Lantern,,,1,02,Paid,7000,Yes,No,1,No,Relative/friend,557000805,,
271,1,215.8108328,Eastern Province,Gatsibo,Rural,Ordinary HH,First,,,,,Cannot power large appliances,Recurrent cost related to solar device is too expensive,,Solar lighting system,Yes,International brands,Yes,3,Yes,,,,Yes,,Have appliances,,,,,,,Solar Home System,888,No,3,02,Paid,130000,Yes,Yes,3,,Owner,557100105,,
271,3,215.8108328,Eastern Province,Gatsibo,Rural,Ordinary HH,First,Yes,No one,,,No problems,No other problem,,Solar lighting system,Yes,International brands,Yes,3,No,,,,,,Have appliances,,,,,,,Solar Lighting product,16,No,1,01,Paid,95000,Yes,Yes,12,,"Other, specify",557100305,,
271,5,215.8108328,Eastern Province,Gatsibo,Rural,Ordinary HH,First,,,,,Duration of service too short,No other problem,,Solar lighting system,Yes,International brands,Yes,4,No,,,,,Yes,Don't have appliances,,,,,Yes,,Solar Lighting product,17,No,1,02,Paid,95000,Yes,Yes,4,,Owner,557100505,,
271,13,215.8108328,Eastern Province,Gatsibo,Rural,Ordinary HH,First,,,,,Breaks down too often,Recurrent cost related to solar device is too expensive,,Solar home system,Yes,International brands,Yes,3,Yes,Yes,,,,,Have appliances,,,,,,,Solar Home System,90,No,3,01,Paid,560000,Yes,Yes,3,No,Reseller,557101305,,
272,2,,Eastern Province,Gatsibo,Rural,Refugee HH,First,Yes,Not possible to connect on it,Relative/Friend,,Duration of service too short,No other problem,,Solar home system,Yes,International brands,No,3,No,,,,,,Have appliances,,,,,,,Solar Lighting product,7,Yes,2,01,For free,,,No,2,,"Other, specify",557200205,Nyabiheke Camp,18.55555534
272,2,,Eastern Province,Gatsibo,Rural,Refugee HH,second,,,Relative/Friend,,Duration of service too short,No other problem,,Solar home system,No,International brands,No,3,No,,,,,Yes,Don't have appliances,,,,,Yes,,Solar Lighting product,7,Yes,2,01,For free,,,No,2,,Reseller,557200205,Nyabiheke Camp,18.55555534
272,2,,Eastern Province,Gatsibo,Rural,Refugee HH,third,,,Relative/Friend,,Duration of service too short,No other problem,,Solar home system,No,International brands,No,3,No,,,,,Yes,Don't have appliances,,,,,Yes,,Solar Home System,888,Yes,2,01,For free,,,No,2,,Reseller,557200205,Nyabiheke Camp,18.55555534
272,3,,Eastern Province,Gatsibo,Rural,Refugee HH,First,,,Local private organizations (NGO),,No problems,No other problem,,Solar home system,Yes,International brands,Yes,3,No,,,,,Yes,Don't have appliances,,,,,Yes,,Solar Lighting product,12,No,1,01,For free,,,Yes,Don't know,,Reseller,557200305,Nyabiheke Camp,18.55555534
272,5,,Eastern Province,Gatsibo,Rural,Refugee HH,third,Yes,Not possible to connect on it,,,Recurrent cost related to solar device is too expensive,Cannot power large appliances,,Solar home system,Yes,International brands,No,3,No,,,,,,Have appliances,,,,,,,Solar Home System,888,Yes,1,01,Paid,90000,Yes,No,3,,Reseller,557200505,Nyabiheke Camp,18.55555534
272,5,,Eastern Province,Gatsibo,Rural,Refugee HH,First,Yes,Not possible to connect on it,,,Recurrent cost related to solar device is too expensive,Cannot power large appliances,,Solar lighting system,No,International brands,No,3,No,,,,,,Have appliances,,,,,,,Solar Lighting product,5,Yes,1,01,Paid,90000,Yes,Yes,3,,Reseller,557200505,Nyabiheke Camp,18.55555534
272,5,,Eastern Province,Gatsibo,Rural,Refugee HH,second,Yes,Not possible to connect on it,,,Recurrent cost related to solar device is too expensive,Cannot power large appliances,,Solar lighting system,No,International brands,No,3,No,,,,,,Have appliances,,,,,,,Solar Lighting product,5,Yes,1,01,Paid,90000,Yes,No,3,,Reseller,557200505,Nyabiheke Camp,18.55555534
272,6,,Eastern Province,Gatsibo,Rural,Refugee HH,First,Yes,Torch,Local private organizations (NGO),,No problems,No other problem,,Solar home system,Yes,International brands,Yes,3,Yes,,,,,,Have appliances,,,,,,,Solar Lighting product,5,Yes,1,01,For free,,,Yes,3,,"Other, specify",557200605,Nyabiheke Camp,18.55555534
272,6,,Eastern Province,Gatsibo,Rural,Refugee HH,third,,,Local private organizations (NGO),,No problems,No other problem,,Solar lighting system,No,International brands,Yes,3,Yes,,,,,Yes,Don't have appliances,,,,,Yes,,Solar Lighting product,5,Yes,1,01,For free,,,Yes,3,,"Other, specify",557200605,Nyabiheke Camp,18.55555534
272,6,,Eastern Province,Gatsibo,Rural,Refugee HH,second,,,Local private organizations (NGO),,No problems,No other problem,,Solar lighting system,No,International brands,No,3,Yes,,,,,Yes,Don't have appliances,,,,,Yes,,Solar Lighting product,5,Yes,1,01,For free,,,Yes,3,,"Other, specify",557200605,Nyabiheke Camp,18.55555534
272,7,,Eastern Province,Gatsibo,Rural,Refugee HH,First,,,,,Duration of service too short,No other problem,,Solar home system,Yes,International brands,No,3,No,,,,Yes,,Have appliances,,,,,,,Solar Home System,888,No,3,01,Paid,50000,Yes,No,20,,Other technician,557200705,Nyabiheke Camp,18.55555534
272,9,,Eastern Province,Gatsibo,Rural,Refugee HH,First,Yes,No one,,,Duration of service too short,Cannot power large appliances,,Solar home system,Yes,International brands,Yes,3,No,,,,,,Have appliances,,,,,,,Solar Lighting product,5,No,1,03,Paid,33500,Yes,No,12,,Reseller,557200905,Nyabiheke Camp,18.55555534
272,10,,Eastern Province,Gatsibo,Rural,Refugee HH,First,,,,,Duration of service too short,No other problem,,Solar home system,Yes,International brands,No,3,Yes,,,,,Yes,Don't have appliances,,,,,Yes,,Solar Home System,888,Yes,3,01,Paid,90000,Yes,Yes,3,,Reseller,557201005,Nyabiheke Camp,18.55555534
272,11,,Eastern Province,Gatsibo,Rural,Refugee HH,First,,,,,Duration of service too short,No other problem,,Solar home system,Yes,International brands,Yes,3,No,,,,Yes,,Have appliances,,,,,,,Solar Home System,888,No,1,01,Paid,93000,Yes,No,15,,Owner,557201105,Nyabiheke Camp,18.55555534
272,12,,Eastern Province,Gatsibo,Rural,Refugee HH,First,,,,,Cannot power large appliances,No other problem,,Solar home system,Yes,International brands,Yes,4,Yes,,,,,Yes,Don't have appliances,,,,,Yes,,Solar Lighting product,7,Yes,4,02,Paid,162000,Yes,Yes,4,,Reseller,557201205,Nyabiheke Camp,18.55555534
272,13,,Eastern Province,Gatsibo,Rural,Refugee HH,First,Yes,No one,,,Duration of service too short,No other problem,,Solar home system,Yes,International brands,No,2,No,,,,,,Have appliances,,,,,,,Solar Home System,888,No,1,01,Paid,93000,Yes,Yes,15,,Reseller,557201305,Nyabiheke Camp,18.55555534
272,14,,Eastern Province,Gatsibo,Rural,Refugee HH,First,,,,,No problems,No other problem,,Solar home system,Yes,International brands,Yes,3,Yes,,,,,Yes,Don't have appliances,,,,,Yes,,Solar Lighting product,8,Yes,3,0102,Paid,90000,Yes,Yes,12,,Reseller,557201405,Nyabiheke Camp,18.55555534
272,15,,Eastern Province,Gatsibo,Rural,Refugee HH,First,Yes,Electric lamp,,,Duration of service too short,No other problem,,Solar home system,Yes,International brands,Yes,2,No,,,,,,Have appliances,,,,,,,Solar Lighting product,5,No,2,01,Paid,93000,Yes,No,10,,Reseller,557201505,Nyabiheke Camp,18.55555534
272,16,,Eastern Province,Gatsibo,Rural,Refugee HH,First,Yes,Electric lamp,,,Duration of service too short,Quality of light,,Solar lantern,Yes,International brands,No,2,No,,,,,,Have appliances,,,,,,,Solar Lantern,,,1,01,Paid,15000,No,No,6,,Other technician,557201605,Nyabiheke Camp,18.55555534
272,18,,Eastern Province,Gatsibo,Rural,Refugee HH,First,Yes,Electric lamp,,,Duration of service too short,No other problem,,Solar home system,Yes,International brands,No,3,No,,,,,,Have appliances,,,,,,,Solar Home System,888,No,1,02,Paid,22000,No,No,16,,Reseller,557201805,Nyabiheke Camp,18.55555534
273,1,,Eastern Province,Gatsibo,Rural,Refugee HH,First,,,Humanitarian agencies,,No problems,No other problem,,Solar home system,Yes,International brands,No,2,No,,,,,Yes,Don't have appliances,,,,,Yes,,Solar Home System,888,No,2,01,For free,,,Yes,3,,Reseller,557300105,Nyabiheke Camp,18.55555534
273,2,,Eastern Province,Gatsibo,Rural,Refugee HH,First,,,Humanitarian agencies,,No problems,No other problem,,Solar home system,Yes,International brands,Yes,3,Yes,,,,,Yes,Don't have appliances,,,,,Yes,,Solar Lighting product,7,No,3,02,For free,,,Yes,3,,Reseller,557300205,Nyabiheke Camp,18.55555534
273,5,,Eastern Province,Gatsibo,Rural,Refugee HH,First,,,Humanitarian agencies,,No problems,No other problem,,Solar home system,Yes,International brands,Yes,3,No,,,,,Yes,Don't have appliances,,,,,Yes,,Solar Lighting product,7,No,3,01,For free,,,Yes,3,,Reseller,557300505,Nyabiheke Camp,18.55555534
273,6,,Eastern Province,Gatsibo,Rural,Refugee HH,First,,,Humanitarian agencies,,No problems,No other problem,,Solar home system,Yes,International brands,Yes,3,Yes,,,,,Yes,Don't have appliances,,,,,Yes,,Solar Lighting product,7,No,2,01,For free,,,Yes,3,,Reseller,557300605,Nyabiheke Camp,18.55555534
273,7,,Eastern Province,Gatsibo,Rural,Refugee HH,First,,,Local private organizations (NGO),,Duration of service too short,No other problem,,Solar home system,Yes,International brands,Yes,3,No,,,,,Yes,Don't have appliances,,,,,Yes,,Solar Lighting product,10,No,1,02,For free,,,No,4,,Owner,557300705,Nyabiheke Camp,18.55555534
273,8,,Eastern Province,Gatsibo,Rural,Refugee HH,First,,,Humanitarian agencies,,No problems,No other problem,,Solar home system,Yes,International brands,Yes,3,No,,,,,Yes,Don't have appliances,,,,,Yes,,Solar Lighting product,7,No,3,02,For free,,,Yes,3,,Reseller,557300805,Nyabiheke Camp,18.55555534
273,9,,Eastern Province,Gatsibo,Rural,Refugee HH,First,,,Relative/Friend,,Duration of service too short,No other problem,,Solar home system,Yes,International brands,No,3,No,,,,,Yes,Don't have appliances,,,,,Yes,,Solar Home System,888,No,1,0102,For free,,,No,3,,Reseller,557300905,Nyabiheke Camp,18.55555534
273,12,,Eastern Province,Gatsibo,Rural,Refugee HH,First,,,Local private organizations (NGO),,Duration of service too short,No other problem,,Solar home system,Yes,International brands,Yes,3,No,,,,,Yes,Don't have appliances,,,,,Yes,,Solar Lighting product,8,No,1,01,For free,,,Yes,Don't know,,Owner,557301205,Nyabiheke Camp,18.55555534
273,13,,Eastern Province,Gatsibo,Rural,Refugee HH,First,,,Humanitarian agencies,,No problems,No other problem,,Solar home system,Yes,International brands,No,3,No,,,,,Yes,Don't have appliances,,,,,Yes,,Solar Home System,888,No,2,01,For free,,,Yes,3,,Reseller,557301305,Nyabiheke Camp,18.55555534
273,16,,Eastern Province,Gatsibo,Rural,Refugee HH,First,,,Humanitarian agencies,,Battery problems,No other problem,,Solar home system,Yes,International brands,Yes,3,No,,,,,Yes,Don't have appliances,,,,,Yes,,Solar Lighting product,7,No,2,01,For free,,,Yes,2,No,Reseller,557301605,Nyabiheke Camp,18.55555534
273,18,,Eastern Province,Gatsibo,Rural,Refugee HH,First,,,Humanitarian agencies,,No problems,No other problem,,Solar home system,Yes,International brands,Yes,4,No,,,,,Yes,Don't have appliances,,,,,Yes,,Solar Lighting product,7,No,3,01,For free,,,Yes,3,,Reseller,557301805,Nyabiheke Camp,18.55555534
274,1,,Eastern Province,Gatsibo,Rural,Refugee HH,First,,,,,Duration of service too short,No other problem,,Solar home system,Yes,International brands,Yes,3,No,,,,,Yes,Don't have appliances,,,,,Yes,,Solar Lighting product,17,No,3,01,Paid,105000,Yes,Yes,12,,Reseller,557400105,Nyabiheke Camp,18.55555534
274,4,,Eastern Province,Gatsibo,Rural,Refugee HH,First,,,,,Duration of service too short,Breaks down too often,,Solar home system,Yes,International brands,Yes,3,Yes,,,,,Yes,Don't have appliances,,,,,Yes,,Solar Lighting product,50,No,1,01,Paid,52200,Yes,Yes,12,Yes,Reseller,557400405,Nyabiheke Camp,18.55555534
274,6,,Eastern Province,Gatsibo,Rural,Refugee HH,First,,,,,No problems,No other problem,,Solar home system,Yes,International brands,Yes,3,No,,,,,Yes,Don't have appliances,,,,,Yes,,Solar Lighting product,17,No,4,0102,Paid,270000,Yes,Yes,18,,Reseller,557400605,Nyabiheke Camp,18.55555534
274,7,,Eastern Province,Gatsibo,Rural,Refugee HH,First,Yes,Not possible to connect on it,,,Duration of service too short,No other problem,,Solar home system,Yes,International brands,Yes,3,No,,,,,,Have appliances,,,,,,,Solar Lighting product,17,No,3,01,Paid,104000,Yes,Yes,3,,Reseller,557400705,Nyabiheke Camp,18.55555534
274,9,,Eastern Province,Gatsibo,Rural,Refugee HH,First,Yes,Not possible to connect on it,,,Breaks down too often,No other problem,,Solar home system,Yes,International brands,No,3,No,,,,,,Have appliances,,,,,,,Solar Home System,888,No,1,01,Paid,90000,Yes,Yes,6,No,Reseller,557400905,Nyabiheke Camp,18.55555534
274,10,,Eastern Province,Gatsibo,Rural,Refugee HH,First,Yes,RADIO,Local private organizations (NGO),,No problems,No other problem,,Solar home system,Yes,International brands,Yes,3,Yes,,,,,,Have appliances,,,,,,,Solar Lighting product,50,No,1,01,For free,,,Yes,24,,Owner,557401005,Nyabiheke Camp,18.55555534
274,11,,Eastern Province,Gatsibo,Rural,Refugee HH,First,Yes,RADIO,,,Quality of light,Recurrent cost related to solar device is too expensive,,Solar home system,Yes,International brands,Yes,2,Yes,,,,,,Have appliances,,,,,,,Solar Lighting product,22,No,3,01,Paid,208800,Yes,Yes,12,,Reseller,557401105,Nyabiheke Camp,18.55555534
274,12,,Eastern Province,Gatsibo,Rural,Refugee HH,First,,,,,Recurrent cost related to solar device is too expensive,Quality of light,,Solar home system,Yes,International brands,Yes,3,Yes,,,,,Yes,Don't have appliances,,,,,Yes,,Solar Lighting product,50,No,1,01,Paid,90000,Yes,Yes,3,,Reseller,557401205,Nyabiheke Camp,18.55555534
274,13,,Eastern Province,Gatsibo,Rural,Refugee HH,First,Yes,Telephone,,,Recurrent cost related to solar device is too expensive,Quality of light,,Solar home system,Yes,International brands,Yes,3,Yes,,,,,,Have appliances,,,,,,,Solar Lighting product,5,No,4,01,Paid,172000,Yes,Yes,24,,Reseller,557401305,Nyabiheke Camp,18.55555534
274,14,,Eastern Province,Gatsibo,Rural,Refugee HH,First,,,,,Duration of service too short,Recurrent cost related to solar device is too expensive,,Solar lighting system,Yes,International brands,No,1,No,,,,,Yes,Don't have appliances,,,,,Yes,,Solar Lantern,,,1,01,Paid,93600,Yes,Yes,12,,Reseller,557401405,Nyabiheke Camp,18.55555534
274,16,,Eastern Province,Gatsibo,Rural,Refugee HH,First,Yes,Telephone,,,Duration of service too short,Recurrent cost related to solar device is too expensive,,Solar home system,Yes,International brands,Yes,2,Yes,,,,,,Have appliances,,,,,,,Solar Lighting product,888,No,3,02,Paid,104400,Yes,Yes,12,,Reseller,557401605,Nyabiheke Camp,18.55555534
274,17,,Eastern Province,Gatsibo,Rural,Refugee HH,First,,,,,Battery problems,Duration of service too short,,Solar home system,Yes,International brands,Yes,7,Yes,,,,,Yes,Don't have appliances,,,,,Yes,,Solar Lighting product,50,No,6,02,Paid,60000,Yes,Yes,12,Yes,Reseller,557401705,Nyabiheke Camp,18.55555534
274,18,,Eastern Province,Gatsibo,Rural,Refugee HH,second,Yes,Electric lamp,Local private organizations (NGO),,No problems,No other problem,,Solar lighting system,No,International brands,Yes,3,No,,,,,,Have appliances,,,,,,,Solar Lighting product,888,No,1,01,For free,,,No,3,,Reseller,557401805,Nyabiheke Camp,18.55555534
274,18,,Eastern Province,Gatsibo,Rural,Refugee HH,First,,,,,Cannot power large appliances,No other problem,,Solar home system,Yes,International brands,Yes,6,Yes,Yes,,,Yes,,Have appliances,,,,,,,Solar Home System,50,No,1,01,Paid,200000,No,No,20,,Owner,557401805,Nyabiheke Camp,18.55555534
275,1,,Eastern Province,Gatsibo,Rural,Refugee HH,First,,,Humanitarian agencies,,Quality of light,No other problem,,Solar lighting system,Yes,Component-based/Local,No,1,No,,,,,Yes,Don't have appliances,,,,,Yes,,Solar Lantern,,,1,01,For free,,,No,3,,Other technician,557500105,Nyabiheke Camp,18.55555534
275,2,,Eastern Province,Gatsibo,Rural,Refugee HH,First,Yes,Not possible to connect on it,,,Duration of service too short,No other problem,,Solar lighting system,Yes,International brands,No,3,No,,,,,,Have appliances,,,,,,,Solar Lighting product,7,No,1,01,Paid,62000,Yes,Yes,4,,Reseller,557500205,Nyabiheke Camp,18.55555534
275,3,,Eastern Province,Gatsibo,Rural,Refugee HH,First,Yes,Electric lamp,,,Cannot power large appliances,Duration of service too short,,Solar home system,Yes,International brands,Yes,1,No,,,,,,Have appliances,,,,,,,Solar Home System,888,No,2,01,Paid,93000,Yes,No,9,,Reseller,557500305,Nyabiheke Camp,18.55555534
275,4,,Eastern Province,Gatsibo,Rural,Refugee HH,First,Yes,No one,Humanitarian agencies,,Duration of service too short,Cannot power large appliances,,Solar lantern,Yes,International brands,No,1,No,,,,,,Have appliances,,,,,,,Solar Lantern,,,2,02,For free,,,No,4,,Relative/friend,557500405,Nyabiheke Camp,18.55555534
275,7,,Eastern Province,Gatsibo,Rural,Refugee HH,First,,,Humanitarian agencies,,No problems,No other problem,,Solar lighting system,Yes,International brands,Yes,3,No,,,,,Yes,Don't have appliances,,,,,Yes,,Solar Lighting product,6,No,1,01,For free,,,No,24,,Other technician,557500705,Nyabiheke Camp,18.55555534
275,9,,Eastern Province,Gatsibo,Rural,Refugee HH,First,,,,,Recurrent cost related to solar device is too expensive,No other problem,,Solar home system,Yes,International brands,Yes,4,Yes,Yes,,,Yes,,Have appliances,,,,,,,Solar Home System,888,No,4,0102,Paid,216000,Yes,Yes,12,,Reseller,557500905,Nyabiheke Camp,18.55555534
275,10,,Eastern Province,Gatsibo,Rural,Refugee HH,First,,,Humanitarian agencies,,Quality of light,Battery problems,,Solar lighting system,Yes,International brands,No,3,No,,,,,Yes,Don't have appliances,,,,,Yes,,Solar Lighting product,12,No,3,01,For free,,,No,3,No,"Other, specify",557501005,Nyabiheke Camp,18.55555534
275,11,,Eastern Province,Gatsibo,Rural,Refugee HH,First,Yes,Not possible to connect on it,,,Cannot power large appliances,Duration of service too short,,Solar lighting system,Yes,International brands,Yes,3,No,,,,,,Have appliances,,,,,,,Solar Lighting product,7,No,2,0102,Paid,87000,Yes,Yes,4,,Reseller,557501105,Nyabiheke Camp,18.55555534
275,12,,Eastern Province,Gatsibo,Rural,Refugee HH,First,Yes,Not possible to connect on it,,,Cannot power large appliances,No other problem,,Solar lighting system,Yes,International brands,No,3,No,,,,,,Have appliances,,,,,,,Solar Lighting product,7,No,2,01,Paid,62400,Yes,Yes,4,,Reseller,557501205,Nyabiheke Camp,18.55555534
275,13,,Eastern Province,Gatsibo,Rural,Refugee HH,First,,,,,No problems,No other problem,,Solar home system,Yes,International brands,Yes,3,Yes,Yes,,,Yes,,Have appliances,,,,,,,Solar Home System,888,No,3,01,Paid,104400,Yes,Yes,24,,Reseller,557501305,Nyabiheke Camp,18.55555534
275,15,,Eastern Province,Gatsibo,Rural,Refugee HH,First,Yes,Electric lamp,,,Cannot power large appliances,No other problem,,Solar lantern,Yes,International brands,No,2,No,,,,,,Have appliances,,,,,,,Solar Lighting product,7,No,1,01,Paid,20800,Yes,Yes,12,,Reseller,557501505,Nyabiheke Camp,18.55555534
275,17,,Eastern Province,Gatsibo,Rural,Refugee HH,First,,,,,Quality of light,Battery problems,,Solar lighting system,Yes,Component-based/Local,Yes,2,No,,,,,Yes,Don't have appliances,,,,,Yes,,Solar Lighting product,17,No,3,03,Paid,2900,Yes,Yes,3,No,Reseller,557501705,Nyabiheke Camp,18.55555534
276,1,,Eastern Province,Gatsibo,Rural,Refugee HH,First,Yes,Not possible to connect on it,,,Duration of service too short,Breaks down too often,,Solar lighting system,Yes,International brands,No,2,No,,,,,,Have appliances,,,,,,,Solar Lighting product,5,No,1,01,Paid,12000,No,No,3,Yes,Relative/friend,557600105,Nyabiheke Camp,18.55555534
276,3,,Eastern Province,Gatsibo,Rural,Refugee HH,First,Yes,Not possible to connect on it,,,Duration of service too short,Cannot power large appliances,,Solar lighting system,Yes,International brands,Yes,3,No,,,,,,Have appliances,,,,,,,Solar Lighting product,7,No,2,01,Paid,93600,Yes,Yes,3,,Reseller,557600305,Nyabiheke Camp,18.55555534
276,4,,Eastern Province,Gatsibo,Rural,Refugee HH,First,Yes,Telephone,,,Duration of service too short,Battery problems,,Solar lighting system,Yes,International brands,No,3,No,,,,,,Have appliances,,,,,,,Solar Lighting product,7,No,2,02,Paid,93600,Yes,Yes,4,Yes,Reseller,557600405,Nyabiheke Camp,18.55555534
276,6,,Eastern Province,Gatsibo,Rural,Refugee HH,First,Yes,Not possible to connect on it,,,Cannot power large appliances,No other problem,,Solar lighting system,Yes,International brands,No,3,No,,,,,,Have appliances,,,,,,,Solar Lighting product,7,No,2,01,Paid,93600,Yes,Yes,10,,Reseller,557600605,Nyabiheke Camp,18.55555534
276,7,,Eastern Province,Gatsibo,Rural,Refugee HH,First,Yes,Not possible to connect on it,,,Cannot power large appliances,No other problem,,Solar lighting system,Yes,International brands,Yes,3,No,,,,,,Have appliances,,,,,,,Solar Lighting product,17,No,2,01,Paid,93600,Yes,Yes,12,,Reseller,557600705,Nyabiheke Camp,18.55555534
276,8,,Eastern Province,Gatsibo,Rural,Refugee HH,First,,,,,Cannot power large appliances,Duration of service too short,,Solar home system,Yes,International brands,Yes,5,Yes,Yes,,,Yes,,Have appliances,,,,,,,Solar Home System,888,No,2,0102,Paid,104400,Yes,Yes,6,,Reseller,557600805,Nyabiheke Camp,18.55555534
276,9,,Eastern Province,Gatsibo,Rural,Refugee HH,First,Yes,Not possible to connect on it,,,Duration of service too short,Cannot power large appliances,,Solar lighting system,Yes,International brands,No,3,No,,,,,,Have appliances,,,,,,,Solar Lighting product,7,No,2,01,Paid,93600,Yes,Yes,3,,Reseller,557600905,Nyabiheke Camp,18.55555534
276,10,,Eastern Province,Gatsibo,Rural,Refugee HH,First,,,,,Quality of light,Duration of service too short,,Solar home system,Yes,International brands,Yes,3,No,,,,,Yes,Don't have appliances,,,,,Yes,,Solar Lighting product,8,No,2,02,Paid,1333400,Yes,No,Don't know,,Reseller,557601005,Nyabiheke Camp,18.55555534
276,11,,Eastern Province,Gatsibo,Rural,Refugee HH,First,,,,,Recurrent cost related to solar device is too expensive,Breaks down too often,,Solar home system,Yes,International brands,Yes,2,No,,,,,Yes,Don't have appliances,,,,,Yes,,Solar Lighting product,8,No,2,01,Paid,115000,Yes,No,Don't know,No,Reseller,557601105,Nyabiheke Camp,18.55555534
276,13,,Eastern Province,Gatsibo,Rural,Refugee HH,First,,,,,Quality of light,Cannot power large appliances,,Solar home system,Yes,International brands,No,3,No,,,,,Yes,Don't have appliances,,,,,Yes,,Solar Home System,888,No,2,01,Paid,119600,Yes,No,Don't know,,Reseller,557601305,Nyabiheke Camp,18.55555534
276,15,,Eastern Province,Gatsibo,Rural,Refugee HH,First,,,,,Duration of service too short,Quality of light,,Solar home system,Yes,International brands,Yes,3,No,,,,,Yes,Don't have appliances,,,,,Yes,,Solar Lighting product,8,No,2,01,Paid,119600,Yes,No,Don't know,,Reseller,557601505,Nyabiheke Camp,18.55555534
276,16,,Eastern Province,Gatsibo,Rural,Refugee HH,First,,,,,Duration of service too short,Breaks down too often,,Solar home system,Yes,International brands,Yes,3,No,,,,,Yes,Don't have appliances,,,,,Yes,,Solar Lighting product,8,No,2,02,Paid,133400,Yes,No,Don't know,No,Reseller,557601605,Nyabiheke Camp,18.55555534
276,17,,Eastern Province,Gatsibo,Rural,Refugee HH,First,,,,,Quality of light,No other problem,,Solar home system,Yes,International brands,No,1,No,,,,,Yes,Don't have appliances,,,,,Yes,,Solar Lantern,,,1,01,Paid,3000,No,No,Don't know,,Relative/friend,557601705,Nyabiheke Camp,18.55555534
276,18,,Eastern Province,Gatsibo,Rural,Refugee HH,First,,,,,Quality of light,Recurrent cost related to solar device is too expensive,,Solar home system,Yes,International brands,No,3,No,,,,,Yes,Don't have appliances,,,,,Yes,,Solar Home System,888,No,1,01,Paid,119600,Yes,No,Don't know,,Reseller,557601805,Nyabiheke Camp,18.55555534
277,1,,Eastern Province,Gatsibo,Rural,Refugee HH,First,,,Relative/Friend,,No problems,No other problem,,Solar home system,Yes,International brands,No,1,No,,,,,Yes,Don't have appliances,,,,,Yes,,Solar Lantern,,,1,01,For free,,,No,3,,Other technician,557700105,Nyabiheke Camp,18.55555534
277,2,,Eastern Province,Gatsibo,Rural,Refugee HH,First,,,,,No problems,No other problem,,Solar home system,Yes,International brands,No,3,Yes,,,,,Yes,Don't have appliances,,,,,Yes,,Solar Home System,888,No,1,01,Paid,35000,No,No,3,,Reseller,557700205,Nyabiheke Camp,18.55555534
277,3,,Eastern Province,Gatsibo,Rural,Refugee HH,First,,,Humanitarian agencies,,No problems,No other problem,,Solar home system,Yes,International brands,No,2,No,,,,,Yes,Don't have appliances,,,,,Yes,,Solar Home System,888,No,3,01,For free,,,Yes,4,,Reseller,557700305,Nyabiheke Camp,18.55555534
277,5,,Eastern Province,Gatsibo,Rural,Refugee HH,First,,,Humanitarian agencies,,No problems,No other problem,,Solar home system,Yes,International brands,Yes,3,Yes,,,,,Yes,Don't have appliances,,,,,Yes,,Solar Lighting product,7,No,5,0102,For free,,,Yes,6,,Reseller,557700505,Nyabiheke Camp,18.55555534
277,9,,Eastern Province,Gatsibo,Rural,Refugee HH,First,,,Humanitarian agencies,,"Other, specify",No other problem,Low light,Solar home system,Yes,International brands,Yes,3,No,,,,,Yes,Don't have appliances,,,,,Yes,,Solar Lighting product,7,No,1,01,For free,,,Yes,4,,Reseller,557700905,Nyabiheke Camp,18.55555534
277,10,,Eastern Province,Gatsibo,Rural,Refugee HH,First,,,,,Cannot power large appliances,No other problem,,Solar home system,Yes,International brands,Yes,3,No,,,,Yes,,Have appliances,,,,,,,Solar Home System,888,No,3,01,Paid,104400,Yes,Yes,12,,Reseller,557701005,Nyabiheke Camp,18.55555534
277,11,,Eastern Province,Gatsibo,Rural,Refugee HH,First,Yes,Electric lamp,Local private organizations (NGO),,Duration of service too short,Cannot power large appliances,,Solar home system,Yes,International brands,No,3,No,,,,,,Have appliances,,,,,,,Solar Home System,888,No,1,02,For free,,,No,9,,Other technician,557701105,Nyabiheke Camp,18.55555534
277,13,,Eastern Province,Gatsibo,Rural,Refugee HH,First,,,Relative/Friend,,Duration of service too short,Cannot power large appliances,,Solar home system,Yes,International brands,Yes,1,No,,,,Yes,,Have appliances,,,,,,,Solar Home System,888,No,1,02,For free,,,No,10,,Relative/friend,557701305,Nyabiheke Camp,18.55555534
277,14,,Eastern Province,Gatsibo,Rural,Refugee HH,First,,,,,Cannot power large appliances,No other problem,,Solar home system,Yes,International brands,Yes,3,No,,,,Yes,,Have appliances,,,,,,,Solar Home System,888,No,1,02,Paid,10300,Yes,Yes,12,,Reseller,557701405,Nyabiheke Camp,18.55555534
277,15,,Eastern Province,Gatsibo,Rural,Refugee HH,First,Yes,Electric lamp,,,Recurrent cost related to solar device is too expensive,Duration of service too short,,Solar home system,Yes,International brands,Yes,3,Yes,,,,,,Have appliances,,,,,,,Solar Lighting product,5,No,1,03,Paid,93000,Yes,No,12,,Reseller,557701505,Nyabiheke Camp,18.55555534
277,17,,Eastern Province,Gatsibo,Rural,Refugee HH,First,,,,,Duration of service too short,No other problem,,Solar lantern,Yes,International brands,No,1,No,,,,Yes,,Have appliances,,,,,,,Solar Home System,888,No,3,01,Paid,22000,Yes,No,1,,Reseller,557701705,Nyabiheke Camp,18.55555534
278,2,,Eastern Province,Gatsibo,Rural,Refugee HH,First,Yes,Not possible to connect on it,,,"Other, specify",No other problem,Just for lighting,Solar lantern,Yes,International brands,No,1,No,,,,,,Have appliances,,,,,,,Solar Lantern,,,7,01,Paid,15000,No,No,24,,"Other, specify",557800205,Nyabiheke Camp,18.55555534
278,3,,Eastern Province,Gatsibo,Rural,Refugee HH,First,Yes,Not possible to connect on it,,,Cannot power large appliances,No other problem,,Solar lighting system,Yes,International brands,Yes,3,Yes,,,,,,Have appliances,,,,,,,Solar Lighting product,12,No,2,02,Paid,115200,Yes,Yes,12,,Reseller,557800305,Nyabiheke Camp,18.55555534
278,9,,Eastern Province,Gatsibo,Rural,Refugee HH,First,,,,,Recurrent cost related to solar device is too expensive,No other problem,,Solar home system,Yes,International brands,No,3,No,,,,,Yes,Don't have appliances,,,,,Yes,,Solar Home System,888,No,1,01,Paid,93000,Yes,Yes,6,,Reseller,557800905,Nyabiheke Camp,18.55555534
278,10,,Eastern Province,Gatsibo,Rural,Refugee HH,First,Yes,Not possible to connect on it,,,Duration of service too short,No other problem,,Solar home system,Yes,International brands,No,3,No,,,,,,Have appliances,,,,,,,Solar Home System,888,No,3,0102,Paid,104000,Yes,Yes,3,,Reseller,557801005,Nyabiheke Camp,18.55555534
278,15,,Eastern Province,Gatsibo,Rural,Refugee HH,First,Yes,Telephone,,,Battery problems,Breaks down too often,,Solar lighting system,Yes,International brands,Yes,3,No,,,,,,Have appliances,,,,,,,Solar Lighting product,5,No,3,01,Paid,104400,Yes,Yes,24,No,Reseller,557801505,Nyabiheke Camp,18.55555534
279,1,,Eastern Province,Gatsibo,Rural,Refugee HH,First,,,,,Cannot power large appliances,No other problem,,Solar home system,Yes,International brands,Yes,3,No,,,,Yes,,Have appliances,,,,,,,Solar Home System,888,No,2,01,Paid,93000,Yes,No,12,,Reseller,557900105,Nyabiheke Camp,18.55555534
279,2,,Eastern Province,Gatsibo,Rural,Refugee HH,First,Yes,Electric lamp,,,Duration of service too short,Cannot power large appliances,,Solar home system,Yes,International brands,Yes,3,No,,,,,,Have appliances,,,,,,,Solar Lighting product,5,No,4,02,Paid,10600,Yes,Yes,12,,Reseller,557900205,Nyabiheke Camp,18.55555534
279,3,,Eastern Province,Gatsibo,Rural,Refugee HH,First,,,,,Duration of service too short,Quality of light,,Solar lighting system,Yes,International brands,No,2,No,,,,,Yes,Don't have appliances,,,,,Yes,,Solar Lighting product,50,No,1,02,Paid,11000,No,Yes,2,,Reseller,557900305,Nyabiheke Camp,18.55555534
279,4,,Eastern Province,Gatsibo,Rural,Refugee HH,First,Yes,RADIO,,,Duration of service too short,Quality of light,,Solar home system,Yes,International brands,Yes,3,Yes,,,,,,Have appliances,,,,,,,Solar Lighting product,5,No,1,02,Paid,93600,Yes,Yes,3,,Reseller,557900405,Nyabiheke Camp,18.55555534
279,6,,Eastern Province,Gatsibo,Rural,Refugee HH,First,,,,,Cannot power large appliances,No other problem,,Solar home system,Yes,International brands,No,3,No,,,,,Yes,Don't have appliances,,,,,Yes,,Solar Home System,888,No,3,01,Paid,22000,Yes,Yes,3,,Reseller,557900605,Nyabiheke Camp,18.55555534
279,8,,Eastern Province,Gatsibo,Rural,Refugee HH,First,,,Relative/Friend,,No problems,No other problem,,Solar home system,Yes,International brands,Yes,3,No,,,,,Yes,Don't have appliances,,,,,Yes,,Solar Lighting product,8,No,2,01,For free,,,No,Don't know,,Reseller,557900805,Nyabiheke Camp,18.55555534
279,10,,Eastern Province,Gatsibo,Rural,Refugee HH,First,,,Humanitarian agencies,,Quality of light,Duration of service too short,,Solar lighting system,Yes,International brands,Yes,3,No,,,,,Yes,Don't have appliances,,,,,Yes,,Solar Lighting product,60,No,1,01,For free,,,No,10,,Other technician,557901005,Nyabiheke Camp,18.55555534
279,16,,Eastern Province,Gatsibo,Rural,Refugee HH,First,,,,,Quality of light,Breaks down too often,,Solar lighting system,Yes,International brands,Yes,3,Yes,,,,,Yes,Don't have appliances,,,,,Yes,,Solar Lighting product,12,No,3,05,Paid,2900,Yes,Yes,3,No,Reseller,557901605,Nyabiheke Camp,18.55555534
279,17,,Eastern Province,Gatsibo,Rural,Refugee HH,First,,,,,Duration of service too short,Breaks down too often,,Solar lantern,Yes,International brands,No,1,No,,,,,Yes,Don't have appliances,,,,,Yes,,Solar Lantern,,,1,01,Paid,9000,No,Yes,4,No,Relative/friend,557901705,Nyabiheke Camp,18.55555534
280,4,628.5525,Eastern Province,Kayonza,Rural,Ordinary HH,First,Yes,Electric lamp,,,No problems,No other problem,,Solar home system,Yes,International brands,No,2,No,,,,,,Have appliances,,,,,,,Solar Home System,888,No,1,01,Paid,28000,No,No,4,,Owner,568000405,,
280,7,628.5525,Eastern Province,Kayonza,Rural,Ordinary HH,First,,,Local government,,Breaks down too often,Quality of light,,Solar lighting system,Yes,Component-based/Local,Yes,1,No,,,,,Yes,Don't have appliances,,,,,Yes,,Solar Lantern,,,4,01,For free,,,No,12,No,"Other, specify",568000705,,
280,9,628.5525,Eastern Province,Kayonza,Rural,Ordinary HH,First,Yes,No one,Local private organizations (NGO),,Cannot power large appliances,No other problem,,Solar home system,Yes,International brands,No,2,No,,,,,,Have appliances,,,,,,,Solar Home System,888,No,6,01,For free,,,No,3,,Other technician,568000905,,
280,20,628.5525,Eastern Province,Kayonza,Rural,Ordinary HH,First,,,,,No problems,No other problem,,Solar home system,Yes,International brands,No,2,No,,,,,Yes,Don't have appliances,,,,,Yes,,Solar Home System,888,No,4,01,Paid,55000,No,No,12,,Reseller,568002005,,
282,11,155.5122,Eastern Province,Kayonza,Urban,Ordinary HH,First,,,,,No problems,No other problem,,Solar lighting system,Yes,International brands,Yes,4,No,,,,,Yes,Don't have appliances,,,,,Yes,,Solar Lighting product,888,Yes,5,01,Paid,130000,Yes,Yes,4,,Reseller,568201105,,
283,2,26.49132803,Eastern Province,Kayonza,Urban,Ordinary HH,First,,,,,No problems,No other problem,,Solar lantern,Yes,International brands,No,1,No,,,,,Yes,Don't have appliances,,,,,Yes,,Solar Lantern,,,1,01,Paid,8000,No,No,12,,"Other, specify",568300205,,
283,3,26.49132803,Eastern Province,Kayonza,Urban,Ordinary HH,First,,,Humanitarian agencies,,Quality of light,Battery problems,,Solar lantern,Yes,International brands,No,1,No,,,,,Yes,Don't have appliances,,,,,Yes,,Solar Lantern,,,2,01,For free,,,No,3,No,Owner,568300305,,
284,2,504.9064453,Eastern Province,Kayonza,Rural,Ordinary HH,First,Yes,Electric lamp,,,Quality of light,No other problem,,Solar lighting system,Yes,International brands,No,1,No,,,,,,Have appliances,,,,,,,Solar Lighting product,20,No,1,02,Paid,1000,No,No,2,,Reseller,568400205,,
285,12,974.5554,Eastern Province,Kayonza,Rural,Ordinary HH,First,Yes,No one,,,Recurrent cost related to solar device is too expensive,Battery problems,,Solar home system,Yes,International brands,Yes,3,Yes,,,,,,Have appliances,,,,,,,Solar Lighting product,12,No,2,01,Paid,75000,Yes,No,2,No,Reseller,568501205,,
286,2,1101.067,Eastern Province,Kayonza,Rural,Ordinary HH,First,,,Local government,,Duration of service too short,Cannot power large appliances,,Solar home system,Yes,International brands,No,3,No,,,,,Yes,Don't have appliances,,,,,Yes,,Solar Home System,888,No,6,01,For free,,,No,3,,Owner,568600205,,
286,6,1101.067,Eastern Province,Kayonza,Rural,Ordinary HH,First,,,,,Breaks down too often,Cannot power large appliances,,Solar lighting system,Yes,International brands,Yes,3,Yes,,,,,Yes,Don't have appliances,,,,,Yes,,Solar Lighting product,888,No,2,01,Paid,75000,Yes,No,15,No,Other technician,568600605,,
286,8,1101.067,Eastern Province,Kayonza,Rural,Ordinary HH,First,,,,,No problems,No other problem,,Solar lighting system,Yes,International brands,Yes,3,Yes,,,,,Yes,Don't have appliances,,,,,Yes,,Solar Lighting product,888,No,5,01,Paid,130000,Yes,No,12,,Other technician,568600805,,
286,10,1101.067,Eastern Province,Kayonza,Rural,Ordinary HH,First,,,,,No problems,No other problem,,Solar home system,Yes,International brands,No,2,No,,,,,Yes,Don't have appliances,,,,,Yes,,Solar Home System,888,No,2,01,Paid,15000,No,Yes,12,,Other technician,568601005,,
286,11,1101.067,Eastern Province,Kayonza,Rural,Ordinary HH,First,,,,,Cannot power large appliances,No other problem,,Solar home system,Yes,International brands,Yes,3,No,,,,,Yes,Don't have appliances,,,,,Yes,,Solar Lighting product,888,No,2,01,Paid,91000,Yes,No,3,,Reseller,568601105,,
286,12,1101.067,Eastern Province,Kayonza,Rural,Ordinary HH,First,,,,,No problems,No other problem,,Solar home system,Yes,International brands,Yes,3,No,Yes,,,,,Have appliances,,,,,,,Solar Home System,50,Yes,3,01,Paid,9000,Yes,Yes,12,,Reseller,568601205,,
286,13,1101.067,Eastern Province,Kayonza,Rural,Ordinary HH,First,,,,,Duration of service too short,Recurrent cost related to solar device is too expensive,,Solar lighting system,Yes,International brands,Yes,4,No,,,,,Yes,Don't have appliances,,,,,Yes,,Solar Lighting product,888,No,2,01,Paid,240000,Yes,Yes,14,,Reseller,568601305,,
286,14,1101.067,Eastern Province,Kayonza,Rural,Ordinary HH,First,,,,,Breaks down too often,Battery problems,,Solar home system,Yes,International brands,Yes,1,No,Yes,,,,,Have appliances,,,,,,,Solar Home System,50,No,2,01,Paid,48000,Yes,Yes,3,No,Reseller,568601405,,
286,15,1101.067,Eastern Province,Kayonza,Rural,Ordinary HH,First,,,,,Recurrent cost related to solar device is too expensive,No other problem,,Solar lighting system,Yes,International brands,No,3,No,,,,,Yes,Don't have appliances,,,,,Yes,,Solar Home System,50,No,2,01,Paid,439000,Yes,Yes,4,,Reseller,568601505,,
286,16,1101.067,Eastern Province,Kayonza,Rural,Ordinary HH,First,,,,,No problems,No other problem,,Solar home system,Yes,International brands,No,4,Yes,,,,,Yes,Don't have appliances,,,,,Yes,,Solar Home System,888,No,4,01,Paid,80000,Yes,No,4,,Reseller,568601605,,
286,17,1101.067,Eastern Province,Kayonza,Rural,Ordinary HH,First,,,,,No problems,No other problem,,Solar home system,Yes,International brands,Yes,3,Yes,,,,,Yes,Don't have appliances,,,,,Yes,,Solar Lighting product,12,No,5,01,Paid,215000,Yes,No,24,,Reseller,568601705,,
286,18,1101.067,Eastern Province,Kayonza,Rural,Ordinary HH,First,,,,,Breaks down too often,No other problem,,Solar lighting system,Yes,International brands,Yes,3,Yes,,,,,Yes,Don't have appliances,,,,,Yes,,Solar Lighting product,888,No,5,0102,Paid,130000,Yes,No,24,No,Reseller,568601805,,
286,19,1101.067,Eastern Province,Kayonza,Rural,Ordinary HH,First,,,,,No problems,No other problem,,Solar lighting system,Yes,International brands,Yes,3,No,,,,,Yes,Don't have appliances,,,,,Yes,,Solar Lighting product,888,No,4,02,Paid,75000,Yes,No,4,,Other technician,568601905,,
286,21,1101.067,Eastern Province,Kayonza,Rural,Ordinary HH,First,,,,,"Other, specify","Other, specify",They cut it,Solar home system,Yes,International brands,Yes,1,Yes,Yes,,,,,Have appliances,,,,,,,Solar Home System,55,Yes,3,01,Paid,68000,Yes,Yes,4,,Reseller,568602105,,
287,8,266.4957594,Eastern Province,Kirehe,Rural,Ordinary HH,First,,,,,Maintenance and availability of spare parts,Recurrent cost related to solar device is too expensive,,Solar lighting system,Yes,International brands,Yes,2,No,,,,,Yes,Don't have appliances,,,,,Yes,,Solar Lighting product,17,No,5,02,Paid,96000,Yes,No,4,No,Reseller,578700805,,
287,9,266.4957594,Eastern Province,Kirehe,Rural,Ordinary HH,First,,,,,Battery problems,No other problem,,Solar home system,Yes,International brands,No,3,No,Yes,,,,,Have appliances,,,,,,,Solar Home System,888,No,3,0102,Paid,30000,Yes,No,3,No,Reseller,578700905,,
288,2,23.35531646,Eastern Province,Kirehe,Urban,Ordinary HH,First,,,,,No problems,No other problem,,Solar home system,Yes,International brands,Yes,3,Yes,Yes,,,,,Have appliances,,,,,,,Solar Home System,50,No,1,01,Paid,95000,Yes,Yes,4,,Reseller,578800205,,
288,4,23.35531646,Eastern Province,Kirehe,Urban,Ordinary HH,First,,,,,Breaks down too often,Cannot power large appliances,,Solar home system,Yes,International brands,Yes,5,No,Yes,,,,,Have appliances,,,,,,,Solar Home System,55,No,6,0102,Paid,740000,Yes,Yes,15,No,Reseller,578800405,,
288,6,23.35531646,Eastern Province,Kirehe,Urban,Ordinary HH,First,,,,,Recurrent cost related to solar device is too expensive,Duration of service too short,,Solar lighting system,Yes,International brands,Yes,3,Yes,Yes,,,,,Have appliances,,,,,,,Solar Home System,888,No,3,01,Paid,700000,Yes,Yes,18,,Reseller,578800605,,
288,9,23.35531646,Eastern Province,Kirehe,Urban,Ordinary HH,First,,,,,Duration of service too short,Cannot power large appliances,,Solar home system,Yes,International brands,No,1,No,,,,,Yes,Don't have appliances,,,,,Yes,,Solar Lantern,,,1,01,Paid,9000,Yes,No,1,,Relative/friend,578800905,,
289,2,1183.564,Eastern Province,Kirehe,Rural,Ordinary HH,First,,,Local private organizations (NGO),,Quality of light,No other problem,,Solar lighting system,Yes,International brands,Yes,3,Yes,,,,,Yes,Don't have appliances,,,,,Yes,,Solar Lighting product,12,No,1,01,For free,,,No,4,,Reseller,578900205,,
289,3,1183.564,Eastern Province,Kirehe,Rural,Ordinary HH,First,,,Local government,,No problems,No other problem,,Solar lighting system,Yes,International brands,Yes,3,Yes,,,,Yes,,Have appliances,,,,,,,Solar Home System,888,No,1,01,For free,,,Yes,2,,Reseller,578900305,,
289,6,1183.564,Eastern Province,Kirehe,Rural,Ordinary HH,First,,,,,Battery problems,Duration of service too short,,Solar home system,Yes,International brands,Yes,2,No,,,,,Yes,Don't have appliances,,,,,Yes,,Solar Lighting product,888,No,5,01,Paid,70000,Yes,Yes,4,No,Reseller,578900605,,
289,10,1183.564,Eastern Province,Kirehe,Rural,Ordinary HH,First,,,,,No problems,No other problem,,Solar lighting system,Yes,International brands,Yes,4,Yes,,,,Yes,,Have appliances,,,,,,,Solar Home System,888,No,7,03,Paid,5000,Yes,Yes,24,,Reseller,578901005,,
289,11,1183.564,Eastern Province,Kirehe,Rural,Ordinary HH,First,,,Humanitarian agencies,,No problems,No other problem,,Solar home system,Yes,International brands,Yes,3,Yes,,,,,Yes,Don't have appliances,,,,,Yes,,Solar Lighting product,888,No,1,01,For free,,,Yes,2,,Reseller,578901105,,
289,16,1183.564,Eastern Province,Kirehe,Rural,Ordinary HH,First,,,Local government,,No problems,No other problem,,Solar lighting system,Yes,International brands,Yes,3,Yes,,,,,Yes,Don't have appliances,,,,,Yes,,Solar Lighting product,10,No,1,0102,For free,,,Yes,24,,Reseller,578901605,,
290,8,14.10501821,Eastern Province,Kirehe,Rural,HH Surrounding Camp,First,,,,,No problems,No other problem,,Solar lighting system,Yes,International brands,Yes,3,Yes,,,,,Yes,Don't have appliances,,,,,Yes,,Solar Lighting product,10,No,3,0102,Paid,40000,No,Yes,24,,Reseller,579000805,,
291,7,59.85516391,Eastern Province,Kirehe,Rural,HH Surrounding Camp,First,Yes,Telephone,,,Duration of service too short,Recurrent cost related to solar device is too expensive,,Solar lantern,Yes,International brands,Yes,3,No,,,,,,Have appliances,,,,,,,Solar Lighting product,888,No,3,0102,Paid,75000,Yes,Yes,3,,"Other, specify",579100705,,
291,7,59.85516391,Eastern Province,Kirehe,Rural,HH Surrounding Camp,second,,,,,Recurrent cost related to solar device is too expensive,Duration of service too short,,Solar lantern,No,International brands,Yes,1,No,,,,,Yes,Don't have appliances,,,,,Yes,,Solar Lighting product,888,No,3,0102,Paid,75000,Yes,Yes,3,,"Other, specify",579100705,,
291,11,59.21156,Eastern Province,Kirehe,Rural,HH Surrounding Camp,third,,,,,Duration of service too short,Recurrent cost related to solar device is too expensive,,Solar lantern,No,International brands,Yes,1,Yes,,,,,Yes,Don't have appliances,,,,,Yes,,Solar Lighting product,12,No,1,01,Paid,3800,Yes,No,6,,Reseller,579101105,,
291,11,59.21156,Eastern Province,Kirehe,Rural,HH Surrounding Camp,First,,,,,Recurrent cost related to solar device is too expensive,Duration of service too short,,Solar lantern,Yes,International brands,Yes,1,Yes,,,,,Yes,Don't have appliances,,,,,Yes,,Solar Lighting product,12,No,1,01,Paid,3800,Yes,No,6,,Reseller,579101105,,
291,11,59.21156,Eastern Province,Kirehe,Rural,HH Surrounding Camp,second,,,,,Duration of service too short,Recurrent cost related to solar device is too expensive,,Solar lantern,No,International brands,Yes,3,Yes,Yes,,Yes,,,Have appliances,,,,,,,Solar Home System,888,No,1,01,Paid,3800,Yes,No,6,,Reseller,579101105,,
291,21,59.21156,Eastern Province,Kirehe,Rural,HH Surrounding Camp,First,,,,,Recurrent cost related to solar device is too expensive,Cannot power large appliances,,Solar lighting system,Yes,International brands,Yes,3,Yes,,,,,Yes,Don't have appliances,,,,,Yes,,Solar Lighting product,888,No,2,0102,Paid,74000,Yes,No,12,,Other technician,579102105,,
291,21,59.21156,Eastern Province,Kirehe,Rural,HH Surrounding Camp,second,,,,,Recurrent cost related to solar device is too expensive,Cannot power large appliances,,Solar home system,No,International brands,Yes,3,No,,,,,Yes,Don't have appliances,,,,,Yes,,Solar Lighting product,888,No,2,0102,Paid,74000,Yes,No,12,,Reseller,579102105,,
293,13,44.492,Eastern Province,Kirehe,Rural,HH Surrounding Camp,First,,,,,Duration of service too short,Recurrent cost related to solar device is too expensive,,Solar lighting system,Yes,International brands,Yes,3,No,,,,,Yes,Don't have appliances,,,,,Yes,,Solar Lighting product,12,No,1,01,Paid,80000,Yes,No,3,,Reseller,579301305,,
293,13,44.492,Eastern Province,Kirehe,Rural,HH Surrounding Camp,second,,,,,Duration of service too short,Recurrent cost related to solar device is too expensive,,Solar lighting system,No,International brands,Yes,3,Yes,,,,,Yes,Don't have appliances,,,,,Yes,,Solar Lighting product,12,No,1,01,Paid,80000,Yes,No,3,,Reseller,579301305,,
294,6,630.286,Eastern Province,Kirehe,Rural,Ordinary HH,First,,,,,Cannot power large appliances,Recurrent cost related to solar device is too expensive,,Solar lantern,No,International brands,Yes,1,No,,,,,Yes,Don't have appliances,,,,,Yes,,Solar Lighting product,6,Yes,1,0102,Paid,5000,Yes,Yes,Don't know,,"Other, specify",579400605,,
294,6,630.286,Eastern Province,Kirehe,Rural,Ordinary HH,second,,,,,Recurrent cost related to solar device is too expensive,Duration of service too short,,Solar lantern,Yes,International brands,Yes,1,No,,,,,Yes,Don't have appliances,,,,,Yes,,Solar Lighting product,6,No,1,0102,Paid,5000,Yes,Yes,12,,"Other, specify",579400605,,
296,6,7.959126882,Eastern Province,Kirehe,Rural,HH Surrounding Camp,First,,,,,Breaks down too often,Quality of light,,Solar lighting system,No,International brands,Yes,3,No,,,,,Yes,Don't have appliances,,,,,Yes,,Solar Lighting product,888,No,2,01,Paid,2000,Yes,No,3,,Other technician,579600605,,
296,6,7.959126882,Eastern Province,Kirehe,Rural,HH Surrounding Camp,second,,,,,Quality of light,Duration of service too short,,Solar lantern,Yes,International brands,Yes,1,No,,,,,Yes,Don't have appliances,,,,,Yes,,Solar Lighting product,888,No,2,01,Paid,2000,Yes,No,3,No,Relative/friend,579600605,,
296,17,67.2908,Eastern Province,Kirehe,Rural,HH Surrounding Camp,First,,,Local government,,Maintenance and availability of spare parts,Cannot power large appliances,,Solar lighting system,Yes,International brands,No,3,No,,,,,Yes,Don't have appliances,,,,,Yes,,Solar Lighting product,8,No,6,0102,For free,,,No,7,No,"Other, specify",579601705,,
297,1,54.53061423,Eastern Province,Kirehe,Rural,HH Surrounding Camp,First,,,,,No problems,No other problem,,Solar home system,Yes,International brands,Yes,4,No,Yes,,,,,Have appliances,,,,,,,Solar Home System,888,Yes,3,02,Paid,130000,Yes,No,3,,Reseller,579700105,,
298,8,579.3529762,Eastern Province,Kirehe,Rural,Ordinary HH,second,,,,,Recurrent cost related to solar device is too expensive,Duration of service too short,,Solar lighting system,Yes,International brands,Yes,2,No,,,,,Yes,Don't have appliances,,,,,Yes,,Solar Lighting product,17,No,3,01,Paid,80000,Yes,No,3,,Other technician,579800805,,
298,8,579.3529762,Eastern Province,Kirehe,Rural,Ordinary HH,First,,,,,Duration of service too short,Recurrent cost related to solar device is too expensive,,Solar lighting system,No,International brands,Yes,2,No,,,,,Yes,Don't have appliances,,,,,Yes,,Solar Lighting product,17,No,3,01,Paid,80000,Yes,No,3,,Other technician,579800805,,
299,2,,Eastern Province,Kirehe,Rural,Refugee HH,First,,,Humanitarian agencies,,Duration of service too short,Breaks down too often,,Solar lantern,Yes,International brands,No,1,No,,,,,Yes,Don't have appliances,,,,,Yes,,Solar Lantern,,,4,01,For free,,,No,3,No,Relative/friend,579900205,Mahama Camp,106.0342484
299,3,,Eastern Province,Kirehe,Rural,Refugee HH,First,Yes,Telephone,,,Breaks down too often,Cannot power large appliances,,Solar lantern,Yes,International brands,Yes,1,No,,,,,,Have appliances,,,,,,,Solar Lantern,,,3,02,Paid,10000,No,No,12,No,Other technician,579900305,Mahama Camp,106.0342484
299,7,,Eastern Province,Kirehe,Rural,Refugee HH,First,,,Local private organizations (NGO),,Breaks down too often,No other problem,,Solar lantern,Yes,International brands,No,1,No,,,,,Yes,Don't have appliances,,,,,Yes,,Solar Lantern,,,3,01,For free,,,No,3,Yes,Owner,579900705,Mahama Camp,106.0342484
299,10,,Eastern Province,Kirehe,Rural,Refugee HH,First,,,Local private organizations (NGO),,Breaks down too often,No other problem,,Solar lantern,Yes,International brands,No,1,No,,,,,Yes,Don't have appliances,,,,,Yes,,Solar Lantern,,,3,01,For free,,,No,3,No,Owner,579901005,Mahama Camp,106.0342484
299,11,,Eastern Province,Kirehe,Rural,Refugee HH,First,Yes,No place to connect on it,Local private organizations (NGO),,No problems,No other problem,,Solar home system,Yes,International brands,Yes,3,Yes,,,,,,Have appliances,,,,,,,Solar Lighting product,12,No,3,01,For free,,,No,5,,Other technician,579901105,Mahama Camp,106.0342484
299,16,,Eastern Province,Kirehe,Rural,Refugee HH,First,,,,,Cannot power large appliances,Breaks down too often,,Solar lantern,Yes,International brands,No,1,No,,,,,Yes,Don't have appliances,,,,,Yes,,Solar Lantern,,,1,02,Paid,9000,No,No,3,No,Owner,579901605,Mahama Camp,106.0342484
300,1,,Eastern Province,Kirehe,Rural,Refugee HH,third,,,,,No problems,No other problem,,Solar home system,No,International brands,Yes,3,No,,,,,Yes,Don't have appliances,,,,,Yes,,Solar Lighting product,10,No,3,02,Paid,130000,No,No,24,,Owner,580000105,Mahama Camp,106.0342484
300,1,,Eastern Province,Kirehe,Rural,Refugee HH,First,,,,,No problems,No other problem,,Solar lantern,Yes,International brands,Yes,1,No,,,,,Yes,Don't have appliances,,,,,Yes,,Solar Lighting product,10,No,3,01,Paid,5000,Yes,No,24,,Owner,580000105,Mahama Camp,106.0342484
300,1,,Eastern Province,Kirehe,Rural,Refugee HH,second,,,,,No problems,No other problem,,Solar lighting system,No,International brands,Yes,3,No,,,,,Yes,Don't have appliances,,,,,Yes,,Solar Lighting product,10,No,3,02,Paid,5000,Yes,No,24,,Owner,580000105,Mahama Camp,106.0342484
300,2,,Eastern Province,Kirehe,Rural,Refugee HH,First,,,,,No problems,No other problem,,Solar lantern,Yes,International brands,No,1,No,,,,,Yes,Don't have appliances,,,,,Yes,,Solar Lantern,,,1,01,Paid,10000,No,No,4,,Owner,580000205,Mahama Camp,106.0342484
300,3,,Eastern Province,Kirehe,Rural,Refugee HH,second,,,,,No problems,No other problem,,Solar lighting system,No,International brands,Yes,3,Yes,,,,,Yes,Don't have appliances,,,,,Yes,,Solar Lighting product,17,No,1,01,Paid,5000,Yes,No,3,,Other technician,580000305,Mahama Camp,106.0342484
300,3,,Eastern Province,Kirehe,Rural,Refugee HH,third,,,,,No problems,No other problem,,Solar lantern,Yes,International brands,Yes,1,Yes,,,,,Yes,Don't have appliances,,,,,Yes,,Solar Lighting product,17,No,1,01,Paid,5000,Yes,No,12,,Other technician,580000305,Mahama Camp,106.0342484
300,3,,Eastern Province,Kirehe,Rural,Refugee HH,First,,,,,No problems,No other problem,,Solar home system,No,International brands,Yes,3,No,,,,,Yes,Don't have appliances,,,,,Yes,,Solar Lighting product,17,No,1,01,Paid,5000,Yes,No,12,,Other technician,580000305,Mahama Camp,106.0342484
300,4,,Eastern Province,Kirehe,Rural,Refugee HH,First,,,Local private organizations (NGO),,Duration of service too short,Breaks down too often,,Solar lantern,Yes,International brands,Yes,1,No,,,,,Yes,Don't have appliances,,,,,Yes,,Solar Lighting product,50,No,2,01,For free,,,No,1,No,Owner,580000405,Mahama Camp,106.0342484
300,14,,Eastern Province,Kirehe,Rural,Refugee HH,First,,,,,Duration of service too short,Recurrent cost related to solar device is too expensive,,Solar home system,No,International brands,Yes,3,No,,,,,Yes,Don't have appliances,,,,,Yes,,Solar Lighting product,17,No,1,01,Paid,45000,Yes,No,4,,Reseller,580001405,Mahama Camp,106.0342484
300,14,,Eastern Province,Kirehe,Rural,Refugee HH,second,,,,,Duration of service too short,Recurrent cost related to solar device is too expensive,,Solar home system,Yes,International brands,Yes,2,No,,,,,Yes,Don't have appliances,,,,,Yes,,Solar Lighting product,17,No,1,01,Paid,45000,Yes,No,4,,Owner,580001405,Mahama Camp,106.0342484
300,15,,Eastern Province,Kirehe,Rural,Refugee HH,First,,,,,Duration of service too short,Recurrent cost related to solar device is too expensive,,Solar home system,No,International brands,Yes,3,No,,,,,Yes,Don't have appliances,,,,,Yes,,Solar Lighting product,17,No,1,01,Paid,45000,Yes,No,3,,Reseller,580001505,Mahama Camp,106.0342484
300,15,,Eastern Province,Kirehe,Rural,Refugee HH,second,,,,,Duration of service too short,Recurrent cost related to solar device is too expensive,,Solar home system,Yes,International brands,Yes,3,No,,,,,Yes,Don't have appliances,,,,,Yes,,Solar Lighting product,17,No,1,01,Paid,45000,Yes,No,3,,Reseller,580001505,Mahama Camp,106.0342484
300,17,,Eastern Province,Kirehe,Rural,Refugee HH,First,Yes,No one,Local private organizations (NGO),,No problems,No other problem,,Solar lantern,Yes,International brands,No,1,Yes,,,,,,Have appliances,,,,,,,Solar Lantern,,,4,01,For free,,,No,3,,Other technician,580001705,Mahama Camp,106.0342484
301,2,,Eastern Province,Kirehe,Rural,Refugee HH,First,,,,,No problems,No other problem,,Solar lantern,Yes,International brands,Yes,1,Yes,,,,,Yes,Don't have appliances,,,,,Yes,,Solar Lighting product,17,No,1,01,Paid,2600,Yes,No,15,,Other technician,580100205,Mahama Camp,106.0342484
301,2,,Eastern Province,Kirehe,Rural,Refugee HH,second,,,,,No problems,No other problem,,Solar lighting system,No,International brands,Yes,3,Yes,,,,,Yes,Don't have appliances,,,,,Yes,,Solar Lighting product,17,No,1,01,Paid,2600,Yes,No,15,,Other technician,580100205,Mahama Camp,106.0342484
301,3,,Eastern Province,Kirehe,Rural,Refugee HH,First,,,,,Breaks down too often,Recurrent cost related to solar device is too expensive,,Solar lantern,Yes,International brands,Yes,1,No,,,,,Yes,Don't have appliances,,,,,Yes,,Solar Lighting product,888,No,1,01,Paid,2600,Yes,No,8,Yes,Reseller,580100305,Mahama Camp,106.0342484
301,6,,Eastern Province,Kirehe,Rural,Refugee HH,second,,,,,Cannot power large appliances,Recurrent cost related to solar device is too expensive,,Solar home system,No,International brands,Yes,6,No,,,,,Yes,Don't have appliances,,,,,Yes,,Solar Lighting product,6,No,3,01,Paid,8000,No,No,6,,Reseller,580100605,Mahama Camp,106.0342484
301,6,,Eastern Province,Kirehe,Rural,Refugee HH,First,,,,,Recurrent cost related to solar device is too expensive,Cannot power large appliances,,Solar home system,Yes,International brands,Yes,1,No,,,,,Yes,Don't have appliances,,,,,Yes,,Solar Lantern,,,3,01,Paid,8000,No,No,6,,Other technician,580100605,Mahama Camp,106.0342484
301,10,,Eastern Province,Kirehe,Rural,Refugee HH,First,,,,,Duration of service too short,Recurrent cost related to solar device is too expensive,,Solar home system,Yes,International brands,Yes,1,No,,,,,Yes,Don't have appliances,,,,,Yes,,Solar Lantern,,,1,01,Paid,30000,No,No,1,,Other technician,580101005,Mahama Camp,106.0342484
301,11,,Eastern Province,Kirehe,Rural,Refugee HH,First,Yes,RADIO,,,Breaks down too often,Cannot power large appliances,,Solar lighting system,Yes,International brands,No,3,No,,,,,,Have appliances,,,,,,,Solar Lighting product,17,No,1,01,Paid,10000,Yes,Yes,24,Yes,Reseller,580101105,Mahama Camp,106.0342484
301,12,,Eastern Province,Kirehe,Rural,Refugee HH,First,,,,,Duration of service too short,Cannot power large appliances,,Solar lantern,Yes,International brands,No,1,No,,,,,Yes,Don't have appliances,,,,,Yes,,Solar Lantern,,,1,01,Paid,7000,No,No,4,,"Other, specify",580101205,Mahama Camp,106.0342484
301,14,,Eastern Province,Kirehe,Rural,Refugee HH,First,Yes,Telephone,,,Cannot power large appliances,"Other, specify",A few lamps,Solar lantern,Yes,International brands,Yes,1,No,,,,,,Have appliances,,,,,,,Solar Lantern,,,1,01,Paid,8000,No,No,12,,Reseller,580101405,Mahama Camp,106.0342484
301,16,,Eastern Province,Kirehe,Rural,Refugee HH,second,Yes,No place to connect on it,Local private organizations (NGO),,No problems,No other problem,,Solar home system,No,International brands,No,1,No,,,,,,Have appliances,,,,,,,Solar Lantern,,,2,01,For free,,,No,Don't know,,"Other, specify",580101605,Mahama Camp,106.0342484
301,16,,Eastern Province,Kirehe,Rural,Refugee HH,third,,,Local private organizations (NGO),,No problems,No other problem,,Solar lantern,No,International brands,No,1,No,,,,,Yes,Don't have appliances,,,,,Yes,,Solar Lantern,,,2,01,For free,,,No,Don't know,,"Other, specify",580101605,Mahama Camp,106.0342484
301,16,,Eastern Province,Kirehe,Rural,Refugee HH,First,,,,,No problems,No other problem,,Solar lantern,Yes,International brands,Yes,1,Yes,,,,,Yes,Don't have appliances,,,,,Yes,,Solar Lantern,,,1,01,Paid,5000,No,No,Don't know,,"Other, specify",580101605,Mahama Camp,106.0342484
302,1,,Eastern Province,Kirehe,Rural,Refugee HH,First,,,Local private organizations (NGO),,Cannot power large appliances,Breaks down too often,,Solar lighting system,Yes,International brands,No,2,No,,,,,Yes,Don't have appliances,,,,,Yes,,Solar Lighting product,17,No,2,02,For free,,,No,6,No,Owner,580200105,Mahama Camp,106.0342484
302,2,,Eastern Province,Kirehe,Rural,Refugee HH,First,Yes,RADIO and telePhone,Local private organizations (NGO),,Cannot power large appliances,Breaks down too often,,Solar lighting system,Yes,International brands,Yes,2,Yes,,,,,,Have appliances,,,,,,,Solar Lighting product,17,No,4,02,For free,,,Yes,24,Yes,Owner,580200205,Mahama Camp,106.0342484
302,11,,Eastern Province,Kirehe,Rural,Refugee HH,First,,,,,Cannot power large appliances,Breaks down too often,,Solar lantern,Yes,International brands,No,1,No,,,,,Yes,Don't have appliances,,,,,Yes,,Solar Lantern,,,1,01,Paid,4000,Yes,No,3,No,Owner,580201105,Mahama Camp,106.0342484
302,16,,Eastern Province,Kirehe,Rural,Refugee HH,First,,,,,Duration of service too short,Breaks down too often,,Solar lantern,Yes,International brands,No,1,No,,,,,Yes,Don't have appliances,,,,,Yes,,Solar Lantern,,,2,01,Paid,6000,No,No,3,No,Owner,580201605,Mahama Camp,106.0342484
302,18,,Eastern Province,Kirehe,Rural,Refugee HH,First,,,,,No problems,No other problem,,Solar lighting system,Yes,International brands,Yes,3,Yes,Yes,,,Yes,,Have appliances,,,,,,,Solar Home System,888,No,2,02,Paid,200000,Yes,Yes,15,,Owner,580201805,Mahama Camp,106.0342484
303,3,,Eastern Province,Kirehe,Rural,Refugee HH,First,,,Local private organizations (NGO),,Duration of service too short,Cannot power large appliances,,Solar home system,Yes,International brands,No,1,No,,,,,Yes,Don't have appliances,,,,,Yes,,Solar Lantern,,,4,0102,For free,,,No,3,,Owner,580300305,Mahama Camp,106.0342484
303,4,,Eastern Province,Kirehe,Rural,Refugee HH,First,,,,,Duration of service too short,Recurrent cost related to solar device is too expensive,,Solar home system,No,International brands,Yes,1,No,,,,,Yes,Don't have appliances,,,,,Yes,,Solar Lantern,,,3,01,Paid,139200,Yes,No,4,,Reseller,580300405,Mahama Camp,106.0342484
303,4,,Eastern Province,Kirehe,Rural,Refugee HH,second,,,,,Duration of service too short,Recurrent cost related to solar device is too expensive,,Solar home system,Yes,International brands,Yes,1,No,,,,,Yes,Don't have appliances,,,,,Yes,,Solar Lantern,,,3,01,Paid,139200,Yes,No,4,,Other technician,580300405,Mahama Camp,106.0342484
303,7,,Eastern Province,Kirehe,Rural,Refugee HH,First,,,Local private organizations (NGO),,No problems,No other problem,,Solar home system,Yes,International brands,No,1,No,,,,,Yes,Don't have appliances,,,,,Yes,,Solar Lantern,,,3,01,For free,,,No,12,,Owner,580300705,Mahama Camp,106.0342484
303,10,,Eastern Province,Kirehe,Rural,Refugee HH,First,,,Local private organizations (NGO),,Duration of service too short,Quality of light,,Solar lantern,Yes,International brands,No,1,No,,,,,Yes,Don't have appliances,,,,,Yes,,Solar Lantern,,,4,02,For free,,,No,5,,Owner,580301005,Mahama Camp,106.0342484
303,13,,Eastern Province,Kirehe,Rural,Refugee HH,First,,,Local private organizations (NGO),,Breaks down too often,Duration of service too short,,Solar lantern,Yes,International brands,No,1,No,,,,,Yes,Don't have appliances,,,,,Yes,,Solar Lantern,,,3,01,For free,,,No,4,Yes,Owner,580301305,Mahama Camp,106.0342484
303,14,,Eastern Province,Kirehe,Rural,Refugee HH,First,,,,,No problems,No other problem,,Solar lantern,Yes,International brands,No,1,No,,,,,Yes,Don't have appliances,,,,,Yes,,Solar Lantern,,,1,01,Paid,10000,No,No,12,,Owner,580301405,Mahama Camp,106.0342484
303,15,,Eastern Province,Kirehe,Rural,Refugee HH,First,,,,,No problems,No other problem,,Solar lantern,Yes,International brands,No,1,No,,,,,Yes,Don't have appliances,,,,,Yes,,Solar Lantern,,,1,02,Paid,9000,No,No,12,,Owner,580301505,Mahama Camp,106.0342484
304,11,,Eastern Province,Kirehe,Rural,Refugee HH,First,,,,,No problems,No other problem,,Solar home system,Yes,International brands,No,3,No,,,,,Yes,Don't have appliances,,,,,Yes,,Solar Home System,888,No,1,01,Paid,30000,No,No,4,,Other technician,580401105,Mahama Camp,106.0342484
304,13,,Eastern Province,Kirehe,Rural,Refugee HH,First,,,,,Breaks down too often,Cannot power large appliances,,Solar lantern,Yes,International brands,No,1,No,,,,,Yes,Don't have appliances,,,,,Yes,,Solar Lantern,,,1,01,Paid,6000,Yes,No,3,No,Owner,580401305,Mahama Camp,106.0342484
304,16,,Eastern Province,Kirehe,Rural,Refugee HH,First,,,Local private organizations (NGO),,Cannot power large appliances,Breaks down too often,,Solar lantern,Yes,International brands,No,1,No,,,,,Yes,Don't have appliances,,,,,Yes,,Solar Lantern,,,2,02,For free,,,No,6,Yes,Owner,580401605,Mahama Camp,106.0342484
304,18,,Eastern Province,Kirehe,Rural,Refugee HH,First,,,Local private organizations (NGO),,Breaks down too often,Quality of light,,Solar lantern,Yes,International brands,No,1,No,,,,,Yes,Don't have appliances,,,,,Yes,,Solar Lantern,,,2,02,For free,,,No,3,No,Owner,580401805,Mahama Camp,106.0342484
305,1,,Eastern Province,Kirehe,Rural,Refugee HH,First,,,Local private organizations (NGO),,Cannot power large appliances,Breaks down too often,,Solar lantern,Yes,International brands,Yes,1,No,,,,,Yes,Don't have appliances,,,,,Yes,,Solar Lantern,,,4,01,For free,,,No,24,Yes,Other technician,580500105,Mahama Camp,106.0342484
305,6,,Eastern Province,Kirehe,Rural,Refugee HH,First,Yes,Electric lamp,,,Quality of light,Duration of service too short,,Solar home system,Yes,International brands,No,3,No,,,,,,Have appliances,,,,,,,Solar Home System,888,No,3,0102,Paid,93600,Yes,No,4,,Reseller,580500605,Mahama Camp,106.0342484
305,9,,Eastern Province,Kirehe,Rural,Refugee HH,First,,,,,Duration of service too short,Cannot power large appliances,,Solar home system,Yes,International brands,Yes,3,No,,,,,Yes,Don't have appliances,,,,,Yes,,Solar Lighting product,17,No,2,0102,Paid,93600,Yes,No,5,,Owner,580500905,Mahama Camp,106.0342484
305,9,,Eastern Province,Kirehe,Rural,Refugee HH,second,,,,,Cannot power large appliances,Duration of service too short,,Solar home system,No,International brands,Yes,3,No,,,,,Yes,Don't have appliances,,,,,Yes,,Solar Lighting product,17,No,2,0102,Paid,93600,Yes,No,5,,Owner,580500905,Mahama Camp,106.0342484
305,10,,Eastern Province,Kirehe,Rural,Refugee HH,First,,,Local private organizations (NGO),,Duration of service too short,No other problem,,Solar lantern,Yes,International brands,No,1,No,,,,,Yes,Don't have appliances,,,,,Yes,,Solar Lantern,,,1,02,For free,,,No,4,,Owner,580501005,Mahama Camp,106.0342484
305,11,,Eastern Province,Kirehe,Rural,Refugee HH,First,,,,,No problems,No other problem,,Solar lighting system,Yes,International brands,Yes,3,No,,,,,Yes,Don't have appliances,,,,,Yes,,Solar Lighting product,12,No,1,02,Paid,93600,Yes,Yes,15,,Relative/friend,580501105,Mahama Camp,106.0342484
305,12,,Eastern Province,Kirehe,Rural,Refugee HH,First,Yes,Telephone,,,Cannot power large appliances,Battery problems,,Solar lighting system,Yes,International brands,Yes,3,No,,,,,,Have appliances,,,,,,,Solar Lighting product,17,No,3,0102,Paid,104400,Yes,Yes,13,No,Reseller,580501205,Mahama Camp,106.0342484
305,16,,Eastern Province,Kirehe,Rural,Refugee HH,First,,,,,Breaks down too often,Cannot power large appliances,,Solar lighting system,Yes,International brands,Yes,3,No,,,,,Yes,Don't have appliances,,,,,Yes,,Solar Lighting product,888,No,3,02,Paid,10000,No,No,6,No,Owner,580501605,Mahama Camp,106.0342484
305,17,,Eastern Province,Kirehe,Rural,Refugee HH,First,,,,,Breaks down too often,Cannot power large appliances,,Solar lighting system,Yes,International brands,Yes,3,Yes,Yes,,,Yes,,Have appliances,,,,,,,Solar Home System,888,No,3,01,Paid,139200,Yes,No,6,No,Reseller,580501705,Mahama Camp,106.0342484
305,18,,Eastern Province,Kirehe,Rural,Refugee HH,First,,,Relative/Friend,,Duration of service too short,Breaks down too often,,Solar lantern,Yes,International brands,No,1,No,,,,,Yes,Don't have appliances,,,,,Yes,,Solar Lantern,,,2,01,For free,,,No,6,No,Owner,580501805,Mahama Camp,106.0342484
306,2,,Eastern Province,Kirehe,Rural,Refugee HH,First,,,,,Breaks down too often,Duration of service too short,,Solar lantern,Yes,International brands,No,1,No,,,,,Yes,Don't have appliances,,,,,Yes,,Solar Lantern,,,1,01,Paid,3000,No,No,2,Yes,Owner,580600205,Mahama Camp,106.0342484
306,3,,Eastern Province,Kirehe,Rural,Refugee HH,second,,,,,No problems,No other problem,,Solar lighting system,No,International brands,Yes,3,Yes,,,,,Yes,Don't have appliances,,,,,Yes,,Solar Lighting product,17,Yes,1,01,Paid,15900,Yes,No,12,,Other technician,580600305,Mahama Camp,106.0342484
306,3,,Eastern Province,Kirehe,Rural,Refugee HH,First,,,,,No problems,No other problem,,Solar lantern,Yes,International brands,Yes,1,Yes,,,,,Yes,Don't have appliances,,,,,Yes,,Solar Lighting product,17,Yes,1,01,Paid,15900,Yes,No,12,,Other technician,580600305,Mahama Camp,106.0342484
306,4,,Eastern Province,Kirehe,Rural,Refugee HH,First,,,,,Quality of light,Duration of service too short,,Solar lantern,Yes,International brands,No,1,No,,,,,Yes,Don't have appliances,,,,,Yes,,Solar Lantern,,,5,02,Paid,7000,No,No,3,,Owner,580600405,Mahama Camp,106.0342484
306,6,,Eastern Province,Kirehe,Rural,Refugee HH,First,,,,,Breaks down too often,Duration of service too short,,Solar lighting system,No,International brands,Yes,3,Yes,,,,,Yes,Don't have appliances,,,,,Yes,,Solar Lighting product,50,Yes,2,01,Paid,15900,Yes,No,3,No,Reseller,580600605,Mahama Camp,106.0342484
306,6,,Eastern Province,Kirehe,Rural,Refugee HH,second,,,,,Duration of service too short,Breaks down too often,,Solar lantern,Yes,International brands,Yes,1,Yes,,,,,Yes,Don't have appliances,,,,,Yes,,Solar Lighting product,50,Yes,2,01,Paid,15900,Yes,No,3,No,Reseller,580600605,Mahama Camp,106.0342484
306,14,,Eastern Province,Kirehe,Rural,Refugee HH,First,,,,,Breaks down too often,Cannot power large appliances,,Solar lighting system,Yes,International brands,Yes,3,Yes,,,,Yes,,Have appliances,,,,,,,Solar Home System,888,No,2,01,Paid,93600,Yes,Yes,12,Yes,Reseller,580601405,Mahama Camp,106.0342484
307,2,,Eastern Province,Kirehe,Rural,Refugee HH,First,Yes,RADIO,,,No problems,No other problem,,Solar home system,Yes,International brands,Yes,1,Yes,,,,,,Have appliances,,,,,,,Solar Home System,888,No,1,01,Paid,15000,No,Yes,Don't know,,Relative/friend,580700205,Mahama Camp,106.0342484
307,9,,Eastern Province,Kirehe,Rural,Refugee HH,First,,,Local private organizations (NGO),,Cannot power large appliances,Duration of service too short,,Solar lantern,Yes,International brands,Yes,1,No,,,,,Yes,Don't have appliances,,,,,Yes,,Solar Lantern,,,4,01,For free,,,No,4,,Owner,580700905,Mahama Camp,106.0342484
307,10,,Eastern Province,Kirehe,Rural,Refugee HH,First,,,Local private organizations (NGO),,Duration of service too short,No other problem,,Solar lantern,Yes,International brands,No,1,No,,,,,Yes,Don't have appliances,,,,,Yes,,Solar Lantern,,,1,01,For free,,,No,3,,Owner,580701005,Mahama Camp,106.0342484
307,11,,Eastern Province,Kirehe,Rural,Refugee HH,First,,,,,Duration of service too short,Quality of light,,Solar home system,Yes,International brands,Yes,3,Yes,Yes,,,Yes,,Have appliances,,,,,,,Solar Home System,888,No,2,01,Paid,30000,Yes,No,6,,Owner,580701105,Mahama Camp,106.0342484
307,12,,Eastern Province,Kirehe,Rural,Refugee HH,First,,,Local private organizations (NGO),,Cannot power large appliances,Breaks down too often,,Solar lantern,Yes,International brands,No,1,No,,,,,Yes,Don't have appliances,,,,,Yes,,Solar Lantern,,,2,02,For free,,,No,3,Yes,Owner,580701205,Mahama Camp,106.0342484
308,1,1039.469,Eastern Province,Ngoma,Rural,Ordinary HH,First,,,,,Quality of light,No other problem,,Solar home system,Yes,International brands,Yes,4,Yes,Yes,,,,,Have appliances,,,,,,,Solar Home System,60,No,1,01,Paid,4200,Yes,No,24,,Owner,590800105,,
308,4,1039.469,Eastern Province,Ngoma,Rural,Ordinary HH,First,Yes,Electric lamp,,,Quality of light,Duration of service too short,,Solar lantern,Yes,International brands,No,1,No,,,,,,Have appliances,,,,,,,Solar Lantern,,,1,01,Paid,6000,No,No,2,,Owner,590800405,,
308,8,1039.469,Eastern Province,Ngoma,Rural,Ordinary HH,First,,,,,No problems,No other problem,,Solar home system,Yes,International brands,Yes,3,Yes,,,,,Yes,Don't have appliances,,,,,Yes,,Solar Lighting product,40,No,1,01,Paid,3750,Yes,Yes,24,,Other technician,590800805,,
308,9,1039.469,Eastern Province,Ngoma,Rural,Ordinary HH,First,,,,,No problems,No other problem,,Solar lighting system,Yes,International brands,Yes,3,Yes,,,,,Yes,Don't have appliances,,,,,Yes,,Solar Lighting product,888,No,1,01,Paid,30000,No,No,2,,Owner,590800905,,
308,10,1039.469,Eastern Province,Ngoma,Rural,Ordinary HH,First,,,,,No problems,No other problem,,Solar home system,Yes,International brands,No,2,No,Yes,,,,,Have appliances,,,,,,,Solar Home System,888,No,1,01,Paid,3500,Yes,No,3,,Other technician,590801005,,
308,13,1039.469,Eastern Province,Ngoma,Rural,Ordinary HH,First,,,,,Breaks down too often,Duration of service too short,,Solar lantern,Yes,International brands,No,1,No,,,,,Yes,Don't have appliances,,,,,Yes,,Solar Lantern,,,2,01,Paid,3500,Yes,Yes,3,No,Owner,590801305,,
308,14,1039.469,Eastern Province,Ngoma,Rural,Ordinary HH,First,,,,,Quality of light,No other problem,,Solar lantern,Yes,International brands,No,1,No,,,,,Yes,Don't have appliances,,,,,Yes,,Solar Lantern,,,1,01,Paid,2000,No,No,3,,Relative/friend,590801405,,
308,15,1039.469,Eastern Province,Ngoma,Rural,Ordinary HH,second,,,Local private organizations (NGO),,No problems,No other problem,,Solar home system,No,International brands,No,1,Yes,,,,,Yes,Don't have appliances,,,,,Yes,,Solar Lantern,,,1,01,For free,,,No,3,,Reseller,590801505,,
308,15,1039.469,Eastern Province,Ngoma,Rural,Ordinary HH,First,,,,,Quality of light,Cannot power large appliances,,Solar lighting system,Yes,International brands,No,3,No,,,,,Yes,Don't have appliances,,,,,Yes,,Solar Lighting product,40,No,3,01,Paid,65000,Yes,No,3,,Relative/friend,590801505,,
308,17,1039.469,Eastern Province,Ngoma,Rural,Ordinary HH,First,Yes,Electric lamp,,,No problems,No other problem,,Solar lighting system,Yes,International brands,Yes,3,Yes,,,,,,Have appliances,,,,,,,Solar Lighting product,40,No,1,01,Paid,20000,No,No,24,,Owner,590801705,,
308,18,1039.469,Eastern Province,Ngoma,Rural,Ordinary HH,First,Yes,Electric lamp,,,Quality of light,Cannot power large appliances,,Solar lighting system,Yes,International brands,No,1,No,,,,,,Have appliances,,,,,,,Solar Lighting product,888,No,3,01,Paid,15000,Yes,No,2,,Owner,590801805,,
309,1,25.33746977,Eastern Province,Ngoma,Urban,Ordinary HH,First,,,,,No problems,No other problem,,Solar home system,Yes,International brands,Yes,3,No,,,,,Yes,Don't have appliances,,,,,Yes,,Solar Lighting product,50,Yes,1,0102,Paid,50000,No,No,11,,Reseller,590900105,,
310,1,1300.178,Eastern Province,Ngoma,Rural,Ordinary HH,First,,,,,Recurrent cost related to solar device is too expensive,Battery problems,,Solar home system,Yes,International brands,Yes,4,Yes,Yes,,,Yes,,Have appliances,,,,,,,Solar Home System,888,No,5,01,Paid,10800,Yes,Yes,6,No,Reseller,591000105,,
310,2,1300.178,Eastern Province,Ngoma,Rural,Ordinary HH,First,,,Humanitarian agencies,,No problems,No other problem,,Solar home system,Yes,International brands,No,3,Yes,Yes,,,,,Have appliances,,,,,,,Solar Home System,50,No,1,01,For free,,,Yes,3,,Owner,591000205,,
310,4,1300.178,Eastern Province,Ngoma,Rural,Ordinary HH,First,,,,,No problems,No other problem,,Solar home system,Yes,International brands,Yes,3,No,,,,,Yes,Don't have appliances,,,,,Yes,,Solar Lighting product,888,No,4,02,Paid,34000,Yes,Yes,1,,Owner,591000405,,
310,6,1300.178,Eastern Province,Ngoma,Rural,Ordinary HH,First,Yes,Electric lamp,,,No problems,No other problem,,Solar home system,Yes,International brands,Yes,3,Yes,,,,,,Have appliances,,,,,,,Solar Lighting product,60,No,1,0102,Paid,165000,Yes,No,2,,Reseller,591000605,,
310,7,1300.178,Eastern Province,Ngoma,Rural,Ordinary HH,First,,,Relative/Friend,,Duration of service too short,Quality of light,,Solar lighting system,Yes,International brands,No,3,Yes,,,,,Yes,Don't have appliances,,,,,Yes,,Solar Lighting product,888,No,1,01,For free,,,Yes,12,,Other technician,591000705,,
310,9,1300.178,Eastern Province,Ngoma,Rural,Ordinary HH,First,,,,,Duration of service too short,No other problem,,Solar home system,Yes,International brands,Yes,3,No,,,,,Yes,Don't have appliances,,,,,Yes,,Solar Lighting product,888,No,1,01,Paid,6000,Yes,Yes,24,,Owner,591000905,,
310,13,1300.178,Eastern Province,Ngoma,Rural,Ordinary HH,First,,,Local government,,No problems,No other problem,,Solar lighting system,Yes,International brands,Yes,3,Yes,,,,,Yes,Don't have appliances,,,,,Yes,,Solar Lighting product,7,No,1,01,For free,,,No,24,,Owner,591001305,,
310,14,1300.178,Eastern Province,Ngoma,Rural,Ordinary HH,First,,,"Other, specify",We bought it,Quality of light,Recurrent cost related to solar device is too expensive,,Solar lighting system,Yes,International brands,Yes,3,Yes,,,,,Yes,Don't have appliances,,,,,Yes,,Solar Lighting product,12,No,1,01,For free,,,No,24,,Reseller,591001405,,
310,15,1300.178,Eastern Province,Ngoma,Rural,Ordinary HH,First,,,Humanitarian agencies,,Breaks down too often,Battery problems,,Solar home system,Yes,International brands,Yes,3,Yes,Yes,,,,,Have appliances,,,,,,,Solar Home System,50,No,1,01,For free,,,Yes,4,No,Reseller,591001505,,
310,17,1300.178,Eastern Province,Ngoma,Rural,Ordinary HH,First,,,,,Quality of light,Breaks down too often,,Solar lighting system,Yes,International brands,No,2,No,,,,,Yes,Don't have appliances,,,,,Yes,,Solar Lighting product,7,No,4,02,Paid,30000,No,No,3,No,Reseller,591001705,,
311,3,1505.087036,Eastern Province,Ngoma,Rural,Ordinary HH,First,,,,,No problems,No other problem,,Solar lighting system,Yes,International brands,Yes,3,Yes,,,,Yes,,Have appliances,,,,,,,Solar Home System,888,No,1,01,Paid,10500,No,No,24,,Reseller,591100305,,
311,5,1505.087036,Eastern Province,Ngoma,Rural,Ordinary HH,First,,,"Other, specify",The one who gave us electricity,Quality of light,Cannot power large appliances,,Solar lighting system,Yes,International brands,Yes,3,Yes,,,,,Yes,Don't have appliances,,,,,Yes,,Solar Lighting product,888,No,3,01,For free,,,No,4,,Reseller,591100505,,
311,6,1505.087036,Eastern Province,Ngoma,Rural,Ordinary HH,First,,,,,Quality of light,Recurrent cost related to solar device is too expensive,,Solar lighting system,Yes,International brands,Yes,3,Yes,,,,,Yes,Don't have appliances,,,,,Yes,,Solar Lighting product,888,No,2,01,Paid,5800,Yes,No,24,,Reseller,591100605,,
311,7,1505.087036,Eastern Province,Ngoma,Rural,Ordinary HH,First,Yes,Electric lamp,,,Quality of light,No other problem,,Solar lighting system,Yes,International brands,No,3,No,,,,,,Have appliances,,,,,,,Solar Lighting product,10,No,1,01,Paid,91000,No,No,24,,Reseller,591100705,,
311,8,1505.087036,Eastern Province,Ngoma,Rural,Ordinary HH,First,,,,,Quality of light,No other problem,,Solar lighting system,Yes,International brands,Yes,3,Yes,,,,Yes,,Have appliances,,,,,,,Solar Home System,888,No,1,01,Paid,10480,No,Yes,24,,Reseller,591100805,,
311,9,1505.087036,Eastern Province,Ngoma,Rural,Ordinary HH,First,Yes,Electric lamp,,,No problems,No other problem,,Solar lighting system,Yes,International brands,No,1,No,,,,,,Have appliances,,,,,,,Solar Lighting product,888,No,3,01,Paid,25000,No,Yes,24,,Owner,591100905,,
312,1,1016.903386,Eastern Province,Ngoma,Rural,Ordinary HH,First,,,,,No problems,No other problem,,Solar lighting system,Yes,International brands,No,1,No,,,,,Yes,Don't have appliances,,,,,Yes,,Solar Lantern,,,3,01,Paid,28000,No,No,3,,Owner,591200105,,
312,5,1016.903386,Eastern Province,Ngoma,Rural,Ordinary HH,First,,,,,No problems,No other problem,,Solar lighting system,Yes,International brands,Yes,3,Yes,,,,,Yes,Don't have appliances,,,,,Yes,,Solar Lighting product,10,No,1,0102,Paid,21000,Yes,No,5,,Reseller,591200505,,
312,15,2024.391,Eastern Province,Ngoma,Rural,Ordinary HH,First,,,Relative/Friend,,No problems,No other problem,,Solar home system,Yes,International brands,No,5,No,,,,,Yes,Don't have appliances,,,,,Yes,,Solar Home System,888,No,2,02,For free,,,No,2,,Relative/friend,591201505,,
314,3,1890.699091,Eastern Province,Bugesera,Rural,Ordinary HH,First,,,,,No problems,No other problem,,Solar home system,Yes,International brands,Yes,3,Yes,,,,,Yes,Don't have appliances,,,,,Yes,,Solar Lighting product,10,No,1,01,Paid,52500,Yes,Yes,6,,Reseller,601400305,,
314,7,1890.699091,Eastern Province,Bugesera,Rural,Ordinary HH,second,,,Local private organizations (NGO),,No problems,No other problem,,Solar home system,No,International brands,Yes,3,Yes,,,,,Yes,Don't have appliances,,,,,Yes,,Solar Lighting product,888,No,1,01,For free,,,No,3,,Reseller,601400705,,
314,7,1890.699091,Eastern Province,Bugesera,Rural,Ordinary HH,First,,,,,No problems,No other problem,,Solar lighting system,Yes,International brands,Yes,3,No,,,,,Yes,Don't have appliances,,,,,Yes,,Solar Lighting product,888,No,1,01,Paid,10000,Yes,Yes,3,,Reseller,601400705,,
315,7,2205.921892,Eastern Province,Bugesera,Rural,Ordinary HH,First,,,Local government,,Duration of service too short,Breaks down too often,,Solar lantern,Yes,International brands,No,1,No,,,,,Yes,Don't have appliances,,,,,Yes,,Solar Lantern,,,4,01,For free,,,No,3,Yes,Other technician,601500705,,
315,7,2205.921892,Eastern Province,Bugesera,Rural,Ordinary HH,second,,,Local government,,Breaks down too often,Duration of service too short,,Solar lantern,No,International brands,No,1,No,,,,,Yes,Don't have appliances,,,,,Yes,,Solar Lantern,,,4,01,For free,,,No,3,Yes,Other technician,601500705,,
316,5,2188.705078,Eastern Province,Bugesera,Rural,Ordinary HH,second,,,,,Duration of service too short,Breaks down too often,,Solar home system,Yes,International brands,Yes,4,Yes,Yes,,,,,Have appliances,,,,,,,Solar Home System,888,No,4,0102,Paid,30000,Yes,Yes,Don't know,,Reseller,601600505,,
316,5,2188.705078,Eastern Province,Bugesera,Rural,Ordinary HH,third,,,,,No problems,No other problem,,Solar lighting system,No,International brands,No,1,No,,,,,Yes,Don't have appliances,,,,,Yes,,Solar Lantern,,,4,0102,Paid,10000,No,Yes,Don't know,No,Owner,601600505,,
316,5,2188.705078,Eastern Province,Bugesera,Rural,Ordinary HH,First,,,,,Quality of light,Recurrent cost related to solar device is too expensive,,Solar lantern,No,International brands,No,1,No,,,,,Yes,Don't have appliances,,,,,Yes,,Solar Lantern,,,4,0102,Paid,5000,No,No,2,,Owner,601600505,,
316,17,2188.705078,Eastern Province,Bugesera,Rural,Ordinary HH,First,,,Humanitarian agencies,,No problems,No other problem,,Solar home system,Yes,International brands,Yes,3,No,Yes,,,,,Have appliances,,,,,,,Solar Home System,50,No,1,01,For free,,,No,18,,Reseller,601601705,,
318,2,14.99644329,Eastern Province,Bugesera,Urban,Ordinary HH,second,Yes,Telephone,,,Duration of service too short,Recurrent cost related to solar device is too expensive,,Solar lighting system,No,International brands,Yes,3,No,,,,,,Have appliances,,,,,,,Solar Lighting product,20,No,2,01,Paid,21000,No,No,2,,Reseller,601800205,,
318,2,14.99644329,Eastern Province,Bugesera,Urban,Ordinary HH,First,Yes,Telephone,,,Duration of service too short,Recurrent cost related to solar device is too expensive,,Solar lighting system,Yes,International brands,Yes,3,No,,,,,,Have appliances,,,,,,,Solar Lighting product,20,No,2,01,Paid,21000,No,No,2,,Reseller,601800205,,
318,2,14.99644329,Eastern Province,Bugesera,Urban,Ordinary HH,third,Yes,Telephone,,,Duration of service too short,Recurrent cost related to solar device is too expensive,,Solar lighting system,No,International brands,Yes,3,No,,,,,,Have appliances,,,,,,,Solar Lighting product,20,No,2,01,Paid,21000,No,No,2,,Reseller,601800205,,
318,11,14.99644329,Eastern Province,Bugesera,Urban,Ordinary HH,second,,,,,Recurrent cost related to solar device is too expensive,Breaks down too often,,Solar lighting system,No,International brands,Yes,2,No,,,,,Yes,Don't have appliances,,,,,Yes,,Solar Lighting product,888,Yes,1,01,Paid,50000,Yes,Yes,2,No,Other technician,601801105,,
318,11,14.99644329,Eastern Province,Bugesera,Urban,Ordinary HH,First,,,,,Duration of service too short,Breaks down too often,,Solar lighting system,Yes,International brands,Yes,2,No,,,,,Yes,Don't have appliances,,,,,Yes,,Solar Lighting product,12,Yes,1,01,Paid,50000,Yes,Yes,1,No,Reseller,601801105,,
318,11,14.99644329,Eastern Province,Bugesera,Urban,Ordinary HH,third,,,,,Duration of service too short,Recurrent cost related to solar device is too expensive,,Solar home system,No,International brands,Yes,2,Yes,,,,,Yes,Don't have appliances,,,,,Yes,,Solar Lighting product,12,Yes,2,01,Paid,50000,Yes,Yes,2,,Reseller,601801105,,
319,9,2566.11,Eastern Province,Bugesera,Rural,Ordinary HH,First,,,Local private organizations (NGO),,No problems,No other problem,,Solar home system,Yes,International brands,Yes,3,Yes,,,,,Yes,Don't have appliances,,,,,Yes,,Solar Lighting product,888,No,1,01,For free,,,No,3,,Reseller,601900905,,
